order_id,customer_id,store_id,order_ts,updated_at,status,channel,promo_id,subtotal,discount_amount,tax_amount,total_amount,currency_code
O000001,C00603,S001,2026-06-28 16:35:39,2026-06-29 01:15:39,completed,store,PR002,4540,363.2,208.84,4385.64,PKR
O000002,C00312,S005,2026-08-21 08:16:59,2026-08-21 16:42:59,completed,store,,400,0.0,20.0,420.0,PKR
O000003,C00194,S003,2026-07-06 02:42:00,2026-07-06 04:50:00,completed,store,PR012,1815,90.75,86.21,1810.46,PKR
O000004,C00538,S006,2026-07-01 03:24:55,2026-07-01 09:32:55,completed,online,,10990,0.0,549.5,11539.5,PKR
O000005,C00194,S006,2026-06-27 18:13:03,2026-06-28 01:19:03,completed,online,,9860,0.0,493.0,10353.0,PKR
O000006,C00500,S002,2026-08-14 17:59:45,2026-08-15 02:38:45,completed,store,,4365,0.0,218.25,4583.25,PKR
O000007,C00631,S004,2026-08-04 05:20:34,2026-08-04 14:52:34,completed,store,,2550,0.0,127.5,2677.5,PKR
O000008,C00511,S006,2026-07-04 19:24:06,2026-07-04 19:26:06,completed,store,PR012,2790,139.5,132.53,2783.03,PKR
O000009,C00571,S005,2026-08-08 06:27:41,2026-08-08 09:06:41,completed,store,,1025,0.0,51.25,1076.25,PKR
O000010,C00573,S003,2026-06-15 08:19:52,2026-06-15 10:48:52,completed,online,PR014,4990,548.9,222.06,4663.16,PKR
O000011,C00134,S001,2026-08-27 18:30:29,2026-08-28 05:41:29,completed,store,,8500,0.0,425.0,8925.0,PKR
O000012,C00565,S006,2026-06-20 17:49:09,2026-06-21 01:51:09,completed,store,PR002,4760,380.8,218.96,4598.16,PKR
O000013,C00237,S002,2026-08-08 09:24:46,2026-08-08 09:40:46,completed,store,PR006,2630,263.0,118.35,2485.35,PKR
O000014,C00700,S003,2026-07-14 22:35:37,2026-07-15 01:53:37,completed,store,,6575,0.0,328.75,6903.75,PKR
O000015,C00407,S005,2026-08-10 05:51:57,2026-08-10 16:38:57,completed,store,,2065,0.0,103.25,2168.25,PKR
O000016,C00443,S004,2026-08-03 02:24:52,2026-08-03 14:05:52,completed,store,,6985,0.0,349.25,7334.25,PKR
O000017,C00670,S004,2026-06-24 20:18:07,2026-06-24 23:22:07,completed,online,,5295,0.0,264.75,5559.75,PKR
O000018,C00140,S005,2026-07-15 22:16:42,2026-07-16 01:31:42,completed,store,PR012,1075,53.75,51.06,1072.31,PKR
O000019,C00567,S003,2026-07-21 21:23:02,2026-07-22 07:22:02,cancelled,store,PR010,6120,300.0,291.0,6111.0,PKR
O000020,C00379,S002,2026-06-15 22:50:44,2026-06-16 02:46:44,cancelled,store,PR004,6625,993.75,281.56,5912.81,PKR
O000021,C00430,S003,2026-08-29 14:59:56,2026-08-29 16:56:56,completed,store,,6610,0.0,330.5,6940.5,PKR
O000022,C00618,S002,2026-08-27 00:17:47,2026-08-27 01:35:47,returned,store,,2140,0.0,107.0,2247.0,PKR
O000023,C00500,S002,2026-06-28 15:51:24,2026-06-28 21:07:24,completed,online,,1685,0.0,84.25,1769.25,PKR
O000024,C00165,S003,2026-07-17 16:34:27,2026-07-17 17:59:27,completed,store,,4435,0.0,221.75,4656.75,PKR
O000025,C00722,S002,2026-06-14 15:08:55,2026-06-14 20:15:55,completed,store,,4475,0.0,223.75,4698.75,PKR
O000026,C00477,S006,2026-08-21 14:47:55,2026-08-21 21:54:55,completed,store,,550,0.0,27.5,577.5,PKR
O000027,C00451,S006,2026-08-13 05:31:21,2026-08-13 06:27:21,completed,online,,7250,0.0,362.5,7612.5,PKR
O000028,C00051,S004,2026-06-25 07:28:30,2026-06-25 16:36:30,completed,store,,2175,0.0,108.75,2283.75,PKR
O000029,C00564,S001,2026-07-27 14:20:03,2026-07-27 20:49:03,cancelled,store,,2790,0.0,139.5,2929.5,PKR
O000030,C00021,S002,2026-06-23 15:34:14,2026-06-23 19:12:14,completed,online,,5410,0.0,270.5,5680.5,PKR
O000031,C00352,S003,2026-06-18 19:23:14,2026-06-19 03:12:14,completed,store,PR014,4420,486.2,196.69,4130.49,PKR
O000032,C00261,S002,2026-06-08 12:18:41,2026-06-08 21:54:41,completed,store,PR008,6870,250.0,331.0,6951.0,PKR
O000033,C00331,S001,2026-06-19 23:34:42,2026-06-20 02:45:42,completed,store,,895,0.0,44.75,939.75,PKR
O000034,C00215,S002,2026-06-27 10:19:47,2026-06-27 14:34:47,cancelled,store,PR002,1330,106.4,61.18,1284.78,PKR
O000035,C00720,S005,2026-07-22 10:56:07,2026-07-22 19:53:07,completed,store,,3720,0.0,186.0,3906.0,PKR
O000036,C00015,S002,2026-07-09 19:11:05,2026-07-09 23:58:05,cancelled,store,PR011,10360,621.6,486.92,10225.32,PKR
O000037,C00675,S004,2026-06-19 17:09:34,2026-06-20 04:23:34,completed,store,PR003,4660,559.2,205.04,4305.84,PKR
O000038,C00401,S002,2026-07-21 00:52:38,2026-07-21 06:50:38,completed,store,,4325,0.0,216.25,4541.25,PKR
O000039,C00721,S003,2026-08-07 13:50:19,2026-08-08 00:53:19,completed,online,,1050,0.0,52.5,1102.5,PKR
O000040,C00339,S005,2026-07-27 17:42:05,2026-07-28 04:43:05,completed,store,PR013,3840,153.6,184.32,3870.72,PKR
O000041,C00183,S006,2026-07-15 09:30:17,2026-07-15 20:51:17,completed,store,,5465,0.0,273.25,5738.25,PKR
O000042,C00545,S002,2026-06-26 13:08:50,2026-06-26 18:08:50,completed,store,,3045,0.0,152.25,3197.25,PKR
O000043,C00213,S002,2026-06-10 20:41:14,2026-06-10 21:31:14,completed,store,,6225,0.0,311.25,6536.25,PKR
O000044,C00427,S006,2026-07-14 13:40:23,2026-07-14 23:53:23,completed,store,,1080,0.0,54.0,1134.0,PKR
O000045,C00679,S005,2026-07-06 07:52:01,2026-07-06 17:51:01,completed,store,,1750,0.0,87.5,1837.5,PKR
O000046,C00166,S006,2026-08-26 05:29:48,2026-08-26 12:36:48,completed,store,,555,0.0,27.75,582.75,PKR
O000047,C00356,S003,2026-08-03 03:43:58,2026-08-03 13:14:58,completed,store,PR013,2515,100.6,120.72,2535.12,PKR
O000048,C00079,S005,2026-06-11 19:00:37,2026-06-12 02:51:37,completed,store,PR003,3790,454.8,166.76,3501.96,PKR
O000049,C00189,S004,2026-08-15 03:03:31,2026-08-15 04:51:31,completed,store,,5630,0.0,281.5,5911.5,PKR
O000050,C00243,S003,2026-06-27 05:29:58,2026-06-27 11:59:58,completed,store,,3650,0.0,182.5,3832.5,PKR
O000051,C00267,S005,2026-07-28 23:46:08,2026-07-29 03:48:08,completed,store,,3330,0.0,166.5,3496.5,PKR
O000052,C00281,S006,2026-08-11 07:51:10,2026-08-11 16:26:10,completed,store,,2175,0.0,108.75,2283.75,PKR
O000053,C00519,S005,2026-08-03 15:02:57,2026-08-03 17:48:57,completed,store,,5455,0.0,272.75,5727.75,PKR
O000054,C00165,S004,2026-07-25 23:00:42,2026-07-26 08:03:42,completed,store,PR013,7080,283.2,339.84,7136.64,PKR
O000055,C00724,S005,2026-07-11 00:34:27,2026-07-11 08:19:27,completed,store,,265,0.0,13.25,278.25,PKR
O000056,C00375,S003,2026-07-25 02:47:37,2026-07-25 09:48:37,completed,store,PR015,985,246.25,36.94,775.69,PKR
O000057,C00429,S006,2026-07-12 09:51:15,2026-07-12 19:16:15,completed,online,,3800,0.0,190.0,3990.0,PKR
O000058,C00668,S002,2026-07-25 05:08:29,2026-07-25 07:55:29,completed,store,PR012,2760,138.0,131.1,2753.1,PKR
O000059,C00256,S002,2026-06-18 10:26:31,2026-06-18 12:14:31,completed,online,,375,0.0,18.75,393.75,PKR
O000060,C00155,S002,2026-08-14 21:40:53,2026-08-15 00:58:53,completed,online,,5300,0.0,265.0,5565.0,PKR
O000061,C00727,S006,2026-08-21 01:18:41,2026-08-21 03:36:41,completed,store,,2850,0.0,142.5,2992.5,PKR
O000062,C00553,S005,2026-06-13 13:24:41,2026-06-14 00:23:41,completed,online,PR002,7300,584.0,335.8,7051.8,PKR
O000063,C00614,S003,2026-06-06 05:35:34,2026-06-06 16:04:34,completed,store,,4440,0.0,222.0,4662.0,PKR
O000064,C00106,S002,2026-07-24 08:05:07,2026-07-24 11:21:07,completed,store,,2150,0.0,107.5,2257.5,PKR
O000065,C00727,S001,2026-06-11 07:12:36,2026-06-11 12:30:36,completed,store,PR002,3840,307.2,176.64,3709.44,PKR
O000066,C00545,S005,2026-06-17 23:33:57,2026-06-18 03:41:57,completed,store,,3210,0.0,160.5,3370.5,PKR
O000067,C00074,S006,2026-06-15 23:56:54,2026-06-16 10:07:54,completed,store,,1765,0.0,88.25,1853.25,PKR
O000068,C00034,S001,2026-07-15 03:06:19,2026-07-15 07:51:19,completed,store,,745,0.0,37.25,782.25,PKR
O000069,C00551,S006,2026-08-01 18:32:34,2026-08-02 00:47:34,completed,online,PR013,6735,269.4,323.28,6788.88,PKR
O000070,C00566,S006,2026-06-05 15:30:49,2026-06-05 19:30:49,completed,store,,2775,0.0,138.75,2913.75,PKR
O000071,C00361,S006,2026-07-02 09:37:08,2026-07-02 17:09:08,completed,store,PR002,2310,184.8,106.26,2231.46,PKR
O000072,C00528,S002,2026-08-16 03:51:48,2026-08-16 12:54:48,completed,store,,6630,0.0,331.5,6961.5,PKR
O000073,C00002,S004,2026-08-07 02:43:56,2026-08-07 03:45:56,completed,store,,4450,0.0,222.5,4672.5,PKR
O000074,C00610,S003,2026-07-13 14:22:42,2026-07-13 14:48:42,completed,online,,2420,0.0,121.0,2541.0,PKR
O000075,C00484,S005,2026-08-12 15:26:22,2026-08-12 19:47:22,completed,store,,1645,0.0,82.25,1727.25,PKR
O000076,C00276,S006,2026-07-16 06:13:59,2026-07-16 12:16:59,completed,store,,5470,0.0,273.5,5743.5,PKR
O000077,C00692,S006,2026-07-23 02:37:03,2026-07-23 10:16:03,completed,store,,550,0.0,27.5,577.5,PKR
O000078,C00668,S002,2026-07-16 12:08:12,2026-07-16 14:45:12,completed,store,PR012,755,37.75,35.86,753.11,PKR
O000079,C00316,S006,2026-06-15 20:06:11,2026-06-15 23:06:11,completed,store,PR005,6475,453.25,301.09,6322.84,PKR
O000080,C00202,S006,2026-08-16 17:49:26,2026-08-16 19:18:26,completed,store,PR001,7305,730.5,328.73,6903.23,PKR
O000081,C00496,S005,2026-07-18 01:30:28,2026-07-18 11:57:28,completed,store,PR012,7530,376.5,357.68,7511.18,PKR
O000082,C00560,S002,2026-08-26 20:42:48,2026-08-26 21:01:48,completed,store,,1960,0.0,98.0,2058.0,PKR
O000083,C00292,S001,2026-06-14 14:15:22,2026-06-14 16:43:22,completed,store,PR005,5595,391.65,260.17,5463.52,PKR
O000084,C00663,S003,2026-07-19 19:40:42,2026-07-19 20:34:42,completed,store,PR010,4580,300.0,214.0,4494.0,PKR
O000085,C00545,S004,2026-08-01 18:02:22,2026-08-01 23:19:22,completed,store,PR006,6800,680.0,306.0,6426.0,PKR
O000086,C00265,S004,2026-08-30 14:14:37,2026-08-30 15:07:37,completed,store,PR001,3480,348.0,156.6,3288.6,PKR
O000087,C00530,S002,2026-08-24 05:56:29,2026-08-24 07:59:29,completed,store,,815,0.0,40.75,855.75,PKR
O000088,C00518,S005,2026-06-10 17:42:33,2026-06-11 03:06:33,completed,store,,3400,0.0,170.0,3570.0,PKR
O000089,C00265,S004,2026-06-19 09:57:26,2026-06-19 21:41:26,completed,store,PR004,1445,216.75,61.41,1289.66,PKR
O000090,C00279,S001,2026-08-24 15:55:51,2026-08-24 19:30:51,completed,online,PR009,3200,300.0,145.0,3045.0,PKR
O000091,C00326,S003,2026-08-17 15:58:23,2026-08-17 17:29:23,completed,store,,1730,0.0,86.5,1816.5,PKR
O000092,C00636,S002,2026-08-23 11:02:41,2026-08-23 21:18:41,cancelled,store,,1080,0.0,54.0,1134.0,PKR
O000093,C00022,S002,2026-06-01 14:07:11,2026-06-01 21:32:11,completed,store,,3380,0.0,169.0,3549.0,PKR
O000094,C00318,S002,2026-07-12 16:09:54,2026-07-12 21:04:54,completed,store,PR011,1530,91.8,71.91,1510.11,PKR
O000095,C00333,S001,2026-07-26 17:50:15,2026-07-26 22:00:15,completed,store,,7410,0.0,370.5,7780.5,PKR
O000096,C00530,S005,2026-07-09 05:02:08,2026-07-09 16:25:08,completed,store,,5090,0.0,254.5,5344.5,PKR
O000097,C00001,S003,2026-07-18 19:46:35,2026-07-19 07:46:35,completed,store,PR015,785,196.25,29.44,618.19,PKR
O000098,C00057,S005,2026-06-19 01:57:37,2026-06-19 03:36:37,completed,store,,3100,0.0,155.0,3255.0,PKR
O000099,C00559,S003,2026-06-29 00:19:08,2026-06-29 11:34:08,cancelled,store,,3195,0.0,159.75,3354.75,PKR
O000100,C00446,S001,2026-06-18 05:01:22,2026-06-18 15:59:22,completed,store,,10385,0.0,519.25,10904.25,PKR
O000101,C00345,S002,2026-08-15 16:18:11,2026-08-15 18:18:11,completed,online,,2220,0.0,111.0,2331.0,PKR
O000102,C00272,S006,2026-08-18 01:06:09,2026-08-18 05:24:09,completed,store,PR009,5245,300.0,247.25,5192.25,PKR
O000103,C00750,S004,2026-06-14 00:35:26,2026-06-14 07:47:26,completed,store,,6380,0.0,319.0,6699.0,PKR
O000104,C00409,S004,2026-08-05 10:09:33,2026-08-05 12:34:33,completed,online,,10415,0.0,520.75,10935.75,PKR
O000105,C00522,S001,2026-06-23 17:52:09,2026-06-23 22:33:09,completed,store,PR003,2255,270.6,99.22,2083.62,PKR
O000106,C00247,S003,2026-07-08 21:38:13,2026-07-08 23:47:13,completed,online,,4705,0.0,235.25,4940.25,PKR
O000107,C00591,S005,2026-08-31 14:33:36,2026-08-31 20:12:36,completed,store,,1840,0.0,92.0,1932.0,PKR
O000108,C00152,S001,2026-06-14 14:42:47,2026-06-15 01:25:47,completed,store,,1255,0.0,62.75,1317.75,PKR
O000109,C00697,S005,2026-06-04 04:29:17,2026-06-04 12:53:17,completed,online,PR005,2100,147.0,97.65,2050.65,PKR
O000110,C00190,S006,2026-08-25 06:08:22,2026-08-25 07:58:22,completed,store,,1385,0.0,69.25,1454.25,PKR
O000111,C00087,S005,2026-08-08 12:31:56,2026-08-08 21:39:56,completed,store,,5660,0.0,283.0,5943.0,PKR
O000112,C00591,S003,2026-08-02 15:21:41,2026-08-02 21:36:41,completed,online,,550,0.0,27.5,577.5,PKR
O000113,C00374,S001,2026-08-27 00:53:35,2026-08-27 11:14:35,completed,store,,1930,0.0,96.5,2026.5,PKR
O000114,C00103,S001,2026-07-29 03:38:48,2026-07-29 06:43:48,cancelled,store,,2495,0.0,124.75,2619.75,PKR
O000115,C00325,S003,2026-08-16 08:44:53,2026-08-16 17:50:53,cancelled,store,,385,0.0,19.25,404.25,PKR
O000116,C00730,S002,2026-06-29 13:35:36,2026-06-29 21:54:36,completed,store,,3300,0.0,165.0,3465.0,PKR
O000117,C00358,S005,2026-08-03 05:24:17,2026-08-03 15:42:17,completed,store,,200,0.0,10.0,210.0,PKR
O000118,C00341,S002,2026-07-25 19:17:49,2026-07-25 19:32:49,completed,online,,7245,0.0,362.25,7607.25,PKR
O000119,C00710,S006,2026-08-11 23:13:19,2026-08-12 05:33:19,completed,store,PR013,6715,268.6,322.32,6768.72,PKR
O000120,C00185,S006,2026-07-19 13:46:25,2026-07-19 16:07:25,completed,store,,3320,0.0,166.0,3486.0,PKR
O000121,C00427,S004,2026-08-22 19:22:28,2026-08-23 03:15:28,completed,store,PR001,3980,398.0,179.1,3761.1,PKR
O000122,C00094,S002,2026-07-08 06:42:02,2026-07-08 14:10:02,completed,store,PR011,750,45.0,35.25,740.25,PKR
O000123,C00046,S004,2026-06-08 13:53:58,2026-06-08 15:59:58,completed,store,,4640,0.0,232.0,4872.0,PKR
O000124,C00229,S004,2026-08-16 22:34:12,2026-08-17 01:33:12,completed,store,PR001,2610,261.0,117.45,2466.45,PKR
O000125,C00237,S006,2026-07-23 11:09:52,2026-07-23 22:17:52,completed,store,,3650,0.0,182.5,3832.5,PKR
O000126,C00337,S004,2026-07-29 18:07:43,2026-07-29 21:14:43,completed,online,,3270,0.0,163.5,3433.5,PKR
O000127,C00120,S004,2026-08-13 21:26:38,2026-08-14 04:44:38,completed,store,,1170,0.0,58.5,1228.5,PKR
O000128,C00485,S003,2026-06-08 20:03:56,2026-06-09 05:21:56,completed,store,,4870,0.0,243.5,5113.5,PKR
O000129,C00429,S001,2026-07-12 22:23:02,2026-07-13 08:35:02,completed,store,,2440,0.0,122.0,2562.0,PKR
O000130,C00647,S004,2026-06-15 07:38:55,2026-06-15 12:11:55,completed,store,,1635,0.0,81.75,1716.75,PKR
O000131,C00567,S005,2026-08-16 00:48:58,2026-08-16 02:45:58,completed,store,,5070,0.0,253.5,5323.5,PKR
O000132,C00215,S003,2026-07-29 14:54:19,2026-07-29 18:49:19,completed,store,PR015,2760,400.0,118.0,2478.0,PKR
O000133,C00075,S003,2026-07-11 02:18:09,2026-07-11 07:57:09,completed,store,PR011,490,29.4,23.03,483.63,PKR
O000134,C00742,S002,2026-06-02 17:26:55,2026-06-03 01:59:55,completed,online,,1530,0.0,76.5,1606.5,PKR
O000135,C00615,S002,2026-06-16 00:04:20,2026-06-16 02:54:20,completed,store,,7785,0.0,389.25,8174.25,PKR
O000136,C00053,S001,2026-06-21 19:34:59,2026-06-21 20:57:59,completed,store,PR005,3900,273.0,181.35,3808.35,PKR
O000137,C00636,S002,2026-06-03 22:48:08,2026-06-04 02:25:08,completed,store,,4795,0.0,239.75,5034.75,PKR
O000138,C00574,S005,2026-06-29 16:34:18,2026-06-29 16:56:18,completed,store,,1915,0.0,95.75,2010.75,PKR
O000139,C00469,S001,2026-08-17 14:45:10,2026-08-18 00:17:10,completed,store,,3505,0.0,175.25,3680.25,PKR
O000140,C00375,S002,2026-06-26 16:15:11,2026-06-26 22:31:11,completed,store,,2685,0.0,134.25,2819.25,PKR
O000141,C00693,S002,2026-07-10 22:23:14,2026-07-10 22:24:14,completed,store,,6385,0.0,319.25,6704.25,PKR
O000142,C00504,S003,2026-07-01 18:38:05,2026-07-01 23:01:05,completed,store,,1880,0.0,94.0,1974.0,PKR
O000143,C00717,S006,2026-08-22 18:20:42,2026-08-22 22:43:42,completed,store,,4210,0.0,210.5,4420.5,PKR
O000144,C00234,S003,2026-07-20 19:38:13,2026-07-21 05:44:13,completed,store,,6795,0.0,339.75,7134.75,PKR
O000145,C00293,S005,2026-07-28 13:53:22,2026-07-29 01:44:22,completed,store,PR013,595,23.8,28.56,599.76,PKR
O000146,C00566,S005,2026-08-11 09:12:57,2026-08-11 15:45:57,completed,store,PR013,13180,527.2,632.64,13285.44,PKR
O000147,C00146,S002,2026-07-26 16:21:37,2026-07-27 00:48:37,completed,store,PR015,3190,400.0,139.5,2929.5,PKR
O000148,C00261,S001,2026-06-20 13:12:56,2026-06-20 14:00:56,completed,store,PR002,3275,262.0,150.65,3163.65,PKR
O000149,C00671,S002,2026-06-22 01:33:40,2026-06-22 12:07:40,completed,store,,970,0.0,48.5,1018.5,PKR
O000150,C00556,S005,2026-06-21 16:49:56,2026-06-21 19:37:56,completed,store,,1800,0.0,90.0,1890.0,PKR
O000151,C00647,S002,2026-06-02 18:13:51,2026-06-02 22:00:51,completed,store,,7435,0.0,371.75,7806.75,PKR
O000152,C00461,S001,2026-06-14 15:03:36,2026-06-14 21:09:36,completed,store,PR014,1560,171.6,69.42,1457.82,PKR
O000153,C00540,S002,2026-08-11 10:57:41,2026-08-11 20:06:41,completed,store,,1840,0.0,92.0,1932.0,PKR
O000154,C00218,S001,2026-08-26 13:05:27,2026-08-26 22:57:27,completed,store,,5675,0.0,283.75,5958.75,PKR
O000155,C00356,S001,2026-08-09 15:57:50,2026-08-09 20:12:50,completed,online,,1955,0.0,97.75,2052.75,PKR
O000156,C00196,S001,2026-07-30 10:47:23,2026-07-30 15:07:23,completed,store,PR015,2220,400.0,91.0,1911.0,PKR
O000157,C00162,S003,2026-08-22 04:34:50,2026-08-22 08:30:50,cancelled,store,,3065,0.0,153.25,3218.25,PKR
O000158,C00500,S001,2026-07-16 11:39:42,2026-07-16 11:53:42,completed,store,PR011,9215,552.9,433.11,9095.21,PKR
O000159,C00002,S005,2026-08-14 03:09:51,2026-08-14 07:53:51,completed,store,,810,0.0,40.5,850.5,PKR
O000160,C00555,S001,2026-07-23 12:03:41,2026-07-23 14:24:41,completed,store,,2210,0.0,110.5,2320.5,PKR
O000161,C00675,S006,2026-07-08 17:50:14,2026-07-09 00:58:14,completed,store,PR011,810,48.6,38.07,799.47,PKR
O000162,C00135,S001,2026-08-05 08:36:42,2026-08-05 19:10:42,completed,store,,5060,0.0,253.0,5313.0,PKR
O000163,C00166,S003,2026-06-30 09:19:09,2026-06-30 16:54:09,completed,store,,4350,0.0,217.5,4567.5,PKR
O000164,C00576,S002,2026-08-02 19:07:20,2026-08-03 03:56:20,completed,store,,4125,0.0,206.25,4331.25,PKR
O000165,C00109,S002,2026-07-22 12:48:02,2026-07-22 21:31:02,cancelled,store,,760,0.0,38.0,798.0,PKR
O000166,C00612,S004,2026-07-11 01:18:41,2026-07-11 03:00:41,completed,store,PR012,6630,331.5,314.93,6613.43,PKR
O000167,C00221,S003,2026-07-03 03:18:35,2026-07-03 04:19:35,completed,store,,3795,0.0,189.75,3984.75,PKR
O000168,C00639,S005,2026-07-05 18:52:38,2026-07-06 00:03:38,completed,store,,2045,0.0,102.25,2147.25,PKR
O000169,C00039,S003,2026-07-11 04:49:07,2026-07-11 11:06:07,completed,store,PR011,7100,426.0,333.7,7007.7,PKR
O000170,C00017,S002,2026-06-20 11:00:09,2026-06-20 17:55:09,completed,store,PR003,3145,377.4,138.38,2905.98,PKR
O000171,C00095,S005,2026-06-14 13:32:20,2026-06-14 15:09:20,completed,store,,3985,0.0,199.25,4184.25,PKR
O000172,C00391,S001,2026-07-06 13:52:22,2026-07-06 18:22:22,completed,store,PR011,1340,80.4,62.98,1322.58,PKR
O000173,C00455,S001,2026-07-12 07:05:22,2026-07-12 14:09:22,completed,online,,5690,0.0,284.5,5974.5,PKR
O000174,C00515,S004,2026-06-15 23:08:19,2026-06-16 02:28:19,completed,store,,4960,0.0,248.0,5208.0,PKR
O000175,C00392,S006,2026-06-29 08:19:58,2026-06-29 16:13:58,returned,store,,1045,0.0,52.25,1097.25,PKR
O000176,C00107,S003,2026-07-31 06:50:31,2026-07-31 07:10:31,completed,store,,3290,0.0,164.5,3454.5,PKR
O000177,C00309,S002,2026-07-11 05:17:47,2026-07-11 14:44:47,completed,store,PR010,910,227.5,34.12,716.62,PKR
O000178,C00204,S005,2026-08-08 13:22:55,2026-08-08 23:37:55,completed,store,,1730,0.0,86.5,1816.5,PKR
O000179,C00316,S006,2026-07-05 14:26:44,2026-07-06 01:12:44,completed,store,PR011,2695,161.7,126.67,2659.97,PKR
O000180,C00631,S005,2026-06-29 09:41:52,2026-06-29 12:55:52,completed,online,,10505,0.0,525.25,11030.25,PKR
O000181,C00688,S003,2026-06-08 17:12:58,2026-06-08 23:22:58,cancelled,store,,3750,0.0,187.5,3937.5,PKR
O000182,C00048,S005,2026-08-26 05:29:12,2026-08-26 15:54:12,completed,store,,1840,0.0,92.0,1932.0,PKR
O000183,C00565,S006,2026-07-26 07:28:12,2026-07-26 17:17:12,completed,online,,1410,0.0,70.5,1480.5,PKR
O000184,C00280,S002,2026-07-28 20:56:14,2026-07-29 01:21:14,completed,store,,4240,0.0,212.0,4452.0,PKR
O000185,C00125,S006,2026-07-01 21:34:12,2026-07-02 04:04:12,completed,store,PR002,2460,196.8,113.16,2376.36,PKR
O000186,C00227,S005,2026-08-25 21:42:34,2026-08-26 02:01:34,completed,store,PR001,5030,503.0,226.35,4753.35,PKR
O000187,C00382,S006,2026-08-28 13:13:00,2026-08-28 20:12:00,cancelled,online,PR001,1855,185.5,83.48,1752.98,PKR
O000188,C00639,S002,2026-08-30 04:56:57,2026-08-30 11:45:57,completed,store,,2875,0.0,143.75,3018.75,PKR
O000189,C00062,S003,2026-08-17 01:28:53,2026-08-17 04:37:53,completed,store,PR009,2885,300.0,129.25,2714.25,PKR
O000190,C00693,S003,2026-08-10 13:29:26,2026-08-11 01:12:26,completed,store,PR006,3015,301.5,135.68,2849.18,PKR
O000191,C00334,S004,2026-06-18 16:35:00,2026-06-19 01:39:00,completed,store,,4810,0.0,240.5,5050.5,PKR
O000192,C00605,S003,2026-07-20 00:36:40,2026-07-20 08:55:40,completed,online,PR015,1450,362.5,54.38,1141.88,PKR
O000193,C00369,S004,2026-06-20 09:15:04,2026-06-20 10:44:04,completed,online,,550,0.0,27.5,577.5,PKR
O000194,C00142,S004,2026-08-24 11:14:07,2026-08-24 16:51:07,completed,store,,940,0.0,47.0,987.0,PKR
O000195,C00284,S005,2026-07-06 22:52:36,2026-07-07 02:55:36,completed,store,PR011,5150,309.0,242.05,5083.05,PKR
O000196,C00166,S005,2026-07-07 17:58:11,2026-07-08 00:30:11,completed,store,,9860,0.0,493.0,10353.0,PKR
O000197,C00306,S006,2026-06-16 07:40:00,2026-06-16 14:21:00,completed,store,PR005,3580,250.6,166.47,3495.87,PKR
O000198,C00057,S005,2026-08-23 11:17:17,2026-08-23 21:17:17,completed,store,PR009,10280,300.0,499.0,10479.0,PKR
O000199,C00652,S004,2026-06-21 05:46:39,2026-06-21 15:37:39,completed,store,PR003,1895,227.4,83.38,1750.98,PKR
O000200,C00707,S006,2026-06-24 19:19:31,2026-06-25 02:27:31,completed,online,,4465,0.0,223.25,4688.25,PKR
O000201,C00089,S005,2026-06-06 07:10:51,2026-06-06 14:30:51,completed,store,,2115,0.0,105.75,2220.75,PKR
O000202,C00295,S002,2026-07-12 04:06:28,2026-07-12 12:26:28,completed,store,PR010,2230,300.0,96.5,2026.5,PKR
O000203,C00024,S005,2026-07-06 19:25:31,2026-07-06 20:47:31,completed,store,,850,0.0,42.5,892.5,PKR
O000204,C00582,S006,2026-08-28 04:24:48,2026-08-28 11:02:48,completed,store,,4165,0.0,208.25,4373.25,PKR
O000205,C00237,S004,2026-06-04 05:16:11,2026-06-04 12:30:11,completed,store,,1585,0.0,79.25,1664.25,PKR
O000206,C00362,S006,2026-06-14 16:10:42,2026-06-14 19:14:42,completed,store,,5950,0.0,297.5,6247.5,PKR
O000207,C00406,S006,2026-06-21 03:01:44,2026-06-21 07:25:44,completed,store,PR014,2980,327.8,132.61,2784.81,PKR
O000208,C00369,S001,2026-07-25 21:15:02,2026-07-26 07:53:02,completed,store,PR013,5325,213.0,255.6,5367.6,PKR
O000209,C00441,S003,2026-08-20 06:20:29,2026-08-20 08:27:29,completed,store,PR001,4375,437.5,196.88,4134.38,PKR
O000210,C00706,S005,2026-06-21 05:32:07,2026-06-21 13:52:07,completed,store,PR002,5575,446.0,256.45,5385.45,PKR
O000211,C00486,S002,2026-07-26 10:00:27,2026-07-26 18:39:27,completed,store,,2795,0.0,139.75,2934.75,PKR
O000212,C00491,S004,2026-06-19 22:44:00,2026-06-20 07:24:00,completed,store,,1895,0.0,94.75,1989.75,PKR
O000213,C00733,S002,2026-07-08 21:28:50,2026-07-09 02:13:50,completed,online,,3440,0.0,172.0,3612.0,PKR
O000214,C00490,S001,2026-07-02 15:54:55,2026-07-02 22:04:55,completed,store,,6680,0.0,334.0,7014.0,PKR
O000215,C00419,S006,2026-07-07 04:01:55,2026-07-07 09:31:55,completed,store,,8965,0.0,448.25,9413.25,PKR
O000216,C00735,S006,2026-08-06 22:55:15,2026-08-07 07:15:15,completed,online,,7300,0.0,365.0,7665.0,PKR
O000217,C00734,S006,2026-06-06 17:40:58,2026-06-06 19:30:58,completed,online,,2875,0.0,143.75,3018.75,PKR
O000218,C00183,S004,2026-08-23 09:54:41,2026-08-23 10:42:41,completed,online,,6175,0.0,308.75,6483.75,PKR
O000219,C00014,S002,2026-07-19 20:49:04,2026-07-20 04:13:04,completed,store,PR010,585,146.25,21.94,460.69,PKR
O000220,C00708,S005,2026-07-18 22:01:59,2026-07-19 01:05:59,completed,store,,2400,0.0,120.0,2520.0,PKR
O000221,C00710,S004,2026-07-26 17:58:48,2026-07-27 00:02:48,completed,store,PR015,7315,400.0,345.75,7260.75,PKR
O000222,C00156,S004,2026-08-02 00:55:34,2026-08-02 04:36:34,completed,store,,2640,0.0,132.0,2772.0,PKR
O000223,C00497,S003,2026-08-28 12:54:32,2026-08-28 13:14:32,completed,store,,4985,0.0,249.25,5234.25,PKR
O000224,C00719,S002,2026-06-08 19:26:07,2026-06-08 21:24:07,completed,store,,1320,0.0,66.0,1386.0,PKR
O000225,C00143,S006,2026-08-29 23:52:31,2026-08-30 08:40:31,completed,store,PR001,6810,681.0,306.45,6435.45,PKR
O000226,C00176,S001,2026-06-02 20:30:19,2026-06-03 02:16:19,completed,store,PR008,2545,250.0,114.75,2409.75,PKR
O000227,C00598,S001,2026-07-13 02:09:01,2026-07-13 05:28:01,completed,store,,5620,0.0,281.0,5901.0,PKR
O000228,C00434,S001,2026-06-13 12:08:11,2026-06-13 18:07:11,completed,online,,14330,0.0,716.5,15046.5,PKR
O000229,C00004,S002,2026-06-08 23:59:28,2026-06-09 09:49:28,completed,store,,3030,0.0,151.5,3181.5,PKR
O000230,C00251,S001,2026-08-13 01:03:27,2026-08-13 02:05:27,completed,store,,5515,0.0,275.75,5790.75,PKR
O000231,C00657,S006,2026-08-11 16:22:53,2026-08-12 03:57:53,completed,store,,9205,0.0,460.25,9665.25,PKR
O000232,C00645,S002,2026-08-14 08:34:20,2026-08-14 13:36:20,completed,store,PR009,2420,300.0,106.0,2226.0,PKR
O000233,C00443,S005,2026-07-06 18:57:14,2026-07-07 03:25:14,returned,store,,7440,0.0,372.0,7812.0,PKR
O000234,C00389,S004,2026-06-29 13:50:44,2026-06-30 01:12:44,completed,store,,4930,0.0,246.5,5176.5,PKR
O000235,C00163,S004,2026-06-18 06:18:44,2026-06-18 16:02:44,completed,store,,7010,0.0,350.5,7360.5,PKR
O000236,C00453,S002,2026-06-01 21:56:34,2026-06-01 22:07:34,completed,store,PR008,6880,250.0,331.5,6961.5,PKR
O000237,C00472,S003,2026-08-29 01:28:54,2026-08-29 10:34:54,completed,store,,7115,0.0,355.75,7470.75,PKR
O000238,C00228,S005,2026-07-08 01:19:46,2026-07-08 06:03:46,completed,online,,3305,0.0,165.25,3470.25,PKR
O000239,C00395,S004,2026-06-12 13:17:01,2026-06-12 19:38:01,completed,store,PR003,3090,370.8,135.96,2855.16,PKR
O000240,C00448,S003,2026-07-21 13:26:28,2026-07-21 21:55:28,completed,store,PR012,3820,191.0,181.45,3810.45,PKR
O000241,C00172,S006,2026-07-10 00:03:41,2026-07-10 07:59:41,completed,store,PR007,2715,244.35,123.53,2594.18,PKR
O000242,C00204,S004,2026-07-18 02:34:03,2026-07-18 10:11:03,completed,store,PR015,5645,400.0,262.25,5507.25,PKR
O000243,C00021,S004,2026-07-24 08:33:14,2026-07-24 17:14:14,completed,online,,6730,0.0,336.5,7066.5,PKR
O000244,C00246,S002,2026-06-03 15:58:07,2026-06-04 02:24:07,returned,store,,3580,0.0,179.0,3759.0,PKR
O000245,C00429,S003,2026-07-25 00:44:11,2026-07-25 03:42:11,returned,store,PR015,4395,400.0,199.75,4194.75,PKR
O000246,C00035,S003,2026-08-27 01:39:57,2026-08-27 07:50:57,completed,store,,3885,0.0,194.25,4079.25,PKR
O000247,C00181,S006,2026-06-02 07:29:14,2026-06-02 17:08:14,completed,online,PR008,2615,250.0,118.25,2483.25,PKR
O000248,C00172,S006,2026-07-12 04:38:26,2026-07-12 11:19:26,completed,store,PR011,1405,84.3,66.04,1386.74,PKR
O000249,C00387,S003,2026-06-03 10:57:16,2026-06-03 14:44:16,completed,store,PR008,475,118.75,17.81,374.06,PKR
O000250,C00076,S006,2026-06-11 12:16:24,2026-06-11 21:51:24,completed,store,,7605,0.0,380.25,7985.25,PKR
O000251,C00670,S006,2026-08-29 00:02:46,2026-08-29 03:24:46,completed,store,,1790,0.0,89.5,1879.5,PKR
O000252,C00119,S004,2026-06-06 17:44:23,2026-06-06 20:20:23,completed,store,,1960,0.0,98.0,2058.0,PKR
O000253,C00429,S005,2026-06-10 22:19:45,2026-06-10 23:05:45,completed,store,,2420,0.0,121.0,2541.0,PKR
O000254,C00037,S003,2026-06-02 08:39:59,2026-06-02 17:11:59,completed,store,PR008,960,240.0,36.0,756.0,PKR
O000255,C00196,S001,2026-06-14 10:17:45,2026-06-14 18:56:45,completed,store,PR005,4345,304.15,202.04,4242.89,PKR
O000256,C00266,S002,2026-08-23 06:57:48,2026-08-23 16:49:48,completed,store,,4530,0.0,226.5,4756.5,PKR
O000257,C00177,S003,2026-07-11 10:50:17,2026-07-11 19:32:17,completed,store,PR015,12935,400.0,626.75,13161.75,PKR
O000258,C00577,S001,2026-07-24 11:53:59,2026-07-24 22:42:59,completed,store,PR015,1805,400.0,70.25,1475.25,PKR
O000259,C00154,S005,2026-06-26 03:59:33,2026-06-26 10:21:33,completed,store,,5100,0.0,255.0,5355.0,PKR
O000260,C00056,S006,2026-06-21 13:54:56,2026-06-21 15:38:56,cancelled,online,,3610,0.0,180.5,3790.5,PKR
O000261,C00695,S004,2026-07-05 13:28:59,2026-07-05 21:42:59,completed,store,,1975,0.0,98.75,2073.75,PKR
O000262,C00573,S001,2026-07-25 07:49:55,2026-07-25 16:54:55,completed,store,,3720,0.0,186.0,3906.0,PKR
O000263,C00036,S002,2026-07-03 16:49:22,2026-07-04 00:07:22,completed,store,PR007,645,58.05,29.35,616.3,PKR
O000264,C00051,S005,2026-07-16 12:59:49,2026-07-16 14:10:49,cancelled,store,,9150,0.0,457.5,9607.5,PKR
O000265,C00447,S005,2026-07-23 11:08:08,2026-07-23 11:40:08,completed,store,,3430,0.0,171.5,3601.5,PKR
O000266,C00744,S003,2026-07-25 06:55:59,2026-07-25 14:50:59,completed,store,,1745,0.0,87.25,1832.25,PKR
O000267,C00474,S001,2026-08-21 06:53:47,2026-08-21 08:45:47,completed,store,PR009,3730,300.0,171.5,3601.5,PKR
O000268,C00025,S006,2026-07-31 09:29:05,2026-07-31 16:35:05,completed,store,PR013,8210,328.4,394.08,8275.68,PKR
O000269,C00547,S002,2026-06-27 18:54:55,2026-06-28 06:03:55,completed,store,,4305,0.0,215.25,4520.25,PKR
O000270,C00437,S001,2026-07-17 06:39:59,2026-07-17 14:31:59,completed,store,PR012,4625,231.25,219.69,4613.44,PKR
O000271,C00285,S001,2026-07-29 23:53:26,2026-07-30 00:30:26,completed,store,,3130,0.0,156.5,3286.5,PKR
O000272,C00064,S005,2026-08-17 10:56:07,2026-08-17 16:09:07,completed,online,,185,0.0,9.25,194.25,PKR
O000273,C00667,S006,2026-07-14 21:14:56,2026-07-15 08:18:56,completed,store,,2400,0.0,120.0,2520.0,PKR
O000274,C00643,S003,2026-06-18 11:10:04,2026-06-18 20:53:04,completed,store,,3525,0.0,176.25,3701.25,PKR
O000275,C00307,S006,2026-08-29 09:13:01,2026-08-29 15:03:01,completed,store,,5070,0.0,253.5,5323.5,PKR
O000276,C00399,S002,2026-08-18 12:08:50,2026-08-18 22:59:50,completed,online,,7655,0.0,382.75,8037.75,PKR
O000277,C00212,S006,2026-07-17 19:15:35,2026-07-18 01:02:35,completed,store,PR011,5790,347.4,272.13,5714.73,PKR
O000278,C00014,S001,2026-08-21 14:32:41,2026-08-22 01:23:41,completed,online,,4400,0.0,220.0,4620.0,PKR
O000279,C00236,S004,2026-06-04 12:19:04,2026-06-04 17:03:04,completed,store,PR008,1075,250.0,41.25,866.25,PKR
O000280,C00280,S004,2026-07-21 20:54:35,2026-07-22 06:19:35,completed,store,PR013,1075,43.0,51.6,1083.6,PKR
O000281,C00442,S005,2026-07-14 17:01:00,2026-07-15 00:05:00,completed,store,,4420,0.0,221.0,4641.0,PKR
O000282,C00131,S006,2026-07-25 12:16:05,2026-07-25 20:09:05,completed,online,PR013,3615,144.6,173.52,3643.92,PKR
O000283,C00521,S004,2026-06-20 06:50:53,2026-06-20 08:48:53,completed,store,,2730,0.0,136.5,2866.5,PKR
O000284,C00550,S001,2026-07-10 21:00:54,2026-07-10 23:31:54,completed,online,,4880,0.0,244.0,5124.0,PKR
O000285,C00609,S006,2026-08-16 11:49:33,2026-08-16 14:38:33,completed,online,PR001,7065,706.5,317.93,6676.43,PKR
O000286,C00534,S006,2026-08-24 11:13:23,2026-08-24 16:02:23,completed,store,,1255,0.0,62.75,1317.75,PKR
O000287,C00436,S003,2026-07-30 12:17:17,2026-07-30 22:12:17,completed,store,,3025,0.0,151.25,3176.25,PKR
O000288,C00690,S001,2026-06-21 15:19:52,2026-06-22 00:07:52,completed,store,,3140,0.0,157.0,3297.0,PKR
O000289,C00698,S002,2026-08-17 23:36:37,2026-08-18 04:21:37,completed,store,,4115,0.0,205.75,4320.75,PKR
O000290,C00708,S002,2026-08-04 12:39:36,2026-08-04 16:39:36,completed,store,,3900,0.0,195.0,4095.0,PKR
O000291,C00122,S001,2026-07-09 20:36:04,2026-07-10 07:50:04,completed,store,,2455,0.0,122.75,2577.75,PKR
O000292,C00550,S005,2026-07-15 05:05:29,2026-07-15 16:04:29,returned,store,PR010,3390,300.0,154.5,3244.5,PKR
O000293,C00017,S003,2026-07-17 08:15:48,2026-07-17 13:14:48,completed,store,,830,0.0,41.5,871.5,PKR
O000294,C00114,S005,2026-06-23 14:07:13,2026-06-23 15:18:13,completed,store,PR003,3200,384.0,140.8,2956.8,PKR
O000295,C00583,S005,2026-08-03 17:11:05,2026-08-03 18:17:05,completed,store,,7575,0.0,378.75,7953.75,PKR
O000296,C00713,S003,2026-07-26 21:06:34,2026-07-26 23:39:34,completed,store,PR013,4635,185.4,222.48,4672.08,PKR
O000297,C00337,S002,2026-08-23 15:59:13,2026-08-23 19:09:13,completed,store,PR001,2650,265.0,119.25,2504.25,PKR
O000298,C00146,S003,2026-06-18 15:49:38,2026-06-19 00:24:38,returned,online,,2475,0.0,123.75,2598.75,PKR
O000299,C00382,S004,2026-08-01 23:41:52,2026-08-02 04:28:52,completed,store,,3870,0.0,193.5,4063.5,PKR
O000300,C00139,S001,2026-06-23 06:12:21,2026-06-23 14:17:21,completed,online,PR002,1155,92.4,53.13,1115.73,PKR
O000301,C00285,S002,2026-08-28 14:49:41,2026-08-28 23:13:41,completed,store,,280,0.0,14.0,294.0,PKR
O000302,C00352,S005,2026-06-18 03:31:24,2026-06-18 05:26:24,returned,store,,6410,0.0,320.5,6730.5,PKR
O000303,C00308,S003,2026-07-11 22:24:32,2026-07-12 02:44:32,completed,store,,1665,0.0,83.25,1748.25,PKR
O000304,C00648,S004,2026-07-15 20:13:58,2026-07-16 07:11:58,returned,store,PR011,4580,274.8,215.26,4520.46,PKR
O000305,C00059,S005,2026-06-21 03:52:02,2026-06-21 09:17:02,cancelled,store,PR005,4785,334.95,222.5,4672.55,PKR
O000306,C00591,S004,2026-06-11 10:26:04,2026-06-11 11:26:04,completed,store,,3815,0.0,190.75,4005.75,PKR
O000307,C00661,S002,2026-07-09 22:49:25,2026-07-10 08:37:25,completed,online,,11165,0.0,558.25,11723.25,PKR
O000308,C00329,S004,2026-06-29 12:52:58,2026-06-29 19:13:58,completed,store,,5740,0.0,287.0,6027.0,PKR
O000309,C00170,S004,2026-08-23 14:54:31,2026-08-23 20:33:31,completed,store,,6610,0.0,330.5,6940.5,PKR
O000310,C00107,S006,2026-07-12 01:26:30,2026-07-12 11:20:30,completed,store,PR010,2160,300.0,93.0,1953.0,PKR
O000311,C00568,S001,2026-07-01 09:12:13,2026-07-01 13:57:13,completed,store,PR002,6460,516.8,297.16,6240.36,PKR
O000312,C00475,S002,2026-08-19 23:20:36,2026-08-20 04:51:36,completed,store,,4680,0.0,234.0,4914.0,PKR
O000313,C00098,S006,2026-06-20 06:28:09,2026-06-20 18:02:09,completed,store,PR005,7375,516.25,342.94,7201.69,PKR
O000314,C00430,S002,2026-08-15 03:18:19,2026-08-15 12:56:19,completed,store,PR001,1270,127.0,57.15,1200.15,PKR
O000315,C00433,S003,2026-08-10 22:57:31,2026-08-11 07:42:31,completed,store,,5080,0.0,254.0,5334.0,PKR
O000316,C00124,S001,2026-07-09 20:20:22,2026-07-09 22:38:22,completed,store,PR012,9130,456.5,433.68,9107.18,PKR
O000317,C00456,S006,2026-07-06 18:33:12,2026-07-07 02:29:12,completed,online,,12940,0.0,647.0,13587.0,PKR
O000318,C00040,S006,2026-08-28 18:45:28,2026-08-29 06:44:28,completed,online,,3820,0.0,191.0,4011.0,PKR
O000319,C00572,S005,2026-07-16 19:51:09,2026-07-17 03:25:09,returned,store,,4945,0.0,247.25,5192.25,PKR
O000320,C00368,S005,2026-08-03 06:00:31,2026-08-03 07:20:31,completed,online,,1440,0.0,72.0,1512.0,PKR
O000321,C00699,S006,2026-08-21 17:48:38,2026-08-22 03:07:38,completed,store,,840,0.0,42.0,882.0,PKR
O000322,C00595,S003,2026-08-21 23:49:48,2026-08-22 05:26:48,completed,store,,3575,0.0,178.75,3753.75,PKR
O000323,C00145,S006,2026-06-10 10:24:17,2026-06-10 22:22:17,completed,store,,1425,0.0,71.25,1496.25,PKR
O000324,C00437,S001,2026-06-07 23:40:21,2026-06-08 10:20:21,completed,store,,6140,0.0,307.0,6447.0,PKR
O000325,C00655,S003,2026-07-04 23:19:43,2026-07-05 05:05:43,completed,store,,8540,0.0,427.0,8967.0,PKR
O000326,C00363,S005,2026-08-23 22:29:38,2026-08-24 03:28:38,completed,store,,7460,0.0,373.0,7833.0,PKR
O000327,C00744,S001,2026-07-11 09:16:59,2026-07-11 13:18:59,completed,store,PR010,3780,300.0,174.0,3654.0,PKR
O000328,C00617,S006,2026-08-27 09:29:45,2026-08-27 09:54:45,completed,online,PR009,2920,300.0,131.0,2751.0,PKR
O000329,C00169,S002,2026-07-25 23:36:58,2026-07-26 03:55:58,cancelled,store,PR012,2875,143.75,136.56,2867.81,PKR
O000330,C00289,S005,2026-07-30 18:59:03,2026-07-31 04:39:03,completed,store,,2175,0.0,108.75,2283.75,PKR
O000331,C00460,S005,2026-08-24 03:47:43,2026-08-24 05:51:43,completed,store,PR009,4880,300.0,229.0,4809.0,PKR
O000332,C00502,S003,2026-06-11 00:16:16,2026-06-11 00:23:16,completed,store,,3060,0.0,153.0,3213.0,PKR
O000333,C00099,S004,2026-07-22 05:20:04,2026-07-22 15:50:04,completed,store,,1335,0.0,66.75,1401.75,PKR
O000334,C00619,S006,2026-07-14 18:29:08,2026-07-14 18:51:08,completed,online,,2550,0.0,127.5,2677.5,PKR
O000335,C00298,S004,2026-06-04 18:03:07,2026-06-05 04:17:07,completed,store,,4230,0.0,211.5,4441.5,PKR
O000336,C00633,S005,2026-08-09 06:16:46,2026-08-09 11:38:46,completed,store,,220,0.0,11.0,231.0,PKR
O000337,C00444,S005,2026-06-20 21:27:02,2026-06-21 07:53:02,completed,store,,2140,0.0,107.0,2247.0,PKR
O000338,C00589,S005,2026-06-21 23:41:11,2026-06-22 00:09:11,completed,online,PR002,385,30.8,17.71,371.91,PKR
O000339,C00265,S004,2026-07-12 07:30:09,2026-07-12 19:14:09,completed,store,,855,0.0,42.75,897.75,PKR
O000340,C00313,S002,2026-07-06 18:29:10,2026-07-07 00:41:10,completed,store,,1615,0.0,80.75,1695.75,PKR
O000341,C00142,S002,2026-08-09 05:55:44,2026-08-09 14:00:44,completed,store,,3510,0.0,175.5,3685.5,PKR
O000342,C00140,S004,2026-08-06 10:09:31,2026-08-06 19:05:31,completed,store,,10260,0.0,513.0,10773.0,PKR
O000343,C00677,S006,2026-06-30 21:42:15,2026-06-30 23:21:15,completed,store,,1675,0.0,83.75,1758.75,PKR
O000344,C00650,S001,2026-07-25 10:01:33,2026-07-25 21:07:33,completed,store,PR006,9235,923.5,415.58,8727.08,PKR
O000345,C00501,S003,2026-06-08 05:04:43,2026-06-08 10:49:43,cancelled,store,,2380,0.0,119.0,2499.0,PKR
O000346,C00109,S002,2026-07-03 16:07:00,2026-07-03 20:50:00,completed,store,,5680,0.0,284.0,5964.0,PKR
O000347,C00253,S005,2026-06-04 03:45:33,2026-06-04 05:27:33,completed,online,,3580,0.0,179.0,3759.0,PKR
O000348,C00293,S006,2026-06-21 09:38:04,2026-06-21 15:11:04,completed,store,,10120,0.0,506.0,10626.0,PKR
O000349,C00372,S004,2026-07-06 12:03:35,2026-07-06 19:49:35,cancelled,store,,1625,0.0,81.25,1706.25,PKR
O000350,C00473,S003,2026-06-13 10:22:10,2026-06-13 13:31:10,completed,store,PR005,2150,150.5,99.98,2099.48,PKR
O000351,C00247,S004,2026-07-21 00:38:25,2026-07-21 08:04:25,completed,store,,5000,0.0,250.0,5250.0,PKR
O000352,C00620,S004,2026-07-18 00:35:30,2026-07-18 04:34:30,completed,store,PR010,4630,300.0,216.5,4546.5,PKR
O000353,C00496,S005,2026-07-01 19:54:06,2026-07-02 02:36:06,completed,store,PR002,2980,238.4,137.08,2878.68,PKR
O000354,C00024,S005,2026-07-03 21:12:09,2026-07-04 00:33:09,completed,store,,540,0.0,27.0,567.0,PKR
O000355,C00745,S003,2026-08-16 18:08:46,2026-08-17 04:44:46,completed,store,PR009,2745,300.0,122.25,2567.25,PKR
O000356,C00692,S002,2026-08-21 16:51:47,2026-08-21 20:03:47,completed,store,PR001,3555,355.5,159.98,3359.48,PKR
O000357,C00032,S004,2026-08-28 23:33:30,2026-08-29 08:47:30,completed,store,PR001,7470,747.0,336.15,7059.15,PKR
O000358,C00030,S002,2026-08-28 13:12:12,2026-08-28 22:51:12,returned,store,PR001,5670,567.0,255.15,5358.15,PKR
O000359,C00093,S005,2026-08-22 08:58:03,2026-08-22 12:37:03,completed,store,,5590,0.0,279.5,5869.5,PKR
O000360,C00131,S005,2026-08-29 05:43:30,2026-08-29 16:05:30,completed,store,,7815,0.0,390.75,8205.75,PKR
O000361,C00074,S006,2026-06-20 06:50:24,2026-06-20 15:05:24,completed,store,PR002,3415,273.2,157.09,3298.89,PKR
O000362,C00230,S001,2026-06-17 00:23:12,2026-06-17 09:59:12,completed,store,,3905,0.0,195.25,4100.25,PKR
O000363,C00573,S002,2026-08-29 05:26:00,2026-08-29 09:11:00,completed,store,,9320,0.0,466.0,9786.0,PKR
O000364,C00145,S001,2026-07-14 09:12:49,2026-07-14 13:45:49,completed,store,,9620,0.0,481.0,10101.0,PKR
O000365,C00446,S003,2026-06-30 09:30:56,2026-06-30 20:34:56,completed,store,,7640,0.0,382.0,8022.0,PKR
O000366,C00244,S002,2026-08-22 07:09:13,2026-08-22 12:22:13,completed,online,,3440,0.0,172.0,3612.0,PKR
O000367,C00559,S002,2026-07-24 11:34:29,2026-07-24 16:02:29,completed,store,,1940,0.0,97.0,2037.0,PKR
O000368,C00243,S001,2026-08-31 00:10:15,2026-08-31 09:38:15,completed,store,PR001,3910,391.0,175.95,3694.95,PKR
O000369,C00696,S004,2026-06-10 10:50:57,2026-06-10 21:52:57,cancelled,online,,5190,0.0,259.5,5449.5,PKR
O000370,C00590,S006,2026-06-12 22:25:34,2026-06-13 06:00:34,completed,store,,2325,0.0,116.25,2441.25,PKR
O000371,C00538,S004,2026-08-24 03:55:00,2026-08-24 06:58:00,completed,online,PR001,3195,319.5,143.78,3019.28,PKR
O000372,C00410,S003,2026-06-28 01:19:15,2026-06-28 02:01:15,completed,online,,1700,0.0,85.0,1785.0,PKR
O000373,C00544,S006,2026-08-04 19:22:32,2026-08-05 01:14:32,completed,store,PR013,1270,50.8,60.96,1280.16,PKR
O000374,C00588,S003,2026-08-18 20:21:00,2026-08-19 01:14:00,completed,store,PR001,1055,105.5,47.48,996.98,PKR
O000375,C00244,S005,2026-06-13 00:14:08,2026-06-13 09:07:08,completed,store,PR005,2485,173.95,115.55,2426.6,PKR
O000376,C00184,S002,2026-08-22 20:39:13,2026-08-23 02:05:13,completed,online,,2990,0.0,149.5,3139.5,PKR
O000377,C00161,S002,2026-08-02 04:55:05,2026-08-02 14:15:05,completed,store,PR013,1635,65.4,78.48,1648.08,PKR
O000378,C00607,S006,2026-07-29 07:23:57,2026-07-29 15:37:57,completed,store,,995,0.0,49.75,1044.75,PKR
O000379,C00624,S003,2026-06-26 23:05:32,2026-06-27 10:59:32,completed,store,,1615,0.0,80.75,1695.75,PKR
O000380,C00533,S004,2026-06-13 05:32:30,2026-06-13 09:28:30,completed,store,PR014,2355,259.05,104.8,2200.75,PKR
O000381,C00154,S001,2026-08-05 04:18:07,2026-08-05 10:31:07,completed,online,PR013,895,35.8,42.96,902.16,PKR
O000382,C00392,S005,2026-07-10 04:22:06,2026-07-10 07:46:06,completed,store,,3585,0.0,179.25,3764.25,PKR
O000383,C00589,S004,2026-07-16 20:11:15,2026-07-17 04:43:15,completed,store,,1415,0.0,70.75,1485.75,PKR
O000384,C00595,S005,2026-08-01 12:19:49,2026-08-01 23:22:49,completed,store,,3915,0.0,195.75,4110.75,PKR
O000385,C00388,S005,2026-08-18 05:38:18,2026-08-18 08:42:18,completed,store,,1405,0.0,70.25,1475.25,PKR
O000386,C00229,S004,2026-07-15 13:51:13,2026-07-15 21:52:13,cancelled,store,PR010,1285,300.0,49.25,1034.25,PKR
O000387,C00646,S005,2026-08-12 02:58:48,2026-08-12 04:51:48,completed,store,,6995,0.0,349.75,7344.75,PKR
O000388,C00080,S003,2026-07-09 23:28:35,2026-07-10 07:01:35,completed,store,,3665,0.0,183.25,3848.25,PKR
O000389,C00117,S005,2026-08-18 15:55:22,2026-08-18 23:57:22,completed,online,,3615,0.0,180.75,3795.75,PKR
O000390,C00411,S002,2026-07-18 13:25:34,2026-07-18 18:36:34,completed,store,,1190,0.0,59.5,1249.5,PKR
O000391,C00085,S006,2026-06-07 08:09:30,2026-06-07 19:16:30,completed,online,,1105,0.0,55.25,1160.25,PKR
O000392,C00405,S004,2026-06-22 04:28:36,2026-06-22 09:38:36,completed,store,,9770,0.0,488.5,10258.5,PKR
O000393,C00735,S004,2026-06-02 16:23:40,2026-06-02 17:50:40,completed,store,PR008,6310,250.0,303.0,6363.0,PKR
O000394,C00619,S003,2026-08-24 03:57:00,2026-08-24 05:02:00,completed,store,,2900,0.0,145.0,3045.0,PKR
O000395,C00151,S004,2026-06-10 14:19:33,2026-06-10 23:42:33,completed,store,,10755,0.0,537.75,11292.75,PKR
O000396,C00591,S004,2026-08-21 02:58:11,2026-08-21 06:23:11,completed,store,PR001,3705,370.5,166.73,3501.23,PKR
O000397,C00615,S002,2026-08-18 12:27:04,2026-08-18 22:45:04,completed,store,,4480,0.0,224.0,4704.0,PKR
O000398,C00342,S004,2026-08-01 19:49:12,2026-08-02 01:06:12,completed,store,PR013,4115,164.6,197.52,4147.92,PKR
O000399,C00227,S001,2026-07-09 15:30:25,2026-07-09 19:13:25,completed,store,PR011,1840,110.4,86.48,1816.08,PKR
O000400,C00433,S003,2026-07-12 09:19:17,2026-07-12 19:17:17,completed,store,,1425,0.0,71.25,1496.25,PKR
O000401,C00162,S002,2026-08-04 02:32:27,2026-08-04 05:05:27,returned,store,,2195,0.0,109.75,2304.75,PKR
O000402,C00201,S005,2026-07-28 07:04:13,2026-07-28 11:04:13,completed,store,,2075,0.0,103.75,2178.75,PKR
O000403,C00345,S001,2026-06-22 10:16:48,2026-06-22 19:55:48,completed,store,PR003,2610,313.2,114.84,2411.64,PKR
O000404,C00112,S005,2026-08-21 07:47:27,2026-08-21 16:55:27,completed,store,,2480,0.0,124.0,2604.0,PKR
O000405,C00397,S002,2026-07-07 02:02:27,2026-07-07 13:38:27,completed,store,PR011,3350,201.0,157.45,3306.45,PKR
O000406,C00283,S003,2026-08-24 06:36:45,2026-08-24 13:08:45,completed,store,,7835,0.0,391.75,8226.75,PKR
O000407,C00054,S004,2026-07-06 07:00:44,2026-07-06 10:43:44,cancelled,store,,1860,0.0,93.0,1953.0,PKR
O000408,C00676,S004,2026-06-15 19:48:16,2026-06-16 03:36:16,completed,store,PR014,4755,523.05,211.6,4443.55,PKR
O000409,C00053,S005,2026-07-06 17:53:40,2026-07-06 23:26:40,cancelled,store,,1755,0.0,87.75,1842.75,PKR
O000410,C00458,S003,2026-08-18 18:06:07,2026-08-18 19:22:07,completed,store,PR001,850,85.0,38.25,803.25,PKR
O000411,C00259,S004,2026-07-23 00:35:06,2026-07-23 06:18:06,completed,store,PR012,6090,304.5,289.28,6074.78,PKR
O000412,C00055,S004,2026-06-05 21:38:13,2026-06-06 01:58:13,completed,store,PR014,8610,947.1,383.14,8046.04,PKR
O000413,C00130,S002,2026-08-02 04:33:29,2026-08-02 15:56:29,completed,store,,3895,0.0,194.75,4089.75,PKR
O000414,C00638,S005,2026-08-16 14:11:48,2026-08-16 20:50:48,completed,store,,1585,0.0,79.25,1664.25,PKR
O000415,C00019,S006,2026-07-04 22:27:58,2026-07-04 23:09:58,completed,store,,4640,0.0,232.0,4872.0,PKR
O000416,C00116,S002,2026-08-27 05:18:13,2026-08-27 13:54:13,completed,store,,1485,0.0,74.25,1559.25,PKR
O000417,C00147,S005,2026-08-24 06:05:44,2026-08-24 14:58:44,completed,online,PR001,4410,441.0,198.45,4167.45,PKR
O000418,C00539,S006,2026-06-06 09:23:35,2026-06-06 11:58:35,completed,store,PR008,2685,250.0,121.75,2556.75,PKR
O000419,C00222,S003,2026-08-05 15:26:54,2026-08-05 20:30:54,completed,store,PR013,1930,77.2,92.64,1945.44,PKR
O000420,C00051,S006,2026-07-10 01:01:17,2026-07-10 01:46:17,completed,store,,3995,0.0,199.75,4194.75,PKR
O000421,C00270,S001,2026-08-05 11:39:36,2026-08-05 13:56:36,completed,store,PR013,3025,121.0,145.2,3049.2,PKR
O000422,C00519,S005,2026-06-27 03:42:11,2026-06-27 11:48:11,completed,store,,1980,0.0,99.0,2079.0,PKR
O000423,C00073,S006,2026-06-16 17:09:12,2026-06-16 18:56:12,completed,online,PR014,8440,928.4,375.58,7887.18,PKR
O000424,C00376,S006,2026-07-26 04:24:04,2026-07-26 14:41:04,completed,store,,1550,0.0,77.5,1627.5,PKR
O000425,C00741,S001,2026-08-03 06:22:12,2026-08-03 13:38:12,completed,store,,2020,0.0,101.0,2121.0,PKR
O000426,C00263,S002,2026-08-20 23:13:35,2026-08-21 08:59:35,completed,store,PR009,3610,300.0,165.5,3475.5,PKR
O000427,C00198,S001,2026-07-25 15:28:45,2026-07-26 02:06:45,completed,store,,4400,0.0,220.0,4620.0,PKR
O000428,C00214,S003,2026-06-30 12:53:33,2026-07-01 00:21:33,cancelled,online,,730,0.0,36.5,766.5,PKR
O000429,C00294,S002,2026-07-12 13:36:49,2026-07-12 20:42:49,completed,store,,4675,0.0,233.75,4908.75,PKR
O000430,C00198,S004,2026-08-01 04:23:06,2026-08-01 06:31:06,completed,store,,1200,0.0,60.0,1260.0,PKR
O000431,C00567,S005,2026-07-31 17:28:26,2026-08-01 01:35:26,cancelled,store,PR013,6435,257.4,308.88,6486.48,PKR
O000432,C00189,S004,2026-07-28 13:39:43,2026-07-28 23:41:43,completed,store,,9045,0.0,452.25,9497.25,PKR
O000433,C00048,S006,2026-08-09 09:36:12,2026-08-09 16:35:12,completed,store,,3380,0.0,169.0,3549.0,PKR
O000434,C00297,S001,2026-08-20 10:51:05,2026-08-20 21:42:05,completed,store,,815,0.0,40.75,855.75,PKR
O000435,C00324,S003,2026-06-12 09:58:32,2026-06-12 15:10:32,completed,store,PR005,6140,429.8,285.51,5995.71,PKR
O000436,C00331,S003,2026-06-29 08:01:47,2026-06-29 16:42:47,completed,store,,4495,0.0,224.75,4719.75,PKR
O000437,C00616,S006,2026-07-29 12:33:32,2026-07-29 18:26:32,completed,store,,4255,0.0,212.75,4467.75,PKR
O000438,C00280,S002,2026-08-08 17:49:33,2026-08-08 23:13:33,cancelled,store,PR006,4585,458.5,206.33,4332.83,PKR
O000439,C00278,S003,2026-06-16 18:29:08,2026-06-17 00:28:08,completed,store,,4230,0.0,211.5,4441.5,PKR
O000440,C00334,S006,2026-08-29 17:38:52,2026-08-29 21:27:52,completed,store,,8525,0.0,426.25,8951.25,PKR
O000441,C00344,S002,2026-06-22 12:01:15,2026-06-22 13:48:15,completed,store,PR005,1105,77.35,51.38,1079.03,PKR
O000442,C00225,S006,2026-06-20 07:07:48,2026-06-20 15:32:48,completed,store,PR004,3225,483.75,137.06,2878.31,PKR
O000443,C00195,S005,2026-07-12 21:39:43,2026-07-13 04:14:43,completed,store,PR010,3340,300.0,152.0,3192.0,PKR
O000444,C00337,S005,2026-06-18 04:46:23,2026-06-18 05:32:23,returned,online,,8245,0.0,412.25,8657.25,PKR
O000445,C00707,S003,2026-07-31 17:54:47,2026-08-01 00:42:47,completed,store,PR013,3770,150.8,180.96,3800.16,PKR
O000446,C00595,S006,2026-07-24 09:34:22,2026-07-24 12:20:22,completed,store,,3495,0.0,174.75,3669.75,PKR
O000447,C00242,S005,2026-07-22 04:13:39,2026-07-22 11:00:39,completed,store,,3395,0.0,169.75,3564.75,PKR
O000448,C00403,S005,2026-08-30 11:10:26,2026-08-30 18:19:26,completed,store,,3110,0.0,155.5,3265.5,PKR
O000449,C00548,S003,2026-06-20 13:30:21,2026-06-20 14:48:21,completed,store,,2900,0.0,145.0,3045.0,PKR
O000450,C00357,S002,2026-06-17 21:55:46,2026-06-18 06:53:46,completed,store,,6355,0.0,317.75,6672.75,PKR
O000451,C00496,S005,2026-06-10 04:45:01,2026-06-10 05:47:01,completed,store,,6010,0.0,300.5,6310.5,PKR
O000452,C00718,S004,2026-08-22 20:40:18,2026-08-23 00:24:18,completed,store,PR009,980,245.0,36.75,771.75,PKR
O000453,C00567,S001,2026-06-23 11:23:38,2026-06-23 12:03:38,completed,online,PR003,3935,472.2,173.14,3635.94,PKR
O000454,C00322,S006,2026-08-05 10:02:47,2026-08-05 15:34:47,completed,store,,2590,0.0,129.5,2719.5,PKR
O000455,C00003,S004,2026-08-31 16:17:07,2026-08-31 22:55:07,completed,online,,550,0.0,27.5,577.5,PKR
O000456,C00424,S006,2026-06-07 13:45:49,2026-06-07 21:55:49,completed,store,PR008,1300,250.0,52.5,1102.5,PKR
O000457,C00612,S006,2026-07-14 14:57:35,2026-07-15 01:27:35,completed,store,,3300,0.0,165.0,3465.0,PKR
O000458,C00049,S004,2026-07-28 23:22:08,2026-07-29 07:32:08,completed,store,PR015,3685,400.0,164.25,3449.25,PKR
O000459,C00257,S003,2026-07-21 23:28:06,2026-07-22 07:44:06,completed,online,,2550,0.0,127.5,2677.5,PKR
O000460,C00712,S002,2026-07-15 19:22:52,2026-07-15 20:00:52,completed,store,,1155,0.0,57.75,1212.75,PKR
O000461,C00004,S006,2026-08-16 04:01:16,2026-08-16 14:38:16,returned,store,PR001,6015,601.5,270.68,5684.18,PKR
O000462,C00228,S004,2026-08-29 19:44:22,2026-08-29 23:47:22,completed,store,,7050,0.0,352.5,7402.5,PKR
O000463,C00066,S004,2026-08-12 20:14:51,2026-08-12 23:17:51,completed,store,PR006,8415,841.5,378.68,7952.18,PKR
O000464,C00503,S003,2026-08-22 16:07:00,2026-08-22 21:49:00,completed,store,,2885,0.0,144.25,3029.25,PKR
O000465,C00356,S001,2026-08-21 00:15:09,2026-08-21 10:40:09,completed,store,,720,0.0,36.0,756.0,PKR
O000466,C00670,S003,2026-07-05 03:30:44,2026-07-05 11:50:44,completed,store,PR007,4385,394.65,199.52,4189.87,PKR
O000467,C00623,S005,2026-08-26 21:59:08,2026-08-27 07:55:08,completed,store,,6550,0.0,327.5,6877.5,PKR
O000468,C00114,S005,2026-06-18 20:07:51,2026-06-19 04:06:51,completed,store,PR004,4180,627.0,177.65,3730.65,PKR
O000469,C00241,S002,2026-08-11 14:21:36,2026-08-11 19:23:36,completed,store,,1875,0.0,93.75,1968.75,PKR
O000470,C00116,S005,2026-08-23 18:17:13,2026-08-23 23:51:13,completed,store,PR001,6320,632.0,284.4,5972.4,PKR
O000471,C00583,S001,2026-08-19 07:59:30,2026-08-19 09:02:30,completed,online,,1660,0.0,83.0,1743.0,PKR
O000472,C00631,S004,2026-06-26 05:52:29,2026-06-26 16:40:29,completed,store,,720,0.0,36.0,756.0,PKR
O000473,C00298,S003,2026-06-29 10:00:00,2026-06-29 14:08:00,completed,store,,1250,0.0,62.5,1312.5,PKR
O000474,C00306,S002,2026-06-29 01:50:26,2026-06-29 08:26:26,completed,store,,1260,0.0,63.0,1323.0,PKR
O000475,C00194,S005,2026-08-27 03:16:21,2026-08-27 07:30:21,completed,store,PR009,3815,300.0,175.75,3690.75,PKR
O000476,C00326,S004,2026-08-22 18:38:25,2026-08-23 00:53:25,returned,online,,4340,0.0,217.0,4557.0,PKR
O000477,C00531,S004,2026-08-07 17:57:14,2026-08-08 00:27:14,completed,store,,4030,0.0,201.5,4231.5,PKR
O000478,C00219,S004,2026-08-30 12:06:21,2026-08-30 18:17:21,completed,store,,1265,0.0,63.25,1328.25,PKR
O000479,C00295,S001,2026-07-26 17:31:08,2026-07-26 19:29:08,completed,store,,8835,0.0,441.75,9276.75,PKR
O000480,C00667,S002,2026-07-14 11:11:28,2026-07-14 20:40:28,completed,store,PR012,4140,207.0,196.65,4129.65,PKR
O000481,C00666,S003,2026-07-19 13:09:51,2026-07-19 13:35:51,completed,store,PR012,2370,118.5,112.58,2364.08,PKR
O000482,C00305,S004,2026-08-07 04:36:09,2026-08-07 09:39:09,completed,store,PR013,2490,99.6,119.52,2509.92,PKR
O000483,C00294,S006,2026-08-24 16:30:45,2026-08-25 04:07:45,completed,store,,5990,0.0,299.5,6289.5,PKR
O000484,C00053,S002,2026-07-18 20:14:03,2026-07-19 01:52:03,completed,store,,6575,0.0,328.75,6903.75,PKR
O000485,C00193,S001,2026-08-27 23:30:07,2026-08-28 05:07:07,completed,store,,8110,0.0,405.5,8515.5,PKR
O000486,C00299,S005,2026-08-29 22:27:31,2026-08-30 01:29:31,completed,online,PR001,3010,301.0,135.45,2844.45,PKR
O000487,C00571,S003,2026-06-15 23:57:24,2026-06-16 04:06:24,completed,store,PR002,2655,212.4,122.13,2564.73,PKR
O000488,C00033,S001,2026-08-20 03:33:21,2026-08-20 06:43:21,completed,store,,1935,0.0,96.75,2031.75,PKR
O000489,C00605,S002,2026-06-22 22:36:27,2026-06-22 23:15:27,completed,online,,3310,0.0,165.5,3475.5,PKR
O000490,C00746,S001,2026-07-26 05:31:33,2026-07-26 07:30:33,returned,store,,1660,0.0,83.0,1743.0,PKR
O000491,C00051,S005,2026-07-31 02:39:11,2026-07-31 05:10:11,completed,store,PR013,4710,188.4,226.08,4747.68,PKR
O000492,C00360,S004,2026-06-26 05:57:28,2026-06-26 16:38:28,completed,store,,4855,0.0,242.75,5097.75,PKR
O000493,C00466,S002,2026-07-15 12:13:47,2026-07-15 13:04:47,completed,store,PR011,3175,190.5,149.22,3133.72,PKR
O000494,C00510,S001,2026-07-30 14:39:55,2026-07-30 17:25:55,completed,store,PR013,1560,62.4,74.88,1572.48,PKR
O000495,C00455,S001,2026-08-14 06:25:05,2026-08-14 07:47:05,completed,store,PR009,4910,300.0,230.5,4840.5,PKR
O000496,C00698,S005,2026-07-02 19:43:31,2026-07-03 00:45:31,completed,online,,4530,0.0,226.5,4756.5,PKR
O000497,C00673,S005,2026-07-31 13:46:46,2026-07-31 16:36:46,completed,store,,3790,0.0,189.5,3979.5,PKR
O000498,C00422,S001,2026-08-01 00:48:55,2026-08-01 05:03:55,completed,store,,5200,0.0,260.0,5460.0,PKR
O000499,C00325,S003,2026-06-27 00:06:51,2026-06-27 02:21:51,completed,online,PR002,10855,868.4,499.33,10485.93,PKR
O000500,C00024,S004,2026-07-28 04:34:04,2026-07-28 09:59:04,cancelled,store,PR015,7610,400.0,360.5,7570.5,PKR
O000501,C00074,S001,2026-08-13 06:43:50,2026-08-13 09:04:50,completed,store,PR009,3145,300.0,142.25,2987.25,PKR
O000502,C00028,S001,2026-07-08 01:59:40,2026-07-08 03:18:40,completed,online,,7420,0.0,371.0,7791.0,PKR
O000503,C00245,S001,2026-06-28 21:31:02,2026-06-28 22:38:02,completed,online,,2620,0.0,131.0,2751.0,PKR
O000504,C00095,S002,2026-08-17 21:00:07,2026-08-18 06:14:07,completed,online,PR009,6005,300.0,285.25,5990.25,PKR
O000505,C00502,S005,2026-08-20 11:04:41,2026-08-20 13:17:41,completed,store,,7350,0.0,367.5,7717.5,PKR
O000506,C00246,S002,2026-08-09 22:12:55,2026-08-10 02:32:55,completed,store,PR013,7695,307.8,369.36,7756.56,PKR
O000507,C00244,S004,2026-06-08 02:10:00,2026-06-08 03:52:00,completed,store,PR008,385,96.25,14.44,303.19,PKR
O000508,C00169,S001,2026-07-08 16:44:24,2026-07-08 22:22:24,completed,online,,7295,0.0,364.75,7659.75,PKR
O000509,C00745,S004,2026-07-17 09:47:03,2026-07-17 19:56:03,completed,store,,3060,0.0,153.0,3213.0,PKR
O000510,C00625,S001,2026-06-21 05:35:33,2026-06-21 10:13:33,completed,store,PR005,9420,659.4,438.03,9198.63,PKR
O000511,C00314,S004,2026-08-14 16:36:54,2026-08-14 19:07:54,completed,online,,2620,0.0,131.0,2751.0,PKR
O000512,C00388,S006,2026-06-18 13:34:50,2026-06-18 20:53:50,returned,store,PR005,1920,134.4,89.28,1874.88,PKR
O000513,C00567,S002,2026-07-05 06:42:53,2026-07-05 07:51:53,completed,store,,6985,0.0,349.25,7334.25,PKR
O000514,C00514,S003,2026-06-30 08:58:36,2026-06-30 13:06:36,cancelled,store,,760,0.0,38.0,798.0,PKR
O000515,C00400,S006,2026-06-30 11:06:02,2026-06-30 18:18:02,completed,store,,4785,0.0,239.25,5024.25,PKR
O000516,C00312,S006,2026-08-10 03:31:01,2026-08-10 06:43:01,completed,store,,3625,0.0,181.25,3806.25,PKR
O000517,C00394,S004,2026-08-15 02:38:27,2026-08-15 06:04:27,completed,store,,1860,0.0,93.0,1953.0,PKR
O000518,C00229,S006,2026-07-15 01:45:35,2026-07-15 12:11:35,completed,store,PR011,4000,240.0,188.0,3948.0,PKR
O000519,C00095,S005,2026-06-14 05:32:26,2026-06-14 16:29:26,cancelled,store,,4120,0.0,206.0,4326.0,PKR
O000520,C00516,S004,2026-08-10 02:55:57,2026-08-10 11:24:57,completed,store,,1250,0.0,62.5,1312.5,PKR
O000521,C00245,S001,2026-06-03 00:54:24,2026-06-03 02:40:24,completed,online,,2965,0.0,148.25,3113.25,PKR
O000522,C00204,S004,2026-07-27 11:49:05,2026-07-27 14:31:05,completed,store,PR013,5270,210.8,252.96,5312.16,PKR
O000523,C00513,S005,2026-06-24 02:04:58,2026-06-24 07:20:58,completed,online,PR002,12415,993.2,571.09,11992.89,PKR
O000524,C00265,S002,2026-07-12 15:22:31,2026-07-13 00:45:31,completed,store,PR015,4015,400.0,180.75,3795.75,PKR
O000525,C00624,S002,2026-08-17 12:22:43,2026-08-17 15:07:43,completed,store,PR001,2050,205.0,92.25,1937.25,PKR
O000526,C00488,S002,2026-07-14 21:46:48,2026-07-15 06:34:48,completed,store,,1635,0.0,81.75,1716.75,PKR
O000527,C00300,S003,2026-07-30 15:03:51,2026-07-30 22:11:51,cancelled,store,,2650,0.0,132.5,2782.5,PKR
O000528,C00023,S002,2026-08-22 09:06:09,2026-08-22 14:24:09,completed,online,,5300,0.0,265.0,5565.0,PKR
O000529,C00312,S006,2026-07-16 14:10:43,2026-07-16 18:00:43,completed,store,,275,0.0,13.75,288.75,PKR
O000530,C00437,S001,2026-07-01 12:24:38,2026-07-01 15:18:38,completed,store,,6740,0.0,337.0,7077.0,PKR
O000531,C00667,S005,2026-06-21 23:58:43,2026-06-22 01:19:43,completed,store,PR005,1080,75.6,50.22,1054.62,PKR
O000532,C00295,S004,2026-08-20 00:08:16,2026-08-20 04:43:16,completed,store,,1730,0.0,86.5,1816.5,PKR
O000533,C00265,S003,2026-06-18 06:39:30,2026-06-18 17:44:30,completed,store,,7200,0.0,360.0,7560.0,PKR
O000534,C00107,S006,2026-06-04 10:39:24,2026-06-04 12:54:24,completed,store,PR008,2605,250.0,117.75,2472.75,PKR
O000535,C00583,S005,2026-07-14 23:42:20,2026-07-15 01:37:20,completed,store,PR012,8285,414.25,393.54,8264.29,PKR
O000536,C00733,S002,2026-07-17 13:48:04,2026-07-17 15:37:04,completed,store,PR011,2445,146.7,114.92,2413.22,PKR
O000537,C00213,S004,2026-08-28 11:13:00,2026-08-28 19:49:00,completed,store,,6215,0.0,310.75,6525.75,PKR
O000538,C00491,S002,2026-07-05 01:10:56,2026-07-05 03:02:56,returned,store,,2970,0.0,148.5,3118.5,PKR
O000539,C00498,S004,2026-06-16 18:15:22,2026-06-17 05:42:22,completed,store,,1230,0.0,61.5,1291.5,PKR
O000540,C00539,S006,2026-06-14 00:45:53,2026-06-14 11:43:53,completed,store,,4750,0.0,237.5,4987.5,PKR
O000541,C00651,S002,2026-07-26 13:23:01,2026-07-27 00:18:01,completed,store,PR015,3160,400.0,138.0,2898.0,PKR
O000542,C00308,S003,2026-08-12 22:12:55,2026-08-13 08:51:55,completed,store,PR006,540,54.0,24.3,510.3,PKR
O000543,C00162,S006,2026-06-23 18:14:02,2026-06-23 20:24:02,completed,store,PR003,1755,210.6,77.22,1621.62,PKR
O000544,C00399,S003,2026-08-29 04:12:27,2026-08-29 12:57:27,cancelled,store,,1465,0.0,73.25,1538.25,PKR
O000545,C00385,S003,2026-08-10 09:34:31,2026-08-10 11:46:31,completed,store,,540,0.0,27.0,567.0,PKR
O000546,C00054,S001,2026-06-22 13:37:54,2026-06-22 18:20:54,returned,store,PR002,2510,200.8,115.46,2424.66,PKR
O000547,C00631,S003,2026-08-22 17:01:01,2026-08-22 18:56:01,completed,store,,760,0.0,38.0,798.0,PKR
O000548,C00280,S002,2026-08-06 00:30:45,2026-08-06 11:35:45,completed,store,PR006,970,97.0,43.65,916.65,PKR
O000549,C00100,S006,2026-07-07 07:55:42,2026-07-07 08:42:42,completed,store,PR011,4245,254.7,199.52,4189.82,PKR
O000550,C00058,S006,2026-08-31 02:13:43,2026-08-31 03:37:43,completed,store,PR009,4875,300.0,228.75,4803.75,PKR
O000551,C00596,S003,2026-06-29 10:48:53,2026-06-29 16:27:53,completed,store,,4955,0.0,247.75,5202.75,PKR
O000552,C00401,S006,2026-08-02 22:21:59,2026-08-03 06:29:59,completed,store,PR013,2960,118.4,142.08,2983.68,PKR
O000553,C00709,S005,2026-06-17 01:35:13,2026-06-17 07:20:13,completed,store,,1625,0.0,81.25,1706.25,PKR
O000554,C00240,S006,2026-08-30 11:27:53,2026-08-30 16:48:53,completed,store,,385,0.0,19.25,404.25,PKR
O000555,C00013,S002,2026-07-27 19:11:44,2026-07-28 01:42:44,completed,online,PR015,385,96.25,14.44,303.19,PKR
O000556,C00168,S003,2026-08-29 07:45:45,2026-08-29 18:28:45,completed,store,,3340,0.0,167.0,3507.0,PKR
O000557,C00294,S001,2026-08-14 20:27:42,2026-08-15 07:17:42,completed,store,,1645,0.0,82.25,1727.25,PKR
O000558,C00582,S003,2026-06-13 22:47:54,2026-06-14 03:42:54,cancelled,store,PR014,4170,458.7,185.57,3896.87,PKR
O000559,C00298,S005,2026-07-27 13:11:48,2026-07-27 23:31:48,completed,online,PR015,1350,337.5,50.62,1063.12,PKR
O000560,C00302,S005,2026-06-01 22:23:57,2026-06-01 23:14:57,completed,store,,2445,0.0,122.25,2567.25,PKR
O000561,C00608,S004,2026-06-14 08:11:34,2026-06-14 15:14:34,completed,online,,5655,0.0,282.75,5937.75,PKR
O000562,C00182,S005,2026-07-12 19:21:00,2026-07-12 19:50:00,completed,store,,3085,0.0,154.25,3239.25,PKR
O000563,C00516,S004,2026-08-04 09:46:03,2026-08-04 16:30:03,completed,store,,4285,0.0,214.25,4499.25,PKR
O000564,C00666,S005,2026-07-13 14:46:05,2026-07-13 23:48:05,completed,store,,2995,0.0,149.75,3144.75,PKR
O000565,C00405,S006,2026-07-27 07:05:27,2026-07-27 16:56:27,completed,store,PR006,4545,454.5,204.53,4295.03,PKR
O000566,C00525,S005,2026-06-21 23:39:40,2026-06-22 09:32:40,completed,store,PR005,2825,197.75,131.36,2758.61,PKR
O000567,C00655,S006,2026-08-20 03:04:24,2026-08-20 13:00:24,completed,store,PR001,3215,321.5,144.68,3038.18,PKR
O000568,C00600,S004,2026-07-10 01:46:11,2026-07-10 09:26:11,returned,online,,1700,0.0,85.0,1785.0,PKR
O000569,C00344,S006,2026-08-24 13:41:17,2026-08-25 00:41:17,completed,store,PR009,755,188.75,28.31,594.56,PKR
O000570,C00469,S005,2026-06-27 11:49:51,2026-06-27 22:10:51,completed,store,,5425,0.0,271.25,5696.25,PKR
O000571,C00504,S003,2026-07-13 10:43:54,2026-07-13 15:05:54,completed,online,,4215,0.0,210.75,4425.75,PKR
O000572,C00470,S004,2026-06-03 16:14:18,2026-06-04 01:50:18,completed,store,,1140,0.0,57.0,1197.0,PKR
O000573,C00673,S006,2026-06-07 12:20:07,2026-06-07 16:28:07,completed,store,,4620,0.0,231.0,4851.0,PKR
O000574,C00198,S001,2026-06-09 00:50:52,2026-06-09 06:27:52,completed,store,PR008,1305,250.0,52.75,1107.75,PKR
O000575,C00500,S005,2026-08-02 01:51:52,2026-08-02 13:28:52,completed,store,,1255,0.0,62.75,1317.75,PKR
O000576,C00158,S004,2026-06-04 09:12:24,2026-06-04 19:55:24,completed,store,,2850,0.0,142.5,2992.5,PKR
O000577,C00392,S005,2026-07-04 21:45:03,2026-07-05 04:38:03,completed,store,,215,0.0,10.75,225.75,PKR
O000578,C00702,S001,2026-06-11 17:14:49,2026-06-11 23:01:49,completed,store,,2180,0.0,109.0,2289.0,PKR
O000579,C00609,S002,2026-06-21 02:52:18,2026-06-21 04:09:18,completed,online,PR014,5530,608.3,246.09,5167.79,PKR
O000580,C00446,S002,2026-07-09 05:35:43,2026-07-09 09:43:43,completed,store,,3400,0.0,170.0,3570.0,PKR
O000581,C00258,S004,2026-06-25 06:11:03,2026-06-25 08:43:03,completed,store,,730,0.0,36.5,766.5,PKR
O000582,C00683,S002,2026-07-05 18:15:15,2026-07-06 05:16:15,completed,store,,1050,0.0,52.5,1102.5,PKR
O000583,C00565,S006,2026-08-03 08:32:27,2026-08-03 18:15:27,completed,store,,6145,0.0,307.25,6452.25,PKR
O000584,C00664,S003,2026-08-25 15:00:56,2026-08-25 18:58:56,completed,store,PR001,325,32.5,14.62,307.12,PKR
O000585,C00452,S004,2026-08-19 12:58:55,2026-08-19 21:57:55,completed,store,PR009,660,165.0,24.75,519.75,PKR
O000586,C00219,S003,2026-06-10 19:18:42,2026-06-10 22:11:42,completed,store,PR008,1820,250.0,78.5,1648.5,PKR
O000587,C00652,S001,2026-07-11 03:27:10,2026-07-11 10:40:10,completed,store,PR010,4790,300.0,224.5,4714.5,PKR
O000588,C00031,S003,2026-08-20 01:41:20,2026-08-20 06:50:20,completed,store,PR009,9285,300.0,449.25,9434.25,PKR
O000589,C00019,S005,2026-08-21 07:12:38,2026-08-21 07:58:38,completed,store,,920,0.0,46.0,966.0,PKR
O000590,C00142,S006,2026-07-23 21:58:19,2026-07-24 02:59:19,completed,online,PR012,3960,198.0,188.1,3950.1,PKR
O000591,C00159,S001,2026-08-22 02:09:32,2026-08-22 12:24:32,completed,store,,2290,0.0,114.5,2404.5,PKR
O000592,C00108,S002,2026-07-14 17:47:00,2026-07-15 04:22:00,completed,store,,3980,0.0,199.0,4179.0,PKR
O000593,C00478,S002,2026-06-28 04:06:06,2026-06-28 07:13:06,completed,store,,11080,0.0,554.0,11634.0,PKR
O000594,C00069,S002,2026-06-12 00:33:00,2026-06-12 04:59:00,completed,store,PR002,8705,696.4,400.43,8409.03,PKR
O000595,C00257,S005,2026-07-04 07:17:25,2026-07-04 09:05:25,completed,store,PR002,7785,622.8,358.11,7520.31,PKR
O000596,C00736,S001,2026-06-19 03:13:06,2026-06-19 11:22:06,completed,store,PR005,3235,226.45,150.43,3158.98,PKR
O000597,C00076,S006,2026-06-06 07:11:09,2026-06-06 10:51:09,completed,online,,5630,0.0,281.5,5911.5,PKR
O000598,C00718,S004,2026-07-31 07:38:36,2026-07-31 18:03:36,cancelled,store,,1060,0.0,53.0,1113.0,PKR
O000599,C00142,S004,2026-08-31 21:14:03,2026-08-31 23:55:03,completed,online,,2715,0.0,135.75,2850.75,PKR
O000600,C00302,S006,2026-08-15 06:57:54,2026-08-15 13:48:54,completed,store,,4510,0.0,225.5,4735.5,PKR
O000601,C00155,S005,2026-07-02 03:31:08,2026-07-02 08:16:08,completed,online,,6280,0.0,314.0,6594.0,PKR
O000602,C00622,S004,2026-08-29 00:25:31,2026-08-29 04:06:31,completed,store,,6355,0.0,317.75,6672.75,PKR
O000603,C00397,S002,2026-06-25 20:48:33,2026-06-26 06:48:33,completed,online,,3680,0.0,184.0,3864.0,PKR
O000604,C00230,S006,2026-06-06 23:46:23,2026-06-07 07:25:23,cancelled,store,,3370,0.0,168.5,3538.5,PKR
O000605,C00616,S006,2026-06-25 04:30:38,2026-06-25 12:22:38,completed,store,,6500,0.0,325.0,6825.0,PKR
O000606,C00067,S003,2026-07-29 09:49:02,2026-07-29 18:33:02,cancelled,store,PR015,4975,400.0,228.75,4803.75,PKR
O000607,C00527,S004,2026-08-14 17:53:47,2026-08-14 20:34:47,completed,store,,4130,0.0,206.5,4336.5,PKR
O000608,C00103,S006,2026-08-19 21:06:40,2026-08-20 03:10:40,completed,store,PR001,6030,603.0,271.35,5698.35,PKR
O000609,C00428,S002,2026-08-29 07:38:06,2026-08-29 10:13:06,completed,store,PR009,4810,300.0,225.5,4735.5,PKR
O000610,C00127,S005,2026-08-29 01:58:02,2026-08-29 11:25:02,completed,store,,1715,0.0,85.75,1800.75,PKR
O000611,C00286,S006,2026-06-16 09:23:01,2026-06-16 17:00:01,completed,store,,470,0.0,23.5,493.5,PKR
O000612,C00027,S001,2026-06-05 18:30:08,2026-06-06 05:17:08,completed,store,,6875,0.0,343.75,7218.75,PKR
O000613,C00334,S004,2026-07-28 06:35:44,2026-07-28 18:26:44,returned,online,,2855,0.0,142.75,2997.75,PKR
O000614,C00261,S005,2026-07-16 04:15:42,2026-07-16 08:07:42,completed,store,,5540,0.0,277.0,5817.0,PKR
O000615,C00339,S005,2026-06-17 03:10:53,2026-06-17 11:20:53,completed,store,PR005,860,60.2,39.99,839.79,PKR
O000616,C00703,S002,2026-07-19 23:43:08,2026-07-20 00:48:08,completed,store,PR012,3120,156.0,148.2,3112.2,PKR
O000617,C00057,S003,2026-08-30 10:05:08,2026-08-30 17:50:08,completed,store,PR001,1365,136.5,61.43,1289.93,PKR
O000618,C00053,S004,2026-08-08 13:19:18,2026-08-08 19:34:18,completed,store,,185,0.0,9.25,194.25,PKR
O000619,C00199,S001,2026-07-24 07:26:07,2026-07-24 12:33:07,completed,store,,1165,0.0,58.25,1223.25,PKR
O000620,C00695,S003,2026-07-25 03:29:14,2026-07-25 13:37:14,completed,online,PR012,6865,343.25,326.09,6847.84,PKR
O000621,C00315,S006,2026-08-29 22:33:58,2026-08-30 03:03:58,completed,store,,3240,0.0,162.0,3402.0,PKR
O000622,C00387,S001,2026-06-06 11:55:47,2026-06-06 19:47:47,completed,online,,1100,0.0,55.0,1155.0,PKR
O000623,C00346,S003,2026-07-10 05:01:52,2026-07-10 13:59:52,completed,store,,2985,0.0,149.25,3134.25,PKR
O000624,C00518,S005,2026-08-20 19:31:20,2026-08-21 04:04:20,completed,store,,760,0.0,38.0,798.0,PKR
O000625,C00118,S002,2026-06-26 23:44:18,2026-06-27 05:38:18,completed,store,,1155,0.0,57.75,1212.75,PKR
O000626,C00372,S003,2026-06-30 20:23:20,2026-07-01 06:49:20,completed,store,,2460,0.0,123.0,2583.0,PKR
O000627,C00380,S003,2026-06-30 09:57:45,2026-06-30 15:19:45,completed,online,,230,0.0,11.5,241.5,PKR
O000628,C00530,S002,2026-06-14 07:35:37,2026-06-14 15:38:37,completed,store,PR002,2100,168.0,96.6,2028.6,PKR
O000629,C00486,S002,2026-08-31 03:15:46,2026-08-31 03:50:46,completed,store,PR009,5675,300.0,268.75,5643.75,PKR
O000630,C00249,S003,2026-08-28 03:28:47,2026-08-28 07:39:47,completed,store,,2435,0.0,121.75,2556.75,PKR
O000631,C00633,S005,2026-08-17 03:57:13,2026-08-17 05:55:13,cancelled,store,,2345,0.0,117.25,2462.25,PKR
O000632,C00191,S005,2026-07-06 04:30:59,2026-07-06 15:52:59,completed,store,PR012,1815,90.75,86.21,1810.46,PKR
O000633,C00175,S002,2026-06-29 09:56:53,2026-06-29 15:13:53,completed,store,,3885,0.0,194.25,4079.25,PKR
O000634,C00120,S006,2026-07-18 03:03:01,2026-07-18 11:22:01,completed,store,,2070,0.0,103.5,2173.5,PKR
O000635,C00025,S001,2026-08-11 06:27:57,2026-08-11 15:57:57,cancelled,store,PR006,8580,858.0,386.1,8108.1,PKR
O000636,C00522,S001,2026-08-14 14:45:02,2026-08-14 15:14:02,completed,store,,1260,0.0,63.0,1323.0,PKR
O000637,C00744,S005,2026-08-13 06:48:48,2026-08-13 11:08:48,completed,store,PR009,3840,300.0,177.0,3717.0,PKR
O000638,C00385,S005,2026-08-10 08:15:05,2026-08-10 17:47:05,completed,store,,3255,0.0,162.75,3417.75,PKR
O000639,C00727,S006,2026-08-19 07:45:07,2026-08-19 14:34:07,completed,online,,6550,0.0,327.5,6877.5,PKR
O000640,C00528,S006,2026-08-02 15:41:04,2026-08-03 02:48:04,returned,store,PR013,3090,123.6,148.32,3114.72,PKR
O000641,C00246,S006,2026-07-10 05:52:51,2026-07-10 07:18:51,completed,store,,1510,0.0,75.5,1585.5,PKR
O000642,C00372,S003,2026-08-21 10:13:04,2026-08-21 14:03:04,completed,online,,2670,0.0,133.5,2803.5,PKR
O000643,C00053,S006,2026-06-26 00:46:19,2026-06-26 04:49:19,completed,online,,3570,0.0,178.5,3748.5,PKR
O000644,C00658,S003,2026-08-17 19:24:42,2026-08-18 01:01:42,completed,store,PR001,275,27.5,12.38,259.88,PKR
O000645,C00528,S006,2026-08-25 03:03:27,2026-08-25 10:07:27,completed,store,,1645,0.0,82.25,1727.25,PKR
O000646,C00049,S003,2026-07-04 01:41:38,2026-07-04 02:51:38,completed,store,,9005,0.0,450.25,9455.25,PKR
O000647,C00643,S005,2026-07-13 23:09:34,2026-07-14 06:49:34,completed,store,PR011,260,15.6,12.22,256.62,PKR
O000648,C00696,S002,2026-06-29 04:54:39,2026-06-29 06:03:39,completed,store,PR002,7885,630.8,362.71,7616.91,PKR
O000649,C00453,S003,2026-08-16 05:47:11,2026-08-16 15:12:11,completed,store,,3090,0.0,154.5,3244.5,PKR
O000650,C00561,S006,2026-08-06 11:00:33,2026-08-06 17:41:33,completed,online,,3975,0.0,198.75,4173.75,PKR
O000651,C00682,S002,2026-07-15 10:14:56,2026-07-15 11:55:56,completed,store,,1905,0.0,95.25,2000.25,PKR
O000652,C00044,S004,2026-07-16 10:36:19,2026-07-16 15:38:19,completed,store,,2080,0.0,104.0,2184.0,PKR
O000653,C00224,S003,2026-06-27 11:21:30,2026-06-27 14:23:30,completed,store,,5960,0.0,298.0,6258.0,PKR
O000654,C00418,S004,2026-06-30 13:35:57,2026-06-30 18:49:57,completed,online,,9810,0.0,490.5,10300.5,PKR
O000655,C00749,S002,2026-06-15 08:43:43,2026-06-15 18:47:43,completed,store,PR003,5610,673.2,246.84,5183.64,PKR
O000656,C00027,S001,2026-07-01 03:12:26,2026-07-01 05:43:26,completed,store,,380,0.0,19.0,399.0,PKR
O000657,C00628,S003,2026-07-08 03:48:13,2026-07-08 08:43:13,completed,online,,4045,0.0,202.25,4247.25,PKR
O000658,C00108,S005,2026-08-19 15:44:30,2026-08-19 22:33:30,completed,store,,2225,0.0,111.25,2336.25,PKR
O000659,C00017,S003,2026-07-08 15:19:18,2026-07-09 01:03:18,completed,store,,3655,0.0,182.75,3837.75,PKR
O000660,C00355,S002,2026-08-07 03:07:50,2026-08-07 05:01:50,completed,store,,5790,0.0,289.5,6079.5,PKR
O000661,C00691,S002,2026-07-12 01:50:51,2026-07-12 03:21:51,completed,store,PR012,1685,84.25,80.04,1680.79,PKR
O000662,C00393,S005,2026-08-31 15:29:31,2026-08-31 23:20:31,completed,store,PR009,2245,300.0,97.25,2042.25,PKR
O000663,C00284,S004,2026-08-13 19:06:19,2026-08-14 06:42:19,completed,store,,4320,0.0,216.0,4536.0,PKR
O000664,C00492,S003,2026-06-30 17:22:54,2026-07-01 01:46:54,completed,store,,13425,0.0,671.25,14096.25,PKR
O000665,C00328,S001,2026-06-11 21:07:09,2026-06-12 03:57:09,completed,online,,3230,0.0,161.5,3391.5,PKR
O000666,C00555,S003,2026-06-26 02:44:30,2026-06-26 11:04:30,completed,store,,2875,0.0,143.75,3018.75,PKR
O000667,C00537,S003,2026-06-22 15:11:29,2026-06-23 00:41:29,completed,store,,8335,0.0,416.75,8751.75,PKR
O000668,C00476,S001,2026-07-15 14:16:59,2026-07-15 15:01:59,completed,store,PR010,1705,300.0,70.25,1475.25,PKR
O000669,C00299,S001,2026-06-20 16:55:53,2026-06-21 01:33:53,completed,store,PR014,4610,507.1,205.14,4308.04,PKR
O000670,C00277,S005,2026-08-17 11:57:51,2026-08-17 23:43:51,completed,store,,5250,0.0,262.5,5512.5,PKR
O000671,C00529,S003,2026-06-07 10:09:18,2026-06-07 14:17:18,completed,online,,3060,0.0,153.0,3213.0,PKR
O000672,C00010,S004,2026-07-29 16:28:30,2026-07-29 20:14:30,completed,store,,1875,0.0,93.75,1968.75,PKR
O000673,C00316,S005,2026-06-08 07:28:26,2026-06-08 09:11:26,completed,online,,3495,0.0,174.75,3669.75,PKR
O000674,C00626,S003,2026-06-08 19:39:53,2026-06-08 20:57:53,completed,store,,3060,0.0,153.0,3213.0,PKR
O000675,C00132,S003,2026-07-28 17:04:52,2026-07-28 23:22:52,completed,store,,5940,0.0,297.0,6237.0,PKR
O000676,C00116,S004,2026-08-11 17:23:01,2026-08-11 19:03:01,completed,online,,4170,0.0,208.5,4378.5,PKR
O000677,C00608,S002,2026-06-01 16:59:29,2026-06-01 20:55:29,completed,store,PR008,275,68.75,10.31,216.56,PKR
O000678,C00111,S001,2026-07-09 22:23:01,2026-07-10 05:39:01,completed,store,,2250,0.0,112.5,2362.5,PKR
O000679,C00369,S005,2026-06-08 08:47:12,2026-06-08 14:38:12,completed,store,PR008,3400,250.0,157.5,3307.5,PKR
O000680,C00215,S002,2026-07-27 11:46:53,2026-07-27 20:08:53,returned,store,,1795,0.0,89.75,1884.75,PKR
O000681,C00073,S006,2026-06-02 22:11:34,2026-06-03 06:34:34,completed,store,PR008,1170,250.0,46.0,966.0,PKR
O000682,C00177,S005,2026-08-03 12:24:27,2026-08-03 20:19:27,cancelled,store,,10035,0.0,501.75,10536.75,PKR
O000683,C00389,S001,2026-06-29 06:03:00,2026-06-29 13:49:00,completed,store,,6675,0.0,333.75,7008.75,PKR
O000684,C00211,S002,2026-06-23 10:00:12,2026-06-23 16:41:12,completed,store,,370,0.0,18.5,388.5,PKR
O000685,C00685,S005,2026-06-12 22:17:14,2026-06-13 02:26:14,completed,store,,2180,0.0,109.0,2289.0,PKR
O000686,C00719,S006,2026-06-16 17:12:38,2026-06-17 02:54:38,completed,store,,6170,0.0,308.5,6478.5,PKR
O000687,C00339,S006,2026-06-08 21:30:49,2026-06-08 23:59:49,completed,store,,6675,0.0,333.75,7008.75,PKR
O000688,C00419,S001,2026-07-15 05:56:34,2026-07-15 07:43:34,completed,store,PR015,3645,400.0,162.25,3407.25,PKR
O000689,C00411,S002,2026-06-06 12:44:27,2026-06-06 20:14:27,completed,store,PR008,1575,250.0,66.25,1391.25,PKR
O000690,C00668,S002,2026-06-27 07:07:45,2026-06-27 09:44:45,completed,store,PR002,7145,571.6,328.67,6902.07,PKR
O000691,C00559,S003,2026-08-24 14:09:07,2026-08-24 16:29:07,completed,store,,8505,0.0,425.25,8930.25,PKR
O000692,C00286,S001,2026-08-01 07:35:50,2026-08-01 14:36:50,completed,store,PR006,6525,652.5,293.62,6166.12,PKR
O000693,C00546,S001,2026-06-08 01:12:44,2026-06-08 04:06:44,completed,store,,3480,0.0,174.0,3654.0,PKR
O000694,C00141,S004,2026-07-20 02:15:43,2026-07-20 08:38:43,completed,store,PR012,375,18.75,17.81,374.06,PKR
O000695,C00196,S006,2026-06-25 06:49:32,2026-06-25 12:49:32,completed,store,PR002,10805,864.4,497.03,10437.63,PKR
O000696,C00027,S005,2026-07-18 22:27:50,2026-07-19 09:24:50,completed,store,,2535,0.0,126.75,2661.75,PKR
O000697,C00615,S005,2026-06-14 02:12:57,2026-06-14 02:34:57,completed,store,,755,0.0,37.75,792.75,PKR
O000698,C00596,S001,2026-08-03 18:30:32,2026-08-04 00:07:32,completed,store,,2250,0.0,112.5,2362.5,PKR
O000699,C00327,S004,2026-08-27 10:38:27,2026-08-27 18:49:27,completed,store,,3035,0.0,151.75,3186.75,PKR
O000700,C00413,S003,2026-07-07 13:40:07,2026-07-07 20:17:07,completed,online,,5995,0.0,299.75,6294.75,PKR
O000701,C00622,S005,2026-06-10 03:53:01,2026-06-10 10:31:01,completed,online,,545,0.0,27.25,572.25,PKR
O000702,C00743,S003,2026-06-09 08:29:18,2026-06-09 10:02:18,completed,online,PR003,405,48.6,17.82,374.22,PKR
O000703,C00082,S005,2026-06-29 04:26:45,2026-06-29 06:34:45,completed,store,,140,0.0,7.0,147.0,PKR
O000704,C00563,S005,2026-06-04 18:12:52,2026-06-05 05:33:52,completed,store,,430,0.0,21.5,451.5,PKR
O000705,C00731,S006,2026-08-05 07:12:01,2026-08-05 07:30:01,completed,online,,3095,0.0,154.75,3249.75,PKR
O000706,C00204,S003,2026-07-23 18:39:30,2026-07-24 00:32:30,completed,store,,235,0.0,11.75,246.75,PKR
O000707,C00639,S004,2026-07-23 00:05:52,2026-07-23 11:08:52,completed,store,,1350,0.0,67.5,1417.5,PKR
O000708,C00060,S004,2026-07-27 20:14:34,2026-07-28 03:12:34,completed,store,PR006,3345,334.5,150.53,3161.03,PKR
O000709,C00610,S006,2026-08-13 10:32:22,2026-08-13 14:56:22,completed,store,,2870,0.0,143.5,3013.5,PKR
O000710,C00018,S005,2026-07-22 20:05:56,2026-07-22 23:40:56,completed,store,,3710,0.0,185.5,3895.5,PKR
O000711,C00606,S001,2026-08-20 02:18:19,2026-08-20 06:35:19,completed,store,,325,0.0,16.25,341.25,PKR
O000712,C00523,S003,2026-08-12 22:26:07,2026-08-13 01:21:07,completed,store,PR006,3760,376.0,169.2,3553.2,PKR
O000713,C00739,S006,2026-06-05 01:25:44,2026-06-05 06:30:44,completed,store,,6485,0.0,324.25,6809.25,PKR
O000714,C00103,S004,2026-08-13 09:24:11,2026-08-13 21:12:11,completed,online,,2185,0.0,109.25,2294.25,PKR
O000715,C00707,S004,2026-06-17 00:53:36,2026-06-17 11:16:36,completed,store,,4720,0.0,236.0,4956.0,PKR
O000716,C00095,S004,2026-07-03 09:16:36,2026-07-03 14:02:36,completed,store,,3650,0.0,182.5,3832.5,PKR
O000717,C00015,S005,2026-06-04 22:43:25,2026-06-05 00:01:25,completed,store,PR005,4935,345.45,229.48,4819.03,PKR
O000718,C00286,S004,2026-07-22 22:56:25,2026-07-23 02:44:25,completed,store,,10990,0.0,549.5,11539.5,PKR
O000719,C00550,S005,2026-08-19 16:47:12,2026-08-20 04:29:12,completed,store,,2090,0.0,104.5,2194.5,PKR
O000720,C00568,S006,2026-07-21 17:14:29,2026-07-21 19:57:29,completed,store,,2835,0.0,141.75,2976.75,PKR
O000721,C00581,S006,2026-07-15 09:19:32,2026-07-15 20:40:32,completed,store,,5075,0.0,253.75,5328.75,PKR
O000722,C00357,S003,2026-08-11 15:05:56,2026-08-11 21:50:56,completed,store,PR013,1045,41.8,50.16,1053.36,PKR
O000723,C00306,S005,2026-07-05 10:41:31,2026-07-05 13:15:31,completed,store,PR011,710,42.6,33.37,700.77,PKR
O000724,C00157,S001,2026-07-27 09:55:20,2026-07-27 11:51:20,completed,online,PR013,815,32.6,39.12,821.52,PKR
O000725,C00357,S005,2026-06-07 16:25:58,2026-06-07 23:42:58,completed,store,,2510,0.0,125.5,2635.5,PKR
O000726,C00620,S006,2026-08-11 14:29:51,2026-08-12 02:19:51,completed,store,PR013,3425,137.0,164.4,3452.4,PKR
O000727,C00276,S002,2026-08-18 12:30:07,2026-08-18 16:33:07,completed,store,PR009,2325,300.0,101.25,2126.25,PKR
O000728,C00046,S006,2026-08-24 05:53:54,2026-08-24 12:10:54,completed,store,PR001,5045,504.5,227.03,4767.53,PKR
O000729,C00500,S004,2026-08-12 12:36:28,2026-08-12 18:52:28,completed,online,,4215,0.0,210.75,4425.75,PKR
O000730,C00502,S004,2026-08-09 20:20:46,2026-08-10 00:31:46,completed,store,,7225,0.0,361.25,7586.25,PKR
O000731,C00161,S004,2026-07-28 04:53:04,2026-07-28 05:10:04,completed,store,,7565,0.0,378.25,7943.25,PKR
O000732,C00337,S004,2026-07-03 15:48:36,2026-07-04 01:02:36,completed,store,,2940,0.0,147.0,3087.0,PKR
O000733,C00128,S001,2026-06-13 23:36:45,2026-06-14 06:26:45,completed,store,PR003,3400,408.0,149.6,3141.6,PKR
O000734,C00606,S004,2026-06-17 04:30:36,2026-06-17 05:26:36,returned,store,,1690,0.0,84.5,1774.5,PKR
O000735,C00312,S004,2026-08-18 00:32:48,2026-08-18 10:05:48,cancelled,store,PR009,2140,300.0,92.0,1932.0,PKR
O000736,C00097,S001,2026-08-17 08:30:51,2026-08-17 19:09:51,completed,store,PR009,1315,300.0,50.75,1065.75,PKR
O000737,C00734,S006,2026-08-27 01:30:27,2026-08-27 12:21:27,completed,store,,6400,0.0,320.0,6720.0,PKR
O000738,C00199,S004,2026-07-01 16:59:51,2026-07-01 17:11:51,completed,online,,2470,0.0,123.5,2593.5,PKR
O000739,C00171,S003,2026-06-18 02:11:32,2026-06-18 05:23:32,completed,store,PR005,2540,177.8,118.11,2480.31,PKR
O000740,C00058,S001,2026-07-27 14:00:24,2026-07-27 16:43:24,completed,store,PR015,14855,400.0,722.75,15177.75,PKR
O000741,C00155,S001,2026-07-15 05:53:21,2026-07-15 12:38:21,cancelled,store,PR011,3725,223.5,175.08,3676.58,PKR
O000742,C00331,S003,2026-06-13 21:50:15,2026-06-14 04:56:15,completed,store,,1595,0.0,79.75,1674.75,PKR
O000743,C00161,S003,2026-08-26 17:03:10,2026-08-27 00:31:10,completed,store,PR001,3270,327.0,147.15,3090.15,PKR
O000744,C00562,S001,2026-08-16 08:42:10,2026-08-16 11:55:10,completed,online,,5345,0.0,267.25,5612.25,PKR
O000745,C00313,S004,2026-06-26 00:38:00,2026-06-26 04:51:00,completed,store,,3680,0.0,184.0,3864.0,PKR
O000746,C00684,S006,2026-06-26 04:46:43,2026-06-26 15:03:43,completed,store,,3140,0.0,157.0,3297.0,PKR
O000747,C00167,S004,2026-07-06 12:11:39,2026-07-06 22:44:39,completed,store,PR011,2920,175.2,137.24,2882.04,PKR
O000748,C00641,S004,2026-06-08 01:59:41,2026-06-08 07:30:41,completed,store,,5085,0.0,254.25,5339.25,PKR
O000749,C00686,S005,2026-08-24 11:14:33,2026-08-24 18:11:33,completed,store,PR009,4405,300.0,205.25,4310.25,PKR
O000750,C00501,S002,2026-07-26 22:35:31,2026-07-26 23:35:31,completed,store,PR015,2790,400.0,119.5,2509.5,PKR
O000751,C00012,S001,2026-07-19 05:10:51,2026-07-19 10:18:51,completed,store,,955,0.0,47.75,1002.75,PKR
O000752,C00006,S004,2026-06-23 18:01:53,2026-06-24 01:09:53,completed,store,PR002,4820,385.6,221.72,4656.12,PKR
O000753,C00461,S001,2026-07-04 08:15:39,2026-07-04 14:03:39,completed,store,,575,0.0,28.75,603.75,PKR
O000754,C00597,S001,2026-06-28 01:45:22,2026-06-28 10:08:22,completed,online,,4980,0.0,249.0,5229.0,PKR
O000755,C00247,S004,2026-06-15 07:11:47,2026-06-15 14:30:47,completed,store,,1730,0.0,86.5,1816.5,PKR
O000756,C00371,S006,2026-07-19 21:12:32,2026-07-19 21:32:32,cancelled,store,,8980,0.0,449.0,9429.0,PKR
O000757,C00715,S006,2026-06-10 06:33:11,2026-06-10 15:23:11,completed,store,PR008,3745,250.0,174.75,3669.75,PKR
O000758,C00207,S005,2026-06-11 11:51:01,2026-06-11 13:14:01,completed,store,PR005,2965,207.55,137.87,2895.32,PKR
O000759,C00532,S006,2026-08-23 15:20:25,2026-08-23 20:52:25,returned,store,PR009,750,187.5,28.12,590.62,PKR
O000760,C00329,S005,2026-08-10 11:22:14,2026-08-10 23:15:14,completed,store,,11195,0.0,559.75,11754.75,PKR
O000761,C00030,S005,2026-08-17 11:01:34,2026-08-17 11:24:34,completed,store,,3615,0.0,180.75,3795.75,PKR
O000762,C00205,S005,2026-06-02 07:49:19,2026-06-02 17:47:19,completed,store,PR005,2160,151.2,100.44,2109.24,PKR
O000763,C00183,S004,2026-08-26 23:31:51,2026-08-27 00:44:51,completed,store,,3705,0.0,185.25,3890.25,PKR
O000764,C00036,S002,2026-08-30 14:10:23,2026-08-30 16:16:23,completed,store,PR001,3245,324.5,146.03,3066.53,PKR
O000765,C00323,S001,2026-08-15 06:51:02,2026-08-15 17:02:02,completed,store,,890,0.0,44.5,934.5,PKR
O000766,C00114,S002,2026-06-25 16:42:27,2026-06-26 00:22:27,completed,store,,1715,0.0,85.75,1800.75,PKR
O000767,C00260,S001,2026-07-15 18:07:26,2026-07-15 19:37:26,completed,store,,3640,0.0,182.0,3822.0,PKR
O000768,C00592,S002,2026-06-10 00:46:01,2026-06-10 07:50:01,completed,store,,1420,0.0,71.0,1491.0,PKR
O000769,C00428,S006,2026-06-14 12:17:33,2026-06-14 13:54:33,completed,online,PR003,3610,433.2,158.84,3335.64,PKR
O000770,C00147,S006,2026-08-03 08:21:32,2026-08-03 18:44:32,completed,online,,1730,0.0,86.5,1816.5,PKR
O000771,C00302,S002,2026-08-18 03:02:21,2026-08-18 13:29:21,completed,store,PR009,3060,300.0,138.0,2898.0,PKR
O000772,C00412,S004,2026-07-18 13:41:40,2026-07-18 16:40:40,completed,store,PR012,1700,85.0,80.75,1695.75,PKR
O000773,C00490,S003,2026-08-07 02:01:41,2026-08-07 05:25:41,completed,online,,14465,0.0,723.25,15188.25,PKR
O000774,C00628,S006,2026-06-29 00:41:01,2026-06-29 08:30:01,completed,store,,3950,0.0,197.5,4147.5,PKR
O000775,C00653,S001,2026-08-07 21:47:56,2026-08-08 08:56:56,completed,store,,5460,0.0,273.0,5733.0,PKR
O000776,C00749,S002,2026-06-16 11:27:31,2026-06-16 13:24:31,completed,store,,2045,0.0,102.25,2147.25,PKR
O000777,C00035,S005,2026-07-27 18:37:58,2026-07-28 00:52:58,returned,store,,2630,0.0,131.5,2761.5,PKR
O000778,C00339,S002,2026-06-05 15:47:17,2026-06-05 17:52:17,completed,store,,1640,0.0,82.0,1722.0,PKR
O000779,C00245,S003,2026-06-30 20:53:50,2026-06-30 23:28:50,completed,store,,3810,0.0,190.5,4000.5,PKR
O000780,C00257,S004,2026-08-18 05:39:05,2026-08-18 06:38:05,completed,store,,1790,0.0,89.5,1879.5,PKR
O000781,C00049,S002,2026-08-19 01:10:21,2026-08-19 09:12:21,completed,store,PR001,1660,166.0,74.7,1568.7,PKR
O000782,C00006,S002,2026-06-07 06:34:08,2026-06-07 08:29:08,completed,store,,950,0.0,47.5,997.5,PKR
O000783,C00319,S002,2026-07-28 11:52:54,2026-07-28 22:32:54,completed,store,,1635,0.0,81.75,1716.75,PKR
O000784,C00615,S005,2026-08-04 01:49:22,2026-08-04 09:25:22,completed,store,PR013,5825,233.0,279.6,5871.6,PKR
O000785,C00681,S004,2026-08-11 18:15:12,2026-08-12 02:01:12,completed,store,,3160,0.0,158.0,3318.0,PKR
O000786,C00197,S005,2026-06-08 12:40:04,2026-06-08 12:43:04,returned,online,,225,0.0,11.25,236.25,PKR
O000787,C00357,S002,2026-06-13 01:07:31,2026-06-13 13:00:31,completed,store,PR014,3240,356.4,144.18,3027.78,PKR
O000788,C00162,S002,2026-06-16 00:26:18,2026-06-16 11:02:18,completed,store,PR005,8995,629.65,418.27,8783.62,PKR
O000789,C00018,S005,2026-08-08 11:18:39,2026-08-08 11:36:39,completed,online,PR013,885,35.4,42.48,892.08,PKR
O000790,C00568,S005,2026-08-28 07:03:22,2026-08-28 07:38:22,completed,online,,6220,0.0,311.0,6531.0,PKR
O000791,C00107,S005,2026-08-15 06:42:39,2026-08-15 10:52:39,completed,store,,11595,0.0,579.75,12174.75,PKR
O000792,C00449,S003,2026-07-14 02:36:19,2026-07-14 12:48:19,completed,store,,2465,0.0,123.25,2588.25,PKR
O000793,C00314,S006,2026-08-27 18:36:00,2026-08-27 22:32:00,completed,store,,2925,0.0,146.25,3071.25,PKR
O000794,C00526,S001,2026-08-20 15:55:38,2026-08-20 20:29:38,completed,online,PR009,180,45.0,6.75,141.75,PKR
O000795,C00200,S001,2026-07-19 14:41:40,2026-07-19 14:48:40,completed,store,,2155,0.0,107.75,2262.75,PKR
O000796,C00565,S003,2026-07-16 01:58:43,2026-07-16 10:44:43,completed,store,PR015,1700,400.0,65.0,1365.0,PKR
O000797,C00481,S005,2026-08-17 19:36:49,2026-08-18 04:52:49,completed,store,PR001,5335,533.5,240.08,5041.58,PKR
O000798,C00618,S001,2026-08-16 03:57:01,2026-08-16 05:58:01,completed,store,,1760,0.0,88.0,1848.0,PKR
O000799,C00326,S001,2026-07-15 03:06:04,2026-07-15 11:17:04,completed,store,PR015,1985,400.0,79.25,1664.25,PKR
O000800,C00295,S006,2026-06-11 05:34:22,2026-06-11 12:02:22,completed,store,,3885,0.0,194.25,4079.25,PKR
O000801,C00454,S004,2026-08-11 05:13:21,2026-08-11 08:45:21,completed,store,PR013,1715,68.6,82.32,1728.72,PKR
O000802,C00212,S002,2026-08-22 14:06:32,2026-08-22 15:02:32,completed,online,,890,0.0,44.5,934.5,PKR
O000803,C00456,S002,2026-07-23 09:10:14,2026-07-23 20:36:14,completed,online,PR010,720,180.0,27.0,567.0,PKR
O000804,C00058,S001,2026-07-29 08:06:52,2026-07-29 13:06:52,completed,online,PR015,4505,400.0,205.25,4310.25,PKR
O000805,C00233,S006,2026-07-26 13:28:13,2026-07-27 01:12:13,completed,store,PR015,2225,400.0,91.25,1916.25,PKR
O000806,C00429,S003,2026-07-19 01:57:14,2026-07-19 07:02:14,completed,store,PR013,3175,127.0,152.4,3200.4,PKR
O000807,C00421,S002,2026-08-27 03:05:51,2026-08-27 14:50:51,completed,store,PR009,1960,300.0,83.0,1743.0,PKR
O000808,C00492,S002,2026-07-29 09:53:58,2026-07-29 19:56:58,completed,store,,1775,0.0,88.75,1863.75,PKR
O000809,C00228,S001,2026-08-10 01:19:06,2026-08-10 02:26:06,completed,store,PR013,3085,123.4,148.08,3109.68,PKR
O000810,C00371,S006,2026-07-03 20:59:54,2026-07-04 08:45:54,completed,store,,1070,0.0,53.5,1123.5,PKR
O000811,C00731,S001,2026-08-14 03:16:25,2026-08-14 03:56:25,cancelled,store,,690,0.0,34.5,724.5,PKR
O000812,C00102,S004,2026-08-26 10:54:09,2026-08-26 14:02:09,completed,store,,8000,0.0,400.0,8400.0,PKR
O000813,C00610,S002,2026-06-16 09:58:41,2026-06-16 12:18:41,completed,store,PR014,11500,1265.0,511.75,10746.75,PKR
O000814,C00019,S002,2026-08-27 12:29:03,2026-08-27 20:55:03,completed,store,PR009,3085,300.0,139.25,2924.25,PKR
O000815,C00191,S001,2026-06-28 20:38:30,2026-06-29 02:13:30,completed,online,,2075,0.0,103.75,2178.75,PKR
O000816,C00248,S003,2026-07-03 16:36:18,2026-07-03 21:20:18,completed,online,,2545,0.0,127.25,2672.25,PKR
O000817,C00438,S004,2026-07-08 06:31:17,2026-07-08 11:28:17,completed,online,PR011,1945,116.7,91.42,1919.72,PKR
O000818,C00065,S005,2026-08-19 10:59:10,2026-08-19 14:09:10,completed,store,PR001,230,23.0,10.35,217.35,PKR
O000819,C00561,S001,2026-06-19 10:20:13,2026-06-19 18:44:13,returned,store,PR003,3850,462.0,169.4,3557.4,PKR
O000820,C00704,S003,2026-08-21 19:25:35,2026-08-22 00:31:35,completed,store,,1685,0.0,84.25,1769.25,PKR
O000821,C00161,S005,2026-07-12 13:18:58,2026-07-12 22:34:58,completed,online,,2430,0.0,121.5,2551.5,PKR
O000822,C00200,S001,2026-06-11 01:00:32,2026-06-11 02:55:32,completed,online,PR003,9110,1093.2,400.84,8417.64,PKR
O000823,C00208,S004,2026-06-20 01:36:44,2026-06-20 03:57:44,completed,store,,2280,0.0,114.0,2394.0,PKR
O000824,C00401,S002,2026-07-27 12:22:53,2026-07-27 16:53:53,completed,store,PR015,10090,400.0,484.5,10174.5,PKR
O000825,C00230,S004,2026-07-17 08:42:33,2026-07-17 10:33:33,completed,online,,4105,0.0,205.25,4310.25,PKR
O000826,C00120,S006,2026-07-18 05:30:57,2026-07-18 11:48:57,cancelled,store,,1870,0.0,93.5,1963.5,PKR
O000827,C00127,S004,2026-06-14 07:04:48,2026-06-14 11:09:48,completed,store,PR014,600,66.0,26.7,560.7,PKR
O000828,C00449,S006,2026-08-17 02:47:40,2026-08-17 12:11:40,completed,online,,4530,0.0,226.5,4756.5,PKR
O000829,C00641,S001,2026-08-26 07:23:17,2026-08-26 08:19:17,completed,store,,430,0.0,21.5,451.5,PKR
O000830,C00594,S001,2026-08-21 03:03:50,2026-08-21 15:02:50,completed,store,PR001,6635,663.5,298.57,6270.07,PKR
O000831,C00307,S006,2026-07-21 00:28:16,2026-07-21 03:24:16,completed,store,PR012,6605,330.25,313.74,6588.49,PKR
O000832,C00087,S003,2026-07-11 22:54:12,2026-07-12 05:46:12,completed,online,,5655,0.0,282.75,5937.75,PKR
O000833,C00266,S005,2026-08-26 07:35:58,2026-08-26 12:10:58,completed,store,,2235,0.0,111.75,2346.75,PKR
O000834,C00110,S001,2026-07-25 22:05:21,2026-07-26 09:08:21,completed,store,,2585,0.0,129.25,2714.25,PKR
O000835,C00615,S001,2026-08-26 21:27:50,2026-08-27 01:13:50,cancelled,store,,7765,0.0,388.25,8153.25,PKR
O000836,C00074,S002,2026-07-02 05:02:48,2026-07-02 11:40:48,completed,store,,2285,0.0,114.25,2399.25,PKR
O000837,C00327,S001,2026-06-07 18:02:42,2026-06-07 18:36:42,completed,online,,2810,0.0,140.5,2950.5,PKR
O000838,C00426,S003,2026-07-18 08:20:07,2026-07-18 13:11:07,completed,store,,1700,0.0,85.0,1785.0,PKR
O000839,C00312,S001,2026-08-12 02:58:25,2026-08-12 03:37:25,completed,store,,1405,0.0,70.25,1475.25,PKR
O000840,C00620,S005,2026-07-02 23:39:52,2026-07-03 05:28:52,completed,store,,2740,0.0,137.0,2877.0,PKR
O000841,C00486,S006,2026-06-09 05:04:45,2026-06-09 12:38:45,cancelled,online,PR008,2035,250.0,89.25,1874.25,PKR
O000842,C00603,S004,2026-06-04 05:11:27,2026-06-04 15:20:27,completed,store,,3145,0.0,157.25,3302.25,PKR
O000843,C00580,S005,2026-08-10 06:29:35,2026-08-10 09:17:35,cancelled,store,,3110,0.0,155.5,3265.5,PKR
O000844,C00357,S002,2026-07-06 16:55:58,2026-07-06 22:58:58,completed,online,PR012,5355,267.75,254.36,5341.61,PKR
O000845,C00416,S004,2026-08-12 09:37:43,2026-08-12 16:25:43,completed,store,,6320,0.0,316.0,6636.0,PKR
O000846,C00452,S005,2026-08-25 02:45:07,2026-08-25 09:18:07,completed,store,,1360,0.0,68.0,1428.0,PKR
O000847,C00194,S006,2026-08-17 14:19:51,2026-08-17 20:07:51,completed,store,PR009,5790,300.0,274.5,5764.5,PKR
O000848,C00237,S004,2026-06-16 10:10:30,2026-06-16 14:48:30,completed,online,,6530,0.0,326.5,6856.5,PKR
O000849,C00631,S004,2026-07-29 06:00:39,2026-07-29 14:29:39,completed,store,,2640,0.0,132.0,2772.0,PKR
O000850,C00741,S004,2026-06-23 01:12:38,2026-06-23 10:58:38,completed,store,,4630,0.0,231.5,4861.5,PKR
O000851,C00424,S006,2026-08-17 06:02:09,2026-08-17 18:01:09,completed,online,PR009,1060,265.0,39.75,834.75,PKR
O000852,C00317,S005,2026-06-29 15:28:39,2026-06-29 17:52:39,completed,online,,10695,0.0,534.75,11229.75,PKR
O000853,C00429,S003,2026-08-30 21:30:53,2026-08-31 06:41:53,completed,online,,1635,0.0,81.75,1716.75,PKR
O000854,C00631,S001,2026-07-15 01:53:30,2026-07-15 08:50:30,completed,store,PR012,1645,82.25,78.14,1640.89,PKR
O000855,C00717,S003,2026-06-21 20:04:19,2026-06-21 23:08:19,completed,store,,4815,0.0,240.75,5055.75,PKR
O000856,C00103,S003,2026-06-18 19:14:22,2026-06-19 05:20:22,completed,store,,3400,0.0,170.0,3570.0,PKR
O000857,C00656,S002,2026-06-14 19:53:38,2026-06-14 21:41:38,completed,store,,970,0.0,48.5,1018.5,PKR
O000858,C00712,S006,2026-07-30 22:34:34,2026-07-31 09:50:34,completed,store,PR013,1635,65.4,78.48,1648.08,PKR
O000859,C00455,S001,2026-06-21 03:16:40,2026-06-21 04:04:40,cancelled,store,,1460,0.0,73.0,1533.0,PKR
O000860,C00202,S005,2026-08-26 21:58:17,2026-08-27 04:55:17,completed,store,PR001,2120,212.0,95.4,2003.4,PKR
O000861,C00348,S006,2026-08-31 20:13:48,2026-09-01 04:04:48,completed,store,,2080,0.0,104.0,2184.0,PKR
O000862,C00649,S005,2026-06-24 07:39:16,2026-06-24 17:36:16,completed,store,,1685,0.0,84.25,1769.25,PKR
O000863,C00412,S003,2026-08-06 10:47:12,2026-08-06 15:10:12,completed,store,,530,0.0,26.5,556.5,PKR
O000864,C00384,S005,2026-06-06 17:24:18,2026-06-07 04:23:18,completed,store,PR008,3375,250.0,156.25,3281.25,PKR
O000865,C00458,S001,2026-08-09 14:07:40,2026-08-09 17:31:40,completed,store,,6330,0.0,316.5,6646.5,PKR
O000866,C00119,S003,2026-06-08 08:22:48,2026-06-08 09:18:48,completed,store,PR005,3150,220.5,146.47,3075.97,PKR
O000867,C00563,S004,2026-06-04 14:27:25,2026-06-04 18:40:25,completed,store,,6630,0.0,331.5,6961.5,PKR
O000868,C00379,S002,2026-08-22 14:31:43,2026-08-22 20:32:43,completed,store,,5380,0.0,269.0,5649.0,PKR
O000869,C00354,S002,2026-08-17 09:33:12,2026-08-17 18:18:12,completed,store,,8435,0.0,421.75,8856.75,PKR
O000870,C00337,S006,2026-07-12 20:25:06,2026-07-13 08:17:06,completed,online,PR015,4900,400.0,225.0,4725.0,PKR
O000871,C00433,S005,2026-07-18 19:28:02,2026-07-19 02:53:02,cancelled,store,,3275,0.0,163.75,3438.75,PKR
O000872,C00421,S006,2026-08-21 03:52:49,2026-08-21 14:33:49,completed,online,PR009,7510,300.0,360.5,7570.5,PKR
O000873,C00244,S001,2026-08-04 21:22:34,2026-08-05 08:39:34,completed,store,,1700,0.0,85.0,1785.0,PKR
O000874,C00251,S005,2026-08-17 20:00:00,2026-08-17 20:43:00,completed,store,,6160,0.0,308.0,6468.0,PKR
O000875,C00067,S004,2026-06-23 16:53:52,2026-06-23 23:35:52,completed,store,PR003,2690,322.8,118.36,2485.56,PKR
O000876,C00452,S005,2026-07-05 17:56:14,2026-07-06 02:16:14,completed,store,PR012,850,42.5,40.38,847.88,PKR
O000877,C00059,S004,2026-08-22 05:55:34,2026-08-22 15:17:34,completed,online,PR001,770,77.0,34.65,727.65,PKR
O000878,C00072,S001,2026-06-08 07:30:25,2026-06-08 12:47:25,cancelled,store,PR008,3550,250.0,165.0,3465.0,PKR
O000879,C00220,S003,2026-08-17 03:29:48,2026-08-17 12:19:48,completed,store,PR009,2705,300.0,120.25,2525.25,PKR
O000880,C00065,S003,2026-06-13 17:20:26,2026-06-14 01:14:26,completed,store,,6760,0.0,338.0,7098.0,PKR
O000881,C00275,S004,2026-06-20 03:01:45,2026-06-20 11:11:45,completed,store,,4430,0.0,221.5,4651.5,PKR
O000882,C00638,S002,2026-07-16 06:36:35,2026-07-16 06:56:35,completed,store,,3430,0.0,171.5,3601.5,PKR
O000883,C00243,S005,2026-07-14 10:57:17,2026-07-14 12:22:17,completed,store,PR011,2380,142.8,111.86,2349.06,PKR
O000884,C00030,S001,2026-06-29 02:54:43,2026-06-29 03:49:43,completed,store,,3840,0.0,192.0,4032.0,PKR
O000885,C00421,S003,2026-07-13 11:43:23,2026-07-13 21:12:23,completed,store,,4275,0.0,213.75,4488.75,PKR
O000886,C00618,S003,2026-06-24 23:12:17,2026-06-25 02:46:17,completed,store,,2695,0.0,134.75,2829.75,PKR
O000887,C00731,S004,2026-06-28 11:40:34,2026-06-28 20:34:34,completed,store,,2135,0.0,106.75,2241.75,PKR
O000888,C00189,S005,2026-07-27 22:46:37,2026-07-28 02:29:37,completed,store,PR015,1365,341.25,51.19,1074.94,PKR
O000889,C00188,S003,2026-08-16 09:10:17,2026-08-16 16:26:17,completed,store,,780,0.0,39.0,819.0,PKR
O000890,C00440,S004,2026-07-24 04:22:21,2026-07-24 10:01:21,completed,store,,5645,0.0,282.25,5927.25,PKR
O000891,C00423,S001,2026-08-04 14:28:01,2026-08-04 21:20:01,completed,store,,5925,0.0,296.25,6221.25,PKR
O000892,C00100,S002,2026-06-25 00:59:14,2026-06-25 06:30:14,completed,store,,3280,0.0,164.0,3444.0,PKR
O000893,C00030,S001,2026-08-18 07:01:22,2026-08-18 09:02:22,completed,online,,825,0.0,41.25,866.25,PKR
O000894,C00400,S002,2026-07-19 14:08:28,2026-07-19 22:59:28,completed,store,,6375,0.0,318.75,6693.75,PKR
O000895,C00701,S001,2026-07-29 08:13:24,2026-07-29 10:31:24,completed,store,PR006,3380,338.0,152.1,3194.1,PKR
O000896,C00586,S001,2026-08-21 10:45:12,2026-08-21 18:51:12,completed,store,PR009,2625,300.0,116.25,2441.25,PKR
O000897,C00005,S002,2026-07-23 20:08:20,2026-07-24 05:52:20,completed,online,PR012,1215,60.75,57.71,1211.96,PKR
O000898,C00303,S006,2026-08-05 23:03:46,2026-08-06 10:26:46,cancelled,store,,215,0.0,10.75,225.75,PKR
O000899,C00706,S005,2026-08-09 02:29:49,2026-08-09 06:40:49,completed,store,,220,0.0,11.0,231.0,PKR
O000900,C00387,S005,2026-08-21 00:05:57,2026-08-21 00:32:57,completed,store,,3095,0.0,154.75,3249.75,PKR
O000901,C00282,S002,2026-07-28 05:18:23,2026-07-28 11:27:23,completed,store,,4135,0.0,206.75,4341.75,PKR
O000902,C00633,S004,2026-06-10 07:10:41,2026-06-10 14:30:41,completed,online,,855,0.0,42.75,897.75,PKR
O000903,C00684,S003,2026-07-07 22:24:22,2026-07-08 00:17:22,completed,store,,2715,0.0,135.75,2850.75,PKR
O000904,C00046,S006,2026-08-14 04:16:03,2026-08-14 05:53:03,completed,store,,3625,0.0,181.25,3806.25,PKR
O000905,C00032,S003,2026-06-04 10:45:20,2026-06-04 15:38:20,cancelled,store,,4345,0.0,217.25,4562.25,PKR
O000906,C00666,S003,2026-07-17 00:16:18,2026-07-17 05:22:18,completed,store,PR011,4010,240.6,188.47,3957.87,PKR
O000907,C00125,S003,2026-08-23 06:16:22,2026-08-23 14:02:22,completed,online,,2085,0.0,104.25,2189.25,PKR
O000908,C00405,S003,2026-08-27 20:03:59,2026-08-27 23:12:59,completed,store,PR001,265,26.5,11.93,250.43,PKR
O000909,C00360,S005,2026-08-11 15:52:52,2026-08-11 23:56:52,completed,store,,2355,0.0,117.75,2472.75,PKR
O000910,C00025,S004,2026-07-19 05:34:57,2026-07-19 11:37:57,completed,store,,1070,0.0,53.5,1123.5,PKR
O000911,C00280,S005,2026-06-06 09:50:11,2026-06-06 13:51:11,completed,online,PR008,2205,250.0,97.75,2052.75,PKR
O000912,C00584,S002,2026-06-05 17:14:12,2026-06-06 02:29:12,completed,store,PR008,6560,250.0,315.5,6625.5,PKR
O000913,C00564,S002,2026-06-13 22:03:11,2026-06-14 00:30:11,completed,store,,7135,0.0,356.75,7491.75,PKR
O000914,C00504,S006,2026-06-23 17:16:56,2026-06-23 20:34:56,completed,store,PR004,7520,1128.0,319.6,6711.6,PKR
O000915,C00252,S005,2026-08-14 06:15:51,2026-08-14 08:58:51,completed,store,PR009,1440,300.0,57.0,1197.0,PKR
O000916,C00722,S006,2026-07-21 03:58:36,2026-07-21 12:18:36,cancelled,store,PR013,2000,80.0,96.0,2016.0,PKR
O000917,C00206,S004,2026-08-03 14:53:41,2026-08-03 22:50:41,completed,store,,595,0.0,29.75,624.75,PKR
O000918,C00648,S004,2026-06-26 06:46:05,2026-06-26 16:04:05,completed,store,,1315,0.0,65.75,1380.75,PKR
O000919,C00464,S003,2026-08-19 19:27:58,2026-08-20 03:00:58,completed,store,PR001,6290,629.0,283.05,5944.05,PKR
O000920,C00151,S005,2026-08-24 23:45:57,2026-08-25 11:19:57,completed,store,PR009,3765,300.0,173.25,3638.25,PKR
O000921,C00364,S002,2026-07-17 23:44:30,2026-07-18 10:34:30,completed,store,PR010,6000,300.0,285.0,5985.0,PKR
O000922,C00522,S001,2026-08-19 05:49:22,2026-08-19 08:31:22,completed,store,,3900,0.0,195.0,4095.0,PKR
O000923,C00007,S005,2026-08-24 13:39:39,2026-08-24 17:14:39,completed,online,,7070,0.0,353.5,7423.5,PKR
O000924,C00416,S005,2026-08-16 19:52:20,2026-08-17 02:42:20,completed,store,,1470,0.0,73.5,1543.5,PKR
O000925,C00343,S001,2026-08-31 12:18:41,2026-08-31 15:45:41,completed,store,,1500,0.0,75.0,1575.0,PKR
O000926,C00192,S003,2026-08-07 07:42:58,2026-08-07 13:18:58,completed,store,PR013,4315,172.6,207.12,4349.52,PKR
O000927,C00596,S004,2026-06-21 14:39:50,2026-06-21 17:36:50,completed,store,PR005,4000,280.0,186.0,3906.0,PKR
O000928,C00106,S001,2026-06-28 04:13:57,2026-06-28 14:26:57,completed,store,,7380,0.0,369.0,7749.0,PKR
O000929,C00396,S003,2026-07-22 11:13:49,2026-07-22 22:21:49,completed,store,PR012,935,46.75,44.41,932.66,PKR
O000930,C00549,S006,2026-06-23 09:45:40,2026-06-23 21:27:40,completed,store,,4215,0.0,210.75,4425.75,PKR
O000931,C00430,S002,2026-06-15 15:46:13,2026-06-15 16:19:13,completed,store,PR014,3645,400.95,162.2,3406.25,PKR
O000932,C00312,S005,2026-06-19 17:24:17,2026-06-19 18:02:17,completed,store,,1345,0.0,67.25,1412.25,PKR
O000933,C00213,S004,2026-06-09 08:49:15,2026-06-09 13:56:15,completed,online,,4190,0.0,209.5,4399.5,PKR
O000934,C00602,S005,2026-06-18 19:39:44,2026-06-19 05:10:44,returned,store,PR002,3740,299.2,172.04,3612.84,PKR
O000935,C00733,S006,2026-07-16 22:40:16,2026-07-17 10:03:16,completed,store,,895,0.0,44.75,939.75,PKR
O000936,C00341,S004,2026-07-28 15:12:31,2026-07-29 01:31:31,completed,store,,1805,0.0,90.25,1895.25,PKR
O000937,C00128,S001,2026-07-30 12:37:21,2026-07-30 20:33:21,completed,online,,895,0.0,44.75,939.75,PKR
O000938,C00649,S006,2026-07-02 00:34:03,2026-07-02 04:11:03,completed,store,PR002,5770,461.6,265.42,5573.82,PKR
O000939,C00076,S004,2026-07-13 11:45:21,2026-07-13 22:31:21,completed,store,,2735,0.0,136.75,2871.75,PKR
O000940,C00563,S004,2026-06-09 00:16:52,2026-06-09 03:10:52,completed,store,,4180,0.0,209.0,4389.0,PKR
O000941,C00380,S005,2026-07-12 11:37:13,2026-07-12 17:57:13,completed,store,,675,0.0,33.75,708.75,PKR
O000942,C00031,S005,2026-07-17 05:09:47,2026-07-17 16:37:47,completed,online,,385,0.0,19.25,404.25,PKR
O000943,C00271,S003,2026-07-04 11:38:48,2026-07-04 16:33:48,completed,store,PR002,6220,497.6,286.12,6008.52,PKR
O000944,C00595,S004,2026-08-29 12:44:19,2026-08-29 23:40:19,completed,store,,1360,0.0,68.0,1428.0,PKR
O000945,C00682,S002,2026-07-06 11:10:42,2026-07-06 14:34:42,completed,online,PR011,3900,234.0,183.3,3849.3,PKR
O000946,C00101,S001,2026-06-14 02:12:43,2026-06-14 13:14:43,completed,store,,11960,0.0,598.0,12558.0,PKR
O000947,C00200,S005,2026-07-19 03:44:00,2026-07-19 07:33:00,completed,store,PR010,6420,300.0,306.0,6426.0,PKR
O000948,C00122,S002,2026-06-19 17:44:12,2026-06-20 01:41:12,completed,store,,12485,0.0,624.25,13109.25,PKR
O000949,C00495,S005,2026-06-17 01:01:18,2026-06-17 05:30:18,completed,store,,5150,0.0,257.5,5407.5,PKR
O000950,C00077,S002,2026-06-12 18:11:29,2026-06-12 19:37:29,completed,store,,3610,0.0,180.5,3790.5,PKR
O000951,C00092,S005,2026-07-23 10:07:25,2026-07-23 20:31:25,completed,store,PR015,2280,400.0,94.0,1974.0,PKR
O000952,C00396,S004,2026-06-10 07:40:14,2026-06-10 13:14:14,completed,store,PR014,5970,656.7,265.67,5578.97,PKR
O000953,C00008,S005,2026-06-05 05:47:02,2026-06-05 12:02:02,completed,store,PR014,5780,635.8,257.21,5401.41,PKR
O000954,C00555,S001,2026-07-24 02:11:11,2026-07-24 04:06:11,cancelled,store,PR012,4040,202.0,191.9,4029.9,PKR
O000955,C00468,S002,2026-07-02 08:42:57,2026-07-02 09:36:57,returned,store,PR002,1495,119.6,68.77,1444.17,PKR
O000956,C00228,S001,2026-08-09 16:19:40,2026-08-09 22:24:40,completed,store,,10230,0.0,511.5,10741.5,PKR
O000957,C00390,S001,2026-08-08 21:24:12,2026-08-09 01:05:12,completed,store,PR013,1690,67.6,81.12,1703.52,PKR
O000958,C00746,S002,2026-08-07 08:39:00,2026-08-07 13:15:00,completed,store,PR013,3400,136.0,163.2,3427.2,PKR
O000959,C00629,S003,2026-07-18 20:03:21,2026-07-19 01:36:21,completed,online,,2765,0.0,138.25,2903.25,PKR
O000960,C00673,S001,2026-06-28 04:59:15,2026-06-28 15:28:15,returned,store,,6025,0.0,301.25,6326.25,PKR
O000961,C00506,S006,2026-06-11 00:57:30,2026-06-11 12:31:30,completed,store,PR003,5595,671.4,246.18,5169.78,PKR
O000962,C00410,S001,2026-08-26 13:48:42,2026-08-26 15:16:42,completed,store,,4650,0.0,232.5,4882.5,PKR
O000963,C00526,S003,2026-08-22 03:13:51,2026-08-22 07:29:51,completed,store,PR001,3295,329.5,148.28,3113.78,PKR
O000964,C00061,S003,2026-06-03 17:28:00,2026-06-03 17:53:00,completed,store,,1255,0.0,62.75,1317.75,PKR
O000965,C00214,S004,2026-07-13 21:52:39,2026-07-14 05:59:39,returned,online,,4290,0.0,214.5,4504.5,PKR
O000966,C00379,S001,2026-07-01 11:11:27,2026-07-01 15:52:27,completed,store,PR002,1435,114.8,66.01,1386.21,PKR
O000967,C00183,S004,2026-06-14 11:29:30,2026-06-14 15:34:30,completed,store,,3245,0.0,162.25,3407.25,PKR
O000968,C00613,S003,2026-08-01 06:46:46,2026-08-01 13:22:46,completed,store,PR006,2105,210.5,94.73,1989.23,PKR
O000969,C00437,S003,2026-06-14 12:29:29,2026-06-14 20:14:29,completed,store,,10415,0.0,520.75,10935.75,PKR
O000970,C00367,S001,2026-07-24 01:46:43,2026-07-24 05:30:43,completed,store,,5055,0.0,252.75,5307.75,PKR
O000971,C00701,S005,2026-08-19 22:12:22,2026-08-20 00:13:22,completed,store,,4855,0.0,242.75,5097.75,PKR
O000972,C00521,S003,2026-08-31 09:53:17,2026-08-31 12:13:17,completed,store,,6275,0.0,313.75,6588.75,PKR
O000973,C00614,S004,2026-08-30 03:33:58,2026-08-30 13:31:58,completed,store,,650,0.0,32.5,682.5,PKR
O000974,C00623,S006,2026-08-11 13:58:50,2026-08-11 15:28:50,completed,store,PR013,2410,96.4,115.68,2429.28,PKR
O000975,C00699,S001,2026-08-12 01:33:56,2026-08-12 02:49:56,completed,store,,1780,0.0,89.0,1869.0,PKR
O000976,C00738,S001,2026-08-22 02:30:13,2026-08-22 06:47:13,completed,online,,4170,0.0,208.5,4378.5,PKR
O000977,C00295,S005,2026-08-14 15:43:08,2026-08-15 03:27:08,completed,store,PR001,5635,563.5,253.58,5325.08,PKR
O000978,C00181,S001,2026-06-12 14:21:46,2026-06-12 22:39:46,completed,online,,8550,0.0,427.5,8977.5,PKR
O000979,C00359,S005,2026-07-22 07:59:44,2026-07-22 16:41:44,completed,store,,3420,0.0,171.0,3591.0,PKR
O000980,C00606,S001,2026-06-16 04:25:58,2026-06-16 14:25:58,completed,store,PR003,310,37.2,13.64,286.44,PKR
O000981,C00506,S002,2026-08-02 10:58:23,2026-08-02 15:31:23,completed,store,,2180,0.0,109.0,2289.0,PKR
O000982,C00091,S004,2026-06-30 19:35:45,2026-07-01 01:25:45,completed,store,,4010,0.0,200.5,4210.5,PKR
O000983,C00212,S003,2026-07-22 05:21:05,2026-07-22 13:32:05,completed,store,,5250,0.0,262.5,5512.5,PKR
O000984,C00286,S002,2026-08-14 04:47:38,2026-08-14 11:02:38,completed,store,,2925,0.0,146.25,3071.25,PKR
O000985,C00668,S002,2026-06-17 04:56:36,2026-06-17 05:36:36,completed,store,,8840,0.0,442.0,9282.0,PKR
O000986,C00251,S006,2026-08-20 09:28:20,2026-08-20 14:52:20,completed,online,PR001,1190,119.0,53.55,1124.55,PKR
O000987,C00562,S001,2026-08-22 00:23:54,2026-08-22 11:21:54,completed,store,PR001,3030,303.0,136.35,2863.35,PKR
O000988,C00691,S003,2026-06-12 21:16:42,2026-06-12 21:59:42,cancelled,store,,1195,0.0,59.75,1254.75,PKR
O000989,C00159,S004,2026-06-22 15:53:07,2026-06-22 19:19:07,completed,store,,3305,0.0,165.25,3470.25,PKR
O000990,C00581,S001,2026-07-04 03:18:57,2026-07-04 14:41:57,cancelled,store,,3320,0.0,166.0,3486.0,PKR
O000991,C00739,S001,2026-08-03 19:56:23,2026-08-04 02:04:23,completed,store,PR013,935,37.4,44.88,942.48,PKR
O000992,C00640,S004,2026-08-09 18:07:48,2026-08-09 18:34:48,completed,store,PR006,2020,202.0,90.9,1908.9,PKR
O000993,C00318,S001,2026-08-04 19:41:30,2026-08-04 21:37:30,completed,store,PR013,530,21.2,25.44,534.24,PKR
O000994,C00522,S006,2026-08-18 11:32:20,2026-08-18 21:13:20,completed,store,,3460,0.0,173.0,3633.0,PKR
O000995,C00517,S004,2026-06-06 03:12:16,2026-06-06 10:53:16,completed,store,,5650,0.0,282.5,5932.5,PKR
O000996,C00749,S005,2026-06-11 16:37:04,2026-06-12 02:28:04,completed,online,,1175,0.0,58.75,1233.75,PKR
O000997,C00395,S005,2026-07-07 17:24:55,2026-07-08 01:46:55,completed,store,,3130,0.0,156.5,3286.5,PKR
O000998,C00370,S002,2026-08-10 09:43:40,2026-08-10 12:07:40,completed,online,,3495,0.0,174.75,3669.75,PKR
O000999,C00674,S006,2026-07-11 13:25:12,2026-07-11 14:39:12,completed,store,,1080,0.0,54.0,1134.0,PKR
O001000,C00313,S001,2026-06-20 04:30:56,2026-06-20 15:52:56,completed,store,PR004,5055,758.25,214.84,4511.59,PKR
O001001,C00502,S002,2026-08-14 21:14:17,2026-08-15 06:23:17,completed,store,,3000,0.0,150.0,3150.0,PKR
O001002,C00513,S003,2026-07-04 09:16:29,2026-07-04 13:37:29,completed,store,,2015,0.0,100.75,2115.75,PKR
O001003,C00048,S003,2026-06-30 11:28:09,2026-06-30 16:55:09,completed,online,,4530,0.0,226.5,4756.5,PKR
O001004,C00392,S006,2026-06-10 22:58:17,2026-06-11 10:33:17,completed,store,,1860,0.0,93.0,1953.0,PKR
O001005,C00610,S004,2026-08-11 10:14:57,2026-08-11 20:59:57,completed,store,,1560,0.0,78.0,1638.0,PKR
O001006,C00419,S001,2026-06-07 02:04:25,2026-06-07 06:02:25,completed,store,PR008,1730,250.0,74.0,1554.0,PKR
O001007,C00357,S005,2026-06-02 03:09:32,2026-06-02 12:10:32,completed,store,PR008,730,182.5,27.38,574.88,PKR
O001008,C00620,S001,2026-06-07 04:24:38,2026-06-07 09:16:38,completed,store,,230,0.0,11.5,241.5,PKR
O001009,C00618,S005,2026-07-17 03:14:38,2026-07-17 09:04:38,completed,online,,1100,0.0,55.0,1155.0,PKR
O001010,C00167,S003,2026-06-02 15:26:13,2026-06-02 22:37:13,completed,store,PR008,1190,250.0,47.0,987.0,PKR
O001011,C00162,S006,2026-08-26 02:08:43,2026-08-26 09:20:43,completed,store,,620,0.0,31.0,651.0,PKR
O001012,C00293,S004,2026-06-30 04:01:41,2026-06-30 15:20:41,completed,store,,12370,0.0,618.5,12988.5,PKR
O001013,C00711,S006,2026-06-20 10:36:35,2026-06-20 20:09:35,completed,store,PR002,3610,288.8,166.06,3487.26,PKR
O001014,C00346,S006,2026-06-13 06:54:56,2026-06-13 10:30:56,completed,store,,1685,0.0,84.25,1769.25,PKR
O001015,C00315,S001,2026-06-10 19:03:24,2026-06-11 03:07:24,completed,store,,2780,0.0,139.0,2919.0,PKR
O001016,C00694,S002,2026-06-25 23:17:57,2026-06-26 08:45:57,completed,store,,6315,0.0,315.75,6630.75,PKR
O001017,C00319,S004,2026-08-24 04:05:58,2026-08-24 05:57:58,completed,store,PR001,4850,485.0,218.25,4583.25,PKR
O001018,C00646,S003,2026-06-25 19:10:12,2026-06-26 01:58:12,completed,store,,4395,0.0,219.75,4614.75,PKR
O001019,C00703,S001,2026-06-20 21:56:32,2026-06-20 23:42:32,completed,store,,1110,0.0,55.5,1165.5,PKR
O001020,C00003,S003,2026-08-31 17:05:18,2026-08-31 23:40:18,completed,store,,4420,0.0,221.0,4641.0,PKR
O001021,C00085,S001,2026-07-16 15:23:40,2026-07-16 16:52:40,completed,store,PR012,895,44.75,42.51,892.76,PKR
O001022,C00205,S002,2026-06-03 22:16:17,2026-06-04 02:00:17,completed,store,,3285,0.0,164.25,3449.25,PKR
O001023,C00729,S006,2026-07-13 07:08:53,2026-07-13 18:08:53,completed,store,,2365,0.0,118.25,2483.25,PKR
O001024,C00008,S003,2026-06-13 09:19:40,2026-06-13 16:42:40,completed,store,PR002,2810,224.8,129.26,2714.46,PKR
O001025,C00402,S004,2026-07-16 06:36:06,2026-07-16 12:26:06,completed,store,,5530,0.0,276.5,5806.5,PKR
O001026,C00560,S001,2026-08-14 04:35:50,2026-08-14 11:20:50,completed,store,PR009,6150,300.0,292.5,6142.5,PKR
O001027,C00398,S005,2026-07-08 06:06:55,2026-07-08 09:33:55,completed,store,,6100,0.0,305.0,6405.0,PKR
O001028,C00524,S005,2026-07-15 16:43:06,2026-07-15 23:24:06,completed,store,,3765,0.0,188.25,3953.25,PKR
O001029,C00599,S006,2026-06-04 23:18:07,2026-06-05 09:29:07,completed,store,PR008,1255,250.0,50.25,1055.25,PKR
O001030,C00073,S002,2026-06-07 07:54:59,2026-06-07 11:11:59,completed,store,,4215,0.0,210.75,4425.75,PKR
O001031,C00059,S002,2026-07-24 16:17:53,2026-07-24 20:48:53,completed,online,,1045,0.0,52.25,1097.25,PKR
O001032,C00608,S001,2026-08-26 09:46:03,2026-08-26 21:24:03,completed,store,,6015,0.0,300.75,6315.75,PKR
O001033,C00568,S006,2026-06-16 15:24:52,2026-06-16 16:24:52,returned,store,,8780,0.0,439.0,9219.0,PKR
O001034,C00040,S001,2026-06-12 13:05:48,2026-06-12 17:16:48,completed,store,,2100,0.0,105.0,2205.0,PKR
O001035,C00427,S003,2026-06-13 13:52:24,2026-06-13 15:44:24,completed,online,,225,0.0,11.25,236.25,PKR
O001036,C00255,S006,2026-06-12 19:32:41,2026-06-12 21:34:41,completed,store,PR003,2810,337.2,123.64,2596.44,PKR
O001037,C00742,S001,2026-07-18 07:55:14,2026-07-18 13:25:14,completed,store,PR012,975,48.75,46.31,972.56,PKR
O001038,C00159,S003,2026-08-12 04:16:33,2026-08-12 11:58:33,completed,store,,7120,0.0,356.0,7476.0,PKR
O001039,C00277,S006,2026-06-12 14:08:46,2026-06-12 15:59:46,completed,store,PR003,985,118.2,43.34,910.14,PKR
O001040,C00136,S002,2026-08-27 05:33:42,2026-08-27 12:35:42,completed,store,PR009,3535,300.0,161.75,3396.75,PKR
O001041,C00434,S004,2026-07-08 23:39:12,2026-07-09 04:06:12,completed,store,,2485,0.0,124.25,2609.25,PKR
O001042,C00179,S006,2026-07-04 00:11:23,2026-07-04 05:45:23,cancelled,store,PR012,6010,300.5,285.48,5994.98,PKR
O001043,C00048,S005,2026-07-15 18:24:16,2026-07-16 02:41:16,completed,store,,770,0.0,38.5,808.5,PKR
O001044,C00176,S001,2026-07-22 02:30:50,2026-07-22 02:58:50,completed,store,,1305,0.0,65.25,1370.25,PKR
O001045,C00737,S003,2026-08-06 02:42:15,2026-08-06 07:36:15,completed,store,,4275,0.0,213.75,4488.75,PKR
O001046,C00257,S001,2026-08-05 10:15:40,2026-08-05 13:36:40,completed,store,PR013,2350,94.0,112.8,2368.8,PKR
O001047,C00556,S005,2026-07-22 19:50:48,2026-07-23 01:22:48,completed,online,,3525,0.0,176.25,3701.25,PKR
O001048,C00597,S004,2026-08-06 17:48:02,2026-08-06 21:05:02,returned,online,PR013,4270,170.8,204.96,4304.16,PKR
O001049,C00480,S005,2026-08-19 10:41:15,2026-08-19 22:23:15,cancelled,online,PR001,2485,248.5,111.83,2348.33,PKR
O001050,C00625,S001,2026-07-19 17:27:09,2026-07-20 03:06:09,completed,store,,2090,0.0,104.5,2194.5,PKR
O001051,C00270,S005,2026-06-10 12:14:51,2026-06-10 14:10:51,completed,store,PR008,1090,250.0,42.0,882.0,PKR
O001052,C00310,S004,2026-07-05 05:28:24,2026-07-05 13:54:24,completed,store,PR012,310,15.5,14.73,309.23,PKR
O001053,C00491,S003,2026-07-13 23:43:39,2026-07-13 23:56:39,completed,store,,5655,0.0,282.75,5937.75,PKR
O001054,C00131,S004,2026-06-30 16:33:36,2026-06-30 20:58:36,completed,store,,3130,0.0,156.5,3286.5,PKR
O001055,C00163,S006,2026-08-21 07:48:06,2026-08-21 15:00:06,completed,store,PR009,2805,300.0,125.25,2630.25,PKR
O001056,C00101,S001,2026-07-21 20:32:30,2026-07-21 21:09:30,cancelled,store,,390,0.0,19.5,409.5,PKR
O001057,C00583,S006,2026-07-18 06:18:05,2026-07-18 17:02:05,returned,store,PR012,4935,246.75,234.41,4922.66,PKR
O001058,C00660,S005,2026-06-11 15:47:39,2026-06-11 17:42:39,cancelled,store,,2885,0.0,144.25,3029.25,PKR
O001059,C00651,S005,2026-08-16 09:06:07,2026-08-16 17:50:07,completed,store,,6090,0.0,304.5,6394.5,PKR
O001060,C00048,S006,2026-06-28 19:43:03,2026-06-29 04:03:03,completed,store,,4080,0.0,204.0,4284.0,PKR
O001061,C00079,S005,2026-07-11 13:52:56,2026-07-11 13:58:56,completed,store,PR010,385,96.25,14.44,303.19,PKR
O001062,C00459,S002,2026-06-10 09:48:36,2026-06-10 21:48:36,completed,store,,2515,0.0,125.75,2640.75,PKR
O001063,C00385,S001,2026-08-13 07:38:30,2026-08-13 12:08:30,completed,online,PR009,4780,300.0,224.0,4704.0,PKR
O001064,C00088,S002,2026-07-28 04:04:05,2026-07-28 13:47:05,completed,store,PR013,1700,68.0,81.6,1713.6,PKR
O001065,C00502,S003,2026-06-02 03:31:10,2026-06-02 13:33:10,completed,online,,1445,0.0,72.25,1517.25,PKR
O001066,C00031,S006,2026-08-16 17:02:15,2026-08-16 23:16:15,completed,store,,1265,0.0,63.25,1328.25,PKR
O001067,C00634,S001,2026-07-26 12:02:21,2026-07-26 20:29:21,completed,store,PR006,1805,180.5,81.23,1705.73,PKR
O001068,C00701,S003,2026-07-11 15:49:51,2026-07-12 03:09:51,completed,online,PR010,4375,300.0,203.75,4278.75,PKR
O001069,C00098,S001,2026-08-31 03:42:45,2026-08-31 09:09:45,completed,online,PR009,3040,300.0,137.0,2877.0,PKR
O001070,C00389,S006,2026-07-03 23:27:00,2026-07-04 02:42:00,completed,store,,895,0.0,44.75,939.75,PKR
O001071,C00380,S004,2026-07-09 20:28:27,2026-07-09 23:03:27,completed,store,,760,0.0,38.0,798.0,PKR
O001072,C00354,S003,2026-07-16 15:41:44,2026-07-17 02:06:44,completed,store,PR010,1090,272.5,40.88,858.38,PKR
O001073,C00443,S003,2026-06-27 15:28:36,2026-06-28 01:28:36,cancelled,store,,1540,0.0,77.0,1617.0,PKR
O001074,C00463,S001,2026-06-04 18:16:10,2026-06-05 03:33:10,completed,online,,935,0.0,46.75,981.75,PKR
O001075,C00024,S001,2026-08-05 15:13:04,2026-08-05 17:51:04,completed,store,,5160,0.0,258.0,5418.0,PKR
O001076,C00433,S006,2026-07-05 18:39:03,2026-07-05 19:32:03,returned,store,,5790,0.0,289.5,6079.5,PKR
O001077,C00046,S002,2026-08-10 17:39:05,2026-08-10 19:25:05,completed,online,,3195,0.0,159.75,3354.75,PKR
O001078,C00331,S004,2026-07-16 08:56:50,2026-07-16 16:51:50,cancelled,store,,7970,0.0,398.5,8368.5,PKR
O001079,C00633,S006,2026-07-15 14:19:41,2026-07-15 23:13:41,completed,store,PR012,6630,331.5,314.93,6613.43,PKR
O001080,C00047,S002,2026-08-21 23:02:03,2026-08-22 02:21:03,completed,store,,5940,0.0,297.0,6237.0,PKR
O001081,C00031,S005,2026-06-30 21:42:17,2026-07-01 04:09:17,completed,store,,1405,0.0,70.25,1475.25,PKR
O001082,C00694,S002,2026-08-03 17:26:24,2026-08-04 02:21:24,completed,store,PR006,5780,578.0,260.1,5462.1,PKR
O001083,C00670,S001,2026-07-19 10:59:41,2026-07-19 21:15:41,completed,store,PR013,3560,142.4,170.88,3588.48,PKR
O001084,C00104,S001,2026-06-27 14:04:21,2026-06-28 00:21:21,completed,store,,1005,0.0,50.25,1055.25,PKR
O001085,C00574,S002,2026-06-29 19:09:01,2026-06-30 02:54:01,completed,store,,7975,0.0,398.75,8373.75,PKR
O001086,C00539,S005,2026-08-29 11:35:35,2026-08-29 17:44:35,completed,store,,8685,0.0,434.25,9119.25,PKR
O001087,C00446,S001,2026-06-23 19:36:31,2026-06-24 02:28:31,cancelled,online,,1410,0.0,70.5,1480.5,PKR
O001088,C00206,S006,2026-06-28 19:34:26,2026-06-28 20:29:26,completed,store,,11180,0.0,559.0,11739.0,PKR
O001089,C00121,S004,2026-06-07 08:52:25,2026-06-07 13:59:25,completed,store,PR005,3875,271.25,180.19,3783.94,PKR
O001090,C00694,S002,2026-08-24 13:26:11,2026-08-24 13:32:11,completed,store,PR001,3375,337.5,151.88,3189.38,PKR
O001091,C00242,S006,2026-06-23 05:52:06,2026-06-23 16:04:06,completed,store,,1570,0.0,78.5,1648.5,PKR
O001092,C00731,S003,2026-08-03 07:51:22,2026-08-03 12:16:22,completed,store,,1090,0.0,54.5,1144.5,PKR
O001093,C00436,S006,2026-06-29 08:32:58,2026-06-29 10:12:58,completed,store,,770,0.0,38.5,808.5,PKR
O001094,C00650,S003,2026-07-25 12:44:57,2026-07-25 12:45:57,completed,online,PR015,5605,400.0,260.25,5465.25,PKR
O001095,C00600,S002,2026-06-20 16:47:24,2026-06-20 21:35:24,returned,online,PR014,5465,601.15,243.19,5107.04,PKR
O001096,C00524,S003,2026-08-04 23:55:12,2026-08-05 01:35:12,completed,store,,3190,0.0,159.5,3349.5,PKR
O001097,C00122,S004,2026-06-07 09:17:58,2026-06-07 15:10:58,completed,store,,2825,0.0,141.25,2966.25,PKR
O001098,C00053,S002,2026-08-23 05:18:55,2026-08-23 16:20:55,completed,store,,5040,0.0,252.0,5292.0,PKR
O001099,C00446,S005,2026-08-14 06:33:46,2026-08-14 16:18:46,completed,online,PR001,5260,526.0,236.7,4970.7,PKR
O001100,C00005,S003,2026-06-02 13:06:06,2026-06-02 19:42:06,completed,store,PR008,975,243.75,36.56,767.81,PKR
O001101,C00496,S004,2026-08-14 16:03:38,2026-08-15 00:13:38,completed,store,PR001,3640,364.0,163.8,3439.8,PKR
O001102,C00136,S003,2026-08-29 02:16:36,2026-08-29 11:30:36,completed,store,PR009,5690,300.0,269.5,5659.5,PKR
O001103,C00712,S003,2026-08-07 15:22:43,2026-08-07 22:31:43,completed,store,PR013,2315,92.6,111.12,2333.52,PKR
O001104,C00110,S004,2026-08-12 19:45:26,2026-08-13 04:44:26,completed,store,PR006,1250,125.0,56.25,1181.25,PKR
O001105,C00725,S003,2026-08-30 00:16:15,2026-08-30 01:28:15,completed,store,,4515,0.0,225.75,4740.75,PKR
O001106,C00477,S005,2026-08-25 05:59:51,2026-08-25 16:08:51,completed,store,,9830,0.0,491.5,10321.5,PKR
O001107,C00705,S005,2026-07-08 22:26:11,2026-07-09 07:51:11,completed,store,PR011,550,33.0,25.85,542.85,PKR
O001108,C00449,S001,2026-08-07 09:14:09,2026-08-07 19:44:09,completed,online,PR013,2545,101.8,122.16,2565.36,PKR
O001109,C00524,S006,2026-07-26 01:33:27,2026-07-26 10:35:27,completed,store,,1305,0.0,65.25,1370.25,PKR
O001110,C00718,S002,2026-08-03 11:10:45,2026-08-03 14:41:45,completed,store,,4665,0.0,233.25,4898.25,PKR
O001111,C00480,S005,2026-07-18 07:47:34,2026-07-18 10:34:34,completed,store,PR012,3395,169.75,161.26,3386.51,PKR
O001112,C00721,S004,2026-08-06 16:34:38,2026-08-06 21:33:38,completed,store,,2550,0.0,127.5,2677.5,PKR
O001113,C00136,S005,2026-08-12 12:43:21,2026-08-12 13:08:21,completed,store,PR006,1450,145.0,65.25,1370.25,PKR
O001114,C00208,S003,2026-07-22 16:08:19,2026-07-23 00:33:19,completed,store,,3060,0.0,153.0,3213.0,PKR
O001115,C00607,S006,2026-08-13 00:00:08,2026-08-13 02:59:08,completed,store,,5375,0.0,268.75,5643.75,PKR
O001116,C00536,S004,2026-06-02 08:10:15,2026-06-02 15:58:15,completed,store,,1800,0.0,90.0,1890.0,PKR
O001117,C00710,S003,2026-08-02 23:52:58,2026-08-03 00:08:58,returned,store,PR013,720,28.8,34.56,725.76,PKR
O001118,C00138,S006,2026-07-17 10:14:49,2026-07-17 20:52:49,completed,online,,7265,0.0,363.25,7628.25,PKR
O001119,C00611,S001,2026-06-01 22:48:51,2026-06-02 04:27:51,completed,store,PR008,4590,250.0,217.0,4557.0,PKR
O001120,C00090,S004,2026-08-17 01:02:33,2026-08-17 04:11:33,completed,store,,1165,0.0,58.25,1223.25,PKR
O001121,C00157,S003,2026-06-28 10:31:36,2026-06-28 11:02:36,completed,store,,6125,0.0,306.25,6431.25,PKR
O001122,C00561,S002,2026-08-17 03:50:45,2026-08-17 05:38:45,completed,store,,980,0.0,49.0,1029.0,PKR
O001123,C00091,S006,2026-07-23 12:57:00,2026-07-23 17:55:00,completed,store,,5485,0.0,274.25,5759.25,PKR
O001124,C00014,S003,2026-06-26 07:30:39,2026-06-26 18:15:39,completed,store,,3135,0.0,156.75,3291.75,PKR
O001125,C00472,S001,2026-08-14 21:53:02,2026-08-15 07:44:02,completed,store,PR001,5175,517.5,232.88,4890.38,PKR
O001126,C00112,S003,2026-08-07 02:37:07,2026-08-07 08:07:07,completed,store,PR006,2865,286.5,128.93,2707.43,PKR
O001127,C00449,S002,2026-06-21 17:39:04,2026-06-21 17:59:04,completed,store,PR014,2220,244.2,98.79,2074.59,PKR
O001128,C00744,S001,2026-08-27 07:01:08,2026-08-27 10:02:08,completed,store,,850,0.0,42.5,892.5,PKR
O001129,C00107,S006,2026-07-22 12:45:50,2026-07-22 16:37:50,completed,online,,225,0.0,11.25,236.25,PKR
O001130,C00538,S004,2026-08-16 12:19:35,2026-08-16 18:53:35,completed,online,,4860,0.0,243.0,5103.0,PKR
O001131,C00276,S001,2026-08-05 00:27:12,2026-08-05 07:54:12,completed,store,PR013,7770,310.8,372.96,7832.16,PKR
O001132,C00505,S003,2026-06-08 11:41:05,2026-06-08 19:25:05,completed,store,,3920,0.0,196.0,4116.0,PKR
O001133,C00743,S002,2026-08-02 19:00:48,2026-08-02 21:34:48,completed,store,,1110,0.0,55.5,1165.5,PKR
O001134,C00354,S002,2026-07-30 02:05:54,2026-07-30 02:30:54,completed,store,,1720,0.0,86.0,1806.0,PKR
O001135,C00308,S001,2026-06-27 22:10:28,2026-06-28 00:26:28,completed,store,,5700,0.0,285.0,5985.0,PKR
O001136,C00585,S002,2026-07-27 04:59:45,2026-07-27 14:34:45,completed,online,,5990,0.0,299.5,6289.5,PKR
O001137,C00401,S004,2026-07-20 11:23:43,2026-07-20 11:29:43,completed,store,,7030,0.0,351.5,7381.5,PKR
O001138,C00521,S006,2026-07-29 01:00:00,2026-07-29 07:43:00,returned,online,PR013,5610,224.4,269.28,5654.88,PKR
O001139,C00355,S002,2026-06-25 11:05:22,2026-06-25 20:19:22,cancelled,online,,290,0.0,14.5,304.5,PKR
O001140,C00436,S005,2026-08-04 05:20:08,2026-08-04 08:41:08,completed,store,PR013,2590,103.6,124.32,2610.72,PKR
O001141,C00067,S004,2026-07-30 07:03:05,2026-07-30 09:57:05,completed,store,,3655,0.0,182.75,3837.75,PKR
O001142,C00496,S005,2026-08-29 07:48:47,2026-08-29 09:52:47,completed,store,,4585,0.0,229.25,4814.25,PKR
O001143,C00504,S005,2026-06-09 18:54:35,2026-06-09 22:59:35,completed,store,,225,0.0,11.25,236.25,PKR
O001144,C00218,S003,2026-06-24 08:38:34,2026-06-24 09:12:34,completed,store,,2850,0.0,142.5,2992.5,PKR
O001145,C00641,S005,2026-06-30 00:23:12,2026-06-30 00:40:12,completed,online,PR002,3010,240.8,138.46,2907.66,PKR
O001146,C00080,S003,2026-07-09 01:51:01,2026-07-09 11:23:01,completed,store,,3265,0.0,163.25,3428.25,PKR
O001147,C00405,S003,2026-07-13 04:17:31,2026-07-13 14:08:31,cancelled,store,PR010,475,118.75,17.81,374.06,PKR
O001148,C00312,S003,2026-06-17 22:34:35,2026-06-18 06:56:35,completed,store,PR003,4260,511.2,187.44,3936.24,PKR
O001149,C00719,S002,2026-08-18 16:58:12,2026-08-18 18:47:12,cancelled,store,PR001,5920,592.0,266.4,5594.4,PKR
O001150,C00466,S004,2026-06-29 06:00:11,2026-06-29 08:51:11,completed,store,,10430,0.0,521.5,10951.5,PKR
O001151,C00717,S006,2026-08-26 16:39:40,2026-08-27 02:52:40,completed,store,PR009,4775,300.0,223.75,4698.75,PKR
O001152,C00644,S003,2026-06-06 17:16:32,2026-06-06 21:15:32,completed,store,,2115,0.0,105.75,2220.75,PKR
O001153,C00517,S006,2026-06-21 02:44:31,2026-06-21 07:28:31,completed,store,,5170,0.0,258.5,5428.5,PKR
O001154,C00481,S005,2026-06-19 21:22:07,2026-06-20 00:48:07,completed,store,PR014,5695,626.45,253.43,5321.98,PKR
O001155,C00080,S005,2026-07-30 14:15:01,2026-07-30 15:15:01,completed,store,PR013,3010,120.4,144.48,3034.08,PKR
O001156,C00674,S004,2026-07-08 19:51:06,2026-07-08 20:16:06,completed,store,PR015,4430,400.0,201.5,4231.5,PKR
O001157,C00180,S001,2026-06-22 11:30:46,2026-06-22 13:14:46,completed,store,,545,0.0,27.25,572.25,PKR
O001158,C00298,S006,2026-08-09 04:37:35,2026-08-09 07:14:35,completed,store,,450,0.0,22.5,472.5,PKR
O001159,C00594,S003,2026-07-16 13:34:36,2026-07-16 18:11:36,cancelled,online,,9240,0.0,462.0,9702.0,PKR
O001160,C00124,S001,2026-08-18 07:49:45,2026-08-18 19:32:45,completed,store,,3185,0.0,159.25,3344.25,PKR
O001161,C00505,S005,2026-06-03 15:16:19,2026-06-03 17:04:19,cancelled,store,PR008,2180,250.0,96.5,2026.5,PKR
O001162,C00428,S004,2026-06-16 17:43:29,2026-06-16 20:14:29,completed,store,,1155,0.0,57.75,1212.75,PKR
O001163,C00202,S003,2026-08-16 07:46:38,2026-08-16 19:21:38,completed,store,,595,0.0,29.75,624.75,PKR
O001164,C00678,S002,2026-08-30 01:29:25,2026-08-30 07:02:25,completed,store,PR009,2200,300.0,95.0,1995.0,PKR
O001165,C00677,S003,2026-08-30 06:47:45,2026-08-30 11:13:45,completed,store,,1850,0.0,92.5,1942.5,PKR
O001166,C00749,S002,2026-06-11 23:29:39,2026-06-12 07:29:39,completed,store,PR014,5940,653.4,264.33,5550.93,PKR
O001167,C00199,S003,2026-07-03 10:35:30,2026-07-03 18:08:30,completed,store,,6600,0.0,330.0,6930.0,PKR
O001168,C00199,S001,2026-06-25 15:58:14,2026-06-26 00:14:14,completed,store,,1790,0.0,89.5,1879.5,PKR
O001169,C00111,S004,2026-08-31 15:57:06,2026-09-01 00:04:06,completed,online,PR001,3580,358.0,161.1,3383.1,PKR
O001170,C00196,S003,2026-07-16 15:11:22,2026-07-16 16:54:22,completed,online,PR015,1335,333.75,50.06,1051.31,PKR
O001171,C00637,S006,2026-07-01 07:19:34,2026-07-01 12:26:34,completed,store,PR002,5655,452.4,260.13,5462.73,PKR
O001172,C00281,S001,2026-06-30 12:59:55,2026-06-30 15:59:55,completed,store,,3795,0.0,189.75,3984.75,PKR
O001173,C00427,S005,2026-08-10 21:20:22,2026-08-11 00:03:22,completed,store,,8640,0.0,432.0,9072.0,PKR
O001174,C00220,S005,2026-06-11 00:42:59,2026-06-11 01:02:59,completed,store,,7200,0.0,360.0,7560.0,PKR
O001175,C00682,S003,2026-06-23 21:19:50,2026-06-24 08:46:50,completed,store,PR002,3405,272.4,156.63,3289.23,PKR
O001176,C00620,S005,2026-07-29 01:16:21,2026-07-29 01:38:21,completed,store,,2945,0.0,147.25,3092.25,PKR
O001177,C00122,S005,2026-07-27 13:20:20,2026-07-27 19:40:20,completed,store,PR013,5110,204.4,245.28,5150.88,PKR
O001178,C00388,S006,2026-06-06 08:34:57,2026-06-06 08:40:57,completed,store,,2830,0.0,141.5,2971.5,PKR
O001179,C00252,S005,2026-07-01 22:39:54,2026-07-02 07:05:54,completed,store,,10350,0.0,517.5,10867.5,PKR
O001180,C00505,S004,2026-07-23 20:52:25,2026-07-23 22:08:25,completed,store,,12140,0.0,607.0,12747.0,PKR
O001181,C00074,S004,2026-07-11 10:20:30,2026-07-11 11:23:30,completed,store,PR010,4980,300.0,234.0,4914.0,PKR
O001182,C00749,S002,2026-06-03 05:41:54,2026-06-03 07:12:54,completed,store,,1655,0.0,82.75,1737.75,PKR
O001183,C00649,S004,2026-06-12 11:51:51,2026-06-12 21:55:51,completed,store,PR002,3965,317.2,182.39,3830.19,PKR
O001184,C00131,S004,2026-08-30 16:50:22,2026-08-30 17:05:22,returned,store,,2510,0.0,125.5,2635.5,PKR
O001185,C00230,S004,2026-06-08 13:30:58,2026-06-08 19:10:58,completed,store,,8665,0.0,433.25,9098.25,PKR
O001186,C00255,S004,2026-07-24 13:06:31,2026-07-24 18:26:31,completed,online,,530,0.0,26.5,556.5,PKR
O001187,C00540,S005,2026-08-06 02:00:05,2026-08-06 09:33:05,completed,store,,6915,0.0,345.75,7260.75,PKR
O001188,C00498,S001,2026-08-19 20:07:59,2026-08-20 06:36:59,completed,store,,4295,0.0,214.75,4509.75,PKR
O001189,C00109,S005,2026-07-23 13:33:52,2026-07-23 19:56:52,completed,store,,1840,0.0,92.0,1932.0,PKR
O001190,C00684,S005,2026-08-04 18:21:27,2026-08-04 23:53:27,completed,online,,7155,0.0,357.75,7512.75,PKR
O001191,C00375,S002,2026-07-30 00:11:02,2026-07-30 11:39:02,completed,store,,520,0.0,26.0,546.0,PKR
O001192,C00338,S001,2026-06-11 17:18:49,2026-06-11 20:43:49,completed,store,PR005,3865,270.55,179.72,3774.17,PKR
O001193,C00564,S003,2026-08-21 06:25:42,2026-08-21 06:32:42,completed,store,,2550,0.0,127.5,2677.5,PKR
O001194,C00229,S004,2026-07-18 00:26:53,2026-07-18 02:19:53,cancelled,store,,11185,0.0,559.25,11744.25,PKR
O001195,C00140,S005,2026-07-19 21:27:35,2026-07-20 07:13:35,completed,store,PR010,6640,300.0,317.0,6657.0,PKR
O001196,C00474,S002,2026-06-22 06:23:23,2026-06-22 09:58:23,completed,store,,7690,0.0,384.5,8074.5,PKR
O001197,C00353,S006,2026-06-25 18:57:27,2026-06-26 05:55:27,returned,store,,1005,0.0,50.25,1055.25,PKR
O001198,C00120,S006,2026-08-31 01:27:44,2026-08-31 04:38:44,completed,store,,650,0.0,32.5,682.5,PKR
O001199,C00122,S005,2026-07-30 17:25:03,2026-07-30 19:40:03,returned,store,PR015,2905,400.0,125.25,2630.25,PKR
O001200,C00509,S006,2026-08-19 09:29:56,2026-08-19 14:40:56,completed,store,,205,0.0,10.25,215.25,PKR
O001201,C00184,S003,2026-07-07 16:22:46,2026-07-07 22:07:46,completed,store,,2175,0.0,108.75,2283.75,PKR
O001202,C00640,S005,2026-08-23 15:41:49,2026-08-23 18:16:49,cancelled,store,PR009,760,190.0,28.5,598.5,PKR
O001203,C00390,S005,2026-07-08 20:59:14,2026-07-08 21:35:14,cancelled,store,PR007,5320,478.8,242.06,5083.26,PKR
O001204,C00280,S002,2026-07-16 18:19:55,2026-07-17 00:45:55,completed,store,,5455,0.0,272.75,5727.75,PKR
O001205,C00030,S001,2026-07-11 07:09:11,2026-07-11 16:00:11,completed,store,,7745,0.0,387.25,8132.25,PKR
O001206,C00704,S001,2026-07-11 10:01:30,2026-07-11 12:54:30,completed,store,,3650,0.0,182.5,3832.5,PKR
O001207,C00460,S002,2026-07-16 16:49:38,2026-07-16 23:09:38,completed,store,,655,0.0,32.75,687.75,PKR
O001208,C00189,S003,2026-08-07 10:27:56,2026-08-07 11:03:56,completed,store,,2955,0.0,147.75,3102.75,PKR
O001209,C00595,S002,2026-06-06 14:04:12,2026-06-06 19:31:12,completed,store,PR008,7010,250.0,338.0,7098.0,PKR
O001210,C00603,S003,2026-06-19 05:02:04,2026-06-19 06:48:04,completed,store,PR002,385,30.8,17.71,371.91,PKR
O001211,C00486,S004,2026-07-08 01:03:31,2026-07-08 12:20:31,cancelled,store,PR012,3990,199.5,189.53,3980.03,PKR
O001212,C00113,S004,2026-08-17 16:12:18,2026-08-17 17:05:18,completed,store,PR009,5790,300.0,274.5,5764.5,PKR
O001213,C00062,S006,2026-08-06 11:36:40,2026-08-06 12:36:40,completed,store,,1820,0.0,91.0,1911.0,PKR
O001214,C00696,S003,2026-06-17 03:35:22,2026-06-17 05:12:22,completed,store,,2340,0.0,117.0,2457.0,PKR
O001215,C00393,S001,2026-08-22 00:01:37,2026-08-22 01:59:37,completed,store,,6220,0.0,311.0,6531.0,PKR
O001216,C00346,S002,2026-07-11 17:24:56,2026-07-11 19:54:56,completed,store,PR015,815,203.75,30.56,641.81,PKR
O001217,C00197,S005,2026-07-29 19:37:29,2026-07-30 06:43:29,completed,store,,5380,0.0,269.0,5649.0,PKR
O001218,C00043,S003,2026-07-23 04:50:12,2026-07-23 12:05:12,completed,store,PR006,2290,229.0,103.05,2164.05,PKR
O001219,C00610,S004,2026-06-08 07:05:38,2026-06-08 12:35:38,cancelled,store,,720,0.0,36.0,756.0,PKR
O001220,C00656,S001,2026-06-02 04:59:26,2026-06-02 11:37:26,completed,store,,5775,0.0,288.75,6063.75,PKR
O001221,C00750,S003,2026-07-29 01:51:55,2026-07-29 01:58:55,completed,store,PR015,4320,400.0,196.0,4116.0,PKR
O001222,C00444,S005,2026-08-07 14:41:30,2026-08-07 14:50:30,completed,store,PR006,1935,193.5,87.08,1828.58,PKR
O001223,C00625,S002,2026-06-20 10:46:15,2026-06-20 11:24:15,completed,store,,3160,0.0,158.0,3318.0,PKR
O001224,C00393,S002,2026-06-10 11:45:00,2026-06-10 20:23:00,completed,store,,2430,0.0,121.5,2551.5,PKR
O001225,C00289,S004,2026-06-21 10:36:11,2026-06-21 14:40:11,completed,online,,1730,0.0,86.5,1816.5,PKR
O001226,C00661,S005,2026-07-21 22:29:00,2026-07-22 01:02:00,completed,store,PR013,2990,119.6,143.52,3013.92,PKR
O001227,C00574,S005,2026-06-05 22:20:58,2026-06-06 09:14:58,completed,store,,10825,0.0,541.25,11366.25,PKR
O001228,C00368,S005,2026-07-20 12:22:50,2026-07-21 00:03:50,completed,store,,2625,0.0,131.25,2756.25,PKR
O001229,C00424,S002,2026-08-27 05:52:15,2026-08-27 09:13:15,completed,store,,3645,0.0,182.25,3827.25,PKR
O001230,C00334,S002,2026-07-19 21:21:36,2026-07-19 23:40:36,completed,store,,8975,0.0,448.75,9423.75,PKR
O001231,C00689,S004,2026-07-31 05:48:05,2026-07-31 07:33:05,completed,store,,4285,0.0,214.25,4499.25,PKR
O001232,C00258,S005,2026-06-13 10:00:34,2026-06-13 16:14:34,completed,store,PR005,3855,269.85,179.26,3764.41,PKR
O001233,C00270,S001,2026-06-01 10:19:27,2026-06-01 10:35:27,completed,store,,3355,0.0,167.75,3522.75,PKR
O001234,C00652,S005,2026-07-29 20:51:36,2026-07-30 03:32:36,completed,store,PR013,250,10.0,12.0,252.0,PKR
O001235,C00603,S006,2026-06-11 23:03:21,2026-06-12 01:52:21,returned,store,,205,0.0,10.25,215.25,PKR
O001236,C00209,S003,2026-08-04 19:13:34,2026-08-05 02:40:34,completed,store,PR006,2900,290.0,130.5,2740.5,PKR
O001237,C00311,S001,2026-06-04 22:49:32,2026-06-05 02:13:32,completed,store,,3225,0.0,161.25,3386.25,PKR
O001238,C00059,S006,2026-07-25 04:15:51,2026-07-25 15:57:51,completed,store,PR015,600,150.0,22.5,472.5,PKR
O001239,C00213,S001,2026-08-31 07:03:10,2026-08-31 09:41:10,completed,store,,7740,0.0,387.0,8127.0,PKR
O001240,C00145,S004,2026-08-11 06:06:10,2026-08-11 15:10:10,completed,online,,1080,0.0,54.0,1134.0,PKR
O001241,C00212,S002,2026-08-01 08:33:34,2026-08-01 16:17:34,completed,online,,235,0.0,11.75,246.75,PKR
O001242,C00039,S003,2026-07-07 08:01:28,2026-07-07 14:21:28,completed,store,,2100,0.0,105.0,2205.0,PKR
O001243,C00736,S003,2026-06-11 22:02:08,2026-06-12 04:50:08,completed,online,,1875,0.0,93.75,1968.75,PKR
O001244,C00748,S006,2026-08-12 04:38:26,2026-08-12 15:13:26,completed,store,,1620,0.0,81.0,1701.0,PKR
O001245,C00450,S004,2026-07-01 14:45:46,2026-07-02 02:16:46,completed,store,,1690,0.0,84.5,1774.5,PKR
O001246,C00453,S002,2026-06-15 08:48:17,2026-06-15 20:01:17,completed,online,PR014,2555,281.05,113.7,2387.65,PKR
O001247,C00052,S005,2026-06-23 10:53:04,2026-06-23 12:20:04,completed,online,PR004,3100,465.0,131.75,2766.75,PKR
O001248,C00298,S002,2026-06-27 21:46:45,2026-06-28 04:41:45,completed,store,,520,0.0,26.0,546.0,PKR
O001249,C00306,S006,2026-07-04 20:39:11,2026-07-05 04:51:11,completed,online,PR012,2820,141.0,133.95,2812.95,PKR
O001250,C00419,S001,2026-06-06 20:20:14,2026-06-07 01:38:14,completed,store,PR008,1980,250.0,86.5,1816.5,PKR
O001251,C00287,S001,2026-06-02 00:04:44,2026-06-02 00:12:44,completed,store,,6745,0.0,337.25,7082.25,PKR
O001252,C00247,S005,2026-08-03 12:48:56,2026-08-03 23:54:56,completed,online,PR006,3115,311.5,140.18,2943.68,PKR
O001253,C00180,S001,2026-06-27 00:30:24,2026-06-27 04:06:24,returned,store,,5570,0.0,278.5,5848.5,PKR
O001254,C00042,S002,2026-07-18 19:02:27,2026-07-18 20:37:27,completed,store,PR010,7800,300.0,375.0,7875.0,PKR
O001255,C00234,S002,2026-07-08 12:27:33,2026-07-08 19:56:33,completed,store,,2180,0.0,109.0,2289.0,PKR
O001256,C00250,S002,2026-06-05 12:23:41,2026-06-05 19:21:41,completed,store,,2625,0.0,131.25,2756.25,PKR
O001257,C00561,S004,2026-08-18 23:13:19,2026-08-19 04:35:19,completed,online,PR001,6860,686.0,308.7,6482.7,PKR
O001258,C00458,S001,2026-06-12 06:32:49,2026-06-12 17:39:49,completed,store,PR005,2340,163.8,108.81,2285.01,PKR
O001259,C00055,S001,2026-07-17 07:42:14,2026-07-17 08:36:14,completed,store,PR010,1190,297.5,44.62,937.12,PKR
O001260,C00436,S002,2026-08-29 20:16:44,2026-08-30 06:35:44,completed,store,,2505,0.0,125.25,2630.25,PKR
O001261,C00439,S004,2026-07-16 09:57:09,2026-07-16 18:00:09,completed,store,,1835,0.0,91.75,1926.75,PKR
O001262,C00750,S002,2026-08-23 23:45:03,2026-08-24 02:57:03,cancelled,online,,3295,0.0,164.75,3459.75,PKR
O001263,C00368,S002,2026-08-15 18:38:58,2026-08-16 00:42:58,completed,online,,380,0.0,19.0,399.0,PKR
O001264,C00018,S005,2026-08-30 19:07:05,2026-08-31 04:05:05,completed,store,,4005,0.0,200.25,4205.25,PKR
O001265,C00256,S006,2026-06-11 03:41:49,2026-06-11 14:23:49,completed,store,PR014,3515,386.65,156.42,3284.77,PKR
O001266,C00487,S006,2026-08-18 00:35:18,2026-08-18 10:33:18,completed,store,,2195,0.0,109.75,2304.75,PKR
O001267,C00669,S002,2026-08-30 17:33:15,2026-08-30 19:11:15,cancelled,store,,4950,0.0,247.5,5197.5,PKR
O001268,C00204,S001,2026-08-29 11:58:51,2026-08-29 22:54:51,completed,store,,3420,0.0,171.0,3591.0,PKR
O001269,C00107,S005,2026-07-01 05:09:13,2026-07-01 10:22:13,completed,store,,3875,0.0,193.75,4068.75,PKR
O001270,C00511,S003,2026-07-20 11:50:43,2026-07-20 15:27:43,completed,online,PR010,1635,300.0,66.75,1401.75,PKR
O001271,C00437,S004,2026-08-02 05:04:27,2026-08-02 08:19:27,completed,store,,1790,0.0,89.5,1879.5,PKR
O001272,C00340,S005,2026-07-09 00:26:06,2026-07-09 08:10:06,completed,store,,9155,0.0,457.75,9612.75,PKR
O001273,C00306,S006,2026-07-24 04:55:38,2026-07-24 14:06:38,completed,store,PR013,550,22.0,26.4,554.4,PKR
O001274,C00618,S005,2026-07-12 15:05:21,2026-07-13 02:18:21,completed,store,,8065,0.0,403.25,8468.25,PKR
O001275,C00725,S003,2026-08-28 16:20:44,2026-08-28 23:58:44,completed,online,PR009,1005,251.25,37.69,791.44,PKR
O001276,C00740,S003,2026-07-14 06:17:17,2026-07-14 10:30:17,completed,store,PR012,675,33.75,32.06,673.31,PKR
O001277,C00694,S004,2026-07-24 14:40:55,2026-07-24 18:32:55,completed,store,PR015,5410,400.0,250.5,5260.5,PKR
O001278,C00304,S006,2026-07-24 21:55:10,2026-07-25 06:05:10,completed,store,,1860,0.0,93.0,1953.0,PKR
O001279,C00489,S005,2026-06-29 14:24:13,2026-06-29 22:56:13,completed,store,,1590,0.0,79.5,1669.5,PKR
O001280,C00020,S002,2026-06-23 17:03:22,2026-06-23 19:15:22,cancelled,store,PR003,7220,866.4,317.68,6671.28,PKR
O001281,C00134,S004,2026-06-29 11:53:51,2026-06-29 22:53:51,completed,store,,3120,0.0,156.0,3276.0,PKR
O001282,C00216,S001,2026-06-05 06:04:42,2026-06-05 16:11:42,completed,store,,600,0.0,30.0,630.0,PKR
O001283,C00570,S001,2026-06-23 22:17:23,2026-06-24 05:23:23,completed,online,,7720,0.0,386.0,8106.0,PKR
O001284,C00304,S004,2026-08-20 10:35:07,2026-08-20 17:57:07,returned,online,,6160,0.0,308.0,6468.0,PKR
O001285,C00481,S002,2026-07-09 02:34:30,2026-07-09 08:45:30,completed,store,PR015,6435,400.0,301.75,6336.75,PKR
O001286,C00137,S001,2026-08-26 13:20:41,2026-08-26 20:02:41,completed,store,,1260,0.0,63.0,1323.0,PKR
O001287,C00351,S005,2026-06-18 05:10:09,2026-06-18 07:11:09,completed,store,,2335,0.0,116.75,2451.75,PKR
O001288,C00110,S005,2026-06-13 16:00:18,2026-06-13 21:12:18,completed,store,,6350,0.0,317.5,6667.5,PKR
O001289,C00717,S005,2026-06-06 22:48:18,2026-06-07 01:34:18,completed,store,PR008,1425,250.0,58.75,1233.75,PKR
O001290,C00131,S006,2026-07-07 17:04:29,2026-07-08 04:52:29,completed,store,,3895,0.0,194.75,4089.75,PKR
O001291,C00458,S001,2026-06-20 11:50:39,2026-06-20 13:33:39,cancelled,store,,2385,0.0,119.25,2504.25,PKR
O001292,C00476,S002,2026-06-05 19:18:41,2026-06-06 05:10:41,completed,store,,4520,0.0,226.0,4746.0,PKR
O001293,C00232,S002,2026-06-16 18:10:51,2026-06-16 23:12:51,completed,store,PR002,4760,380.8,218.96,4598.16,PKR
O001294,C00427,S001,2026-08-05 03:20:37,2026-08-05 13:03:37,completed,online,,3745,0.0,187.25,3932.25,PKR
O001295,C00005,S005,2026-08-27 06:28:40,2026-08-27 10:34:40,completed,online,PR001,3200,320.0,144.0,3024.0,PKR
O001296,C00108,S003,2026-08-06 11:42:40,2026-08-06 22:48:40,completed,store,PR006,5900,590.0,265.5,5575.5,PKR
O001297,C00608,S006,2026-07-22 04:41:29,2026-07-22 14:23:29,completed,store,PR012,3745,187.25,177.89,3735.64,PKR
O001298,C00399,S006,2026-06-22 13:29:55,2026-06-22 15:51:55,completed,store,PR005,5945,416.15,276.44,5805.29,PKR
O001299,C00438,S001,2026-06-17 15:01:31,2026-06-17 20:26:31,completed,store,,2210,0.0,110.5,2320.5,PKR
O001300,C00572,S006,2026-06-22 03:35:45,2026-06-22 11:08:45,completed,store,PR002,4590,367.2,211.14,4433.94,PKR
O001301,C00746,S006,2026-07-06 02:49:34,2026-07-06 13:50:34,cancelled,online,,9035,0.0,451.75,9486.75,PKR
O001302,C00321,S003,2026-06-15 16:18:33,2026-06-15 16:34:33,completed,online,PR004,895,134.25,38.04,798.79,PKR
O001303,C00342,S002,2026-06-13 08:29:55,2026-06-13 16:13:55,returned,store,PR003,2525,303.0,111.1,2333.1,PKR
O001304,C00379,S005,2026-06-30 06:25:57,2026-06-30 12:35:57,completed,store,,1350,0.0,67.5,1417.5,PKR
O001305,C00341,S004,2026-08-19 11:25:08,2026-08-19 18:25:08,completed,store,,5335,0.0,266.75,5601.75,PKR
O001306,C00204,S003,2026-06-02 11:51:21,2026-06-02 21:46:21,completed,store,PR008,3705,250.0,172.75,3627.75,PKR
O001307,C00496,S003,2026-07-20 21:09:25,2026-07-21 02:04:25,completed,store,,2895,0.0,144.75,3039.75,PKR
O001308,C00730,S001,2026-06-13 14:20:07,2026-06-13 23:46:07,completed,online,,935,0.0,46.75,981.75,PKR
O001309,C00548,S004,2026-07-21 05:36:42,2026-07-21 13:31:42,completed,store,PR012,10240,512.0,486.4,10214.4,PKR
O001310,C00126,S006,2026-08-05 09:27:27,2026-08-05 21:00:27,completed,store,PR013,5455,218.2,261.84,5498.64,PKR
O001311,C00147,S006,2026-07-16 05:15:24,2026-07-16 16:54:24,completed,store,PR015,6890,400.0,324.5,6814.5,PKR
O001312,C00155,S005,2026-08-05 09:10:40,2026-08-05 19:38:40,completed,store,,2270,0.0,113.5,2383.5,PKR
O001313,C00105,S004,2026-08-09 18:03:21,2026-08-09 19:45:21,completed,store,,1745,0.0,87.25,1832.25,PKR
O001314,C00298,S003,2026-08-23 01:24:51,2026-08-23 03:16:51,completed,online,,2600,0.0,130.0,2730.0,PKR
O001315,C00122,S004,2026-08-18 18:39:58,2026-08-18 22:45:58,returned,store,PR009,8345,300.0,402.25,8447.25,PKR
O001316,C00694,S006,2026-08-30 20:44:54,2026-08-31 03:45:54,cancelled,store,,3785,0.0,189.25,3974.25,PKR
O001317,C00408,S005,2026-08-24 11:49:44,2026-08-24 14:30:44,completed,store,PR001,5090,509.0,229.05,4810.05,PKR
O001318,C00441,S006,2026-06-04 03:13:58,2026-06-04 05:10:58,returned,store,,4210,0.0,210.5,4420.5,PKR
O001319,C00439,S003,2026-06-14 08:01:45,2026-06-14 15:43:45,returned,store,PR005,3165,221.55,147.17,3090.62,PKR
O001320,C00514,S002,2026-08-27 17:27:56,2026-08-27 23:40:56,returned,store,,5025,0.0,251.25,5276.25,PKR
O001321,C00102,S002,2026-06-23 00:30:08,2026-06-23 11:51:08,completed,store,,7645,0.0,382.25,8027.25,PKR
O001322,C00574,S003,2026-07-06 06:28:51,2026-07-06 14:59:51,completed,store,,3610,0.0,180.5,3790.5,PKR
O001323,C00305,S004,2026-07-16 12:31:41,2026-07-17 00:13:41,completed,store,,4110,0.0,205.5,4315.5,PKR
O001324,C00229,S004,2026-06-27 23:22:27,2026-06-28 07:07:27,completed,store,PR002,2655,212.4,122.13,2564.73,PKR
O001325,C00501,S001,2026-07-22 11:10:18,2026-07-22 15:55:18,completed,store,,5900,0.0,295.0,6195.0,PKR
O001326,C00269,S002,2026-06-13 15:45:23,2026-06-13 20:19:23,completed,store,,1215,0.0,60.75,1275.75,PKR
O001327,C00374,S003,2026-06-22 09:36:05,2026-06-22 13:36:05,completed,store,,2120,0.0,106.0,2226.0,PKR
O001328,C00402,S004,2026-06-12 21:53:22,2026-06-13 01:57:22,completed,store,PR003,5395,647.4,237.38,4984.98,PKR
O001329,C00081,S002,2026-07-28 03:53:08,2026-07-28 05:20:08,completed,store,PR015,2455,400.0,102.75,2157.75,PKR
O001330,C00699,S006,2026-08-04 16:22:23,2026-08-05 02:47:23,completed,store,,2700,0.0,135.0,2835.0,PKR
O001331,C00685,S004,2026-07-17 04:06:34,2026-07-17 04:19:34,completed,store,PR015,1925,400.0,76.25,1601.25,PKR
O001332,C00625,S004,2026-06-24 07:16:12,2026-06-24 17:41:12,completed,store,,2615,0.0,130.75,2745.75,PKR
O001333,C00193,S001,2026-07-06 10:52:58,2026-07-06 14:44:58,completed,store,,9545,0.0,477.25,10022.25,PKR
O001334,C00373,S005,2026-08-10 17:37:58,2026-08-10 21:02:58,completed,store,,4705,0.0,235.25,4940.25,PKR
O001335,C00456,S001,2026-07-21 04:28:24,2026-07-21 05:29:24,completed,store,,3880,0.0,194.0,4074.0,PKR
O001336,C00163,S005,2026-08-05 13:44:56,2026-08-05 15:05:56,completed,store,PR013,2740,109.6,131.52,2761.92,PKR
O001337,C00019,S003,2026-08-22 14:02:42,2026-08-22 15:23:42,completed,online,,1140,0.0,57.0,1197.0,PKR
O001338,C00168,S005,2026-07-19 10:34:24,2026-07-19 16:14:24,completed,store,PR010,1840,300.0,77.0,1617.0,PKR
O001339,C00696,S001,2026-08-09 05:30:53,2026-08-09 09:42:53,completed,store,,1680,0.0,84.0,1764.0,PKR
O001340,C00125,S001,2026-07-05 11:53:47,2026-07-05 23:12:47,completed,online,,5450,0.0,272.5,5722.5,PKR
O001341,C00301,S002,2026-08-02 02:25:28,2026-08-02 14:01:28,completed,store,PR013,3905,156.2,187.44,3936.24,PKR
O001342,C00699,S004,2026-07-09 17:46:24,2026-07-10 02:20:24,completed,store,,1320,0.0,66.0,1386.0,PKR
O001343,C00366,S004,2026-08-05 02:25:53,2026-08-05 13:50:53,completed,store,,6550,0.0,327.5,6877.5,PKR
O001344,C00515,S004,2026-07-27 01:39:21,2026-07-27 09:06:21,completed,store,PR015,7620,400.0,361.0,7581.0,PKR
O001345,C00174,S003,2026-08-18 00:18:35,2026-08-18 05:01:35,returned,store,,590,0.0,29.5,619.5,PKR
O001346,C00120,S005,2026-07-15 16:12:58,2026-07-16 03:07:58,completed,online,,3575,0.0,178.75,3753.75,PKR
O001347,C00485,S002,2026-07-02 22:07:56,2026-07-03 09:09:56,completed,store,PR002,6630,530.4,304.98,6404.58,PKR
O001348,C00729,S002,2026-07-31 06:48:22,2026-07-31 10:04:22,completed,store,PR015,9740,400.0,467.0,9807.0,PKR
O001349,C00003,S003,2026-06-16 10:19:38,2026-06-16 12:22:38,completed,store,PR003,310,37.2,13.64,286.44,PKR
O001350,C00311,S002,2026-07-15 15:40:00,2026-07-16 03:16:00,completed,store,,3155,0.0,157.75,3312.75,PKR
O001351,C00150,S002,2026-06-16 15:16:58,2026-06-16 17:23:58,completed,store,,4320,0.0,216.0,4536.0,PKR
O001352,C00623,S003,2026-07-22 09:41:20,2026-07-22 19:10:20,completed,store,PR010,2440,300.0,107.0,2247.0,PKR
O001353,C00098,S005,2026-06-12 14:57:32,2026-06-12 16:39:32,completed,store,PR002,1950,156.0,89.7,1883.7,PKR
O001354,C00420,S005,2026-08-04 15:44:56,2026-08-04 15:57:56,completed,store,PR013,935,37.4,44.88,942.48,PKR
O001355,C00196,S001,2026-07-21 16:02:37,2026-07-21 22:29:37,completed,store,,1100,0.0,55.0,1155.0,PKR
O001356,C00172,S005,2026-08-07 19:04:28,2026-08-08 05:44:28,completed,online,PR013,3175,127.0,152.4,3200.4,PKR
O001357,C00312,S006,2026-06-17 22:19:14,2026-06-18 10:05:14,completed,store,PR005,1010,70.7,46.97,986.27,PKR
O001358,C00122,S001,2026-07-14 03:45:17,2026-07-14 14:19:17,completed,store,,870,0.0,43.5,913.5,PKR
O001359,C00284,S001,2026-07-30 22:53:30,2026-07-31 10:08:30,completed,online,PR013,4885,195.4,234.48,4924.08,PKR
O001360,C00207,S005,2026-06-29 08:51:33,2026-06-29 19:03:33,completed,online,,4215,0.0,210.75,4425.75,PKR
O001361,C00355,S003,2026-07-02 13:19:20,2026-07-02 18:09:20,completed,store,,2060,0.0,103.0,2163.0,PKR
O001362,C00680,S002,2026-06-10 16:04:24,2026-06-10 19:07:24,completed,store,,5410,0.0,270.5,5680.5,PKR
O001363,C00518,S005,2026-07-07 23:12:49,2026-07-08 10:01:49,completed,store,,3275,0.0,163.75,3438.75,PKR
O001364,C00351,S005,2026-06-09 04:13:48,2026-06-09 13:02:48,completed,store,PR008,3765,250.0,175.75,3690.75,PKR
O001365,C00130,S006,2026-08-26 17:25:42,2026-08-26 18:34:42,completed,store,,4815,0.0,240.75,5055.75,PKR
O001366,C00150,S004,2026-08-30 07:25:27,2026-08-30 12:41:27,completed,store,,1425,0.0,71.25,1496.25,PKR
O001367,C00353,S005,2026-06-04 14:21:08,2026-06-04 15:35:08,completed,store,,1910,0.0,95.5,2005.5,PKR
O001368,C00096,S004,2026-08-18 20:24:40,2026-08-19 04:55:40,completed,store,,6885,0.0,344.25,7229.25,PKR
O001369,C00464,S003,2026-08-14 09:03:10,2026-08-14 17:01:10,completed,store,PR001,850,85.0,38.25,803.25,PKR
O001370,C00240,S005,2026-06-26 15:14:08,2026-06-27 01:53:08,completed,store,,985,0.0,49.25,1034.25,PKR
O001371,C00611,S001,2026-07-27 00:49:00,2026-07-27 03:40:00,completed,online,,4230,0.0,211.5,4441.5,PKR
O001372,C00522,S002,2026-08-24 05:41:01,2026-08-24 05:44:01,completed,store,,6620,0.0,331.0,6951.0,PKR
O001373,C00710,S006,2026-08-06 08:52:10,2026-08-06 16:56:10,completed,store,,2570,0.0,128.5,2698.5,PKR
O001374,C00057,S001,2026-07-06 01:40:23,2026-07-06 04:39:23,completed,store,PR012,715,35.75,33.96,713.21,PKR
O001375,C00136,S002,2026-07-28 08:07:05,2026-07-28 18:24:05,cancelled,online,PR013,8820,352.8,423.36,8890.56,PKR
O001376,C00514,S002,2026-08-15 02:12:45,2026-08-15 12:52:45,completed,store,PR001,4025,402.5,181.12,3803.62,PKR
O001377,C00453,S002,2026-08-05 00:08:35,2026-08-05 02:36:35,completed,online,,1235,0.0,61.75,1296.75,PKR
O001378,C00075,S001,2026-06-30 17:19:50,2026-06-30 17:35:50,completed,store,PR002,2885,230.8,132.71,2786.91,PKR
O001379,C00042,S004,2026-08-24 22:14:18,2026-08-25 05:10:18,completed,online,PR001,4585,458.5,206.33,4332.83,PKR
O001380,C00589,S001,2026-06-06 00:26:23,2026-06-06 07:40:23,completed,store,PR008,1495,250.0,62.25,1307.25,PKR
O001381,C00587,S005,2026-06-19 02:33:13,2026-06-19 11:25:13,completed,store,PR014,2400,264.0,106.8,2242.8,PKR
O001382,C00406,S006,2026-07-16 19:51:57,2026-07-17 04:31:57,completed,online,PR015,2200,400.0,90.0,1890.0,PKR
O001383,C00616,S005,2026-06-16 09:03:07,2026-06-16 18:30:07,completed,store,,5490,0.0,274.5,5764.5,PKR
O001384,C00565,S004,2026-06-25 02:49:59,2026-06-25 11:06:59,completed,store,,9095,0.0,454.75,9549.75,PKR
O001385,C00242,S002,2026-07-11 03:17:29,2026-07-11 09:34:29,completed,store,,770,0.0,38.5,808.5,PKR
O001386,C00096,S005,2026-06-30 17:31:57,2026-07-01 00:56:57,completed,store,,4030,0.0,201.5,4231.5,PKR
O001387,C00387,S002,2026-06-03 20:59:12,2026-06-04 02:33:12,completed,store,PR008,4065,250.0,190.75,4005.75,PKR
O001388,C00499,S006,2026-07-18 10:00:45,2026-07-18 11:30:45,completed,store,,6245,0.0,312.25,6557.25,PKR
O001389,C00503,S005,2026-08-22 07:29:00,2026-08-22 11:16:00,completed,online,,6835,0.0,341.75,7176.75,PKR
O001390,C00123,S003,2026-07-22 19:27:17,2026-07-22 19:59:17,returned,store,,5550,0.0,277.5,5827.5,PKR
O001391,C00283,S004,2026-06-21 04:39:26,2026-06-21 08:44:26,completed,store,PR014,9030,993.3,401.84,8438.54,PKR
O001392,C00336,S002,2026-07-12 19:30:31,2026-07-12 20:01:31,cancelled,store,PR011,3430,205.8,161.21,3385.41,PKR
O001393,C00418,S004,2026-06-18 13:53:46,2026-06-18 21:27:46,completed,store,,4120,0.0,206.0,4326.0,PKR
O001394,C00001,S004,2026-06-25 12:59:49,2026-06-25 13:33:49,completed,store,,5705,0.0,285.25,5990.25,PKR
O001395,C00445,S005,2026-08-01 17:42:54,2026-08-01 23:55:54,completed,store,PR013,1550,62.0,74.4,1562.4,PKR
O001396,C00160,S005,2026-08-12 06:34:01,2026-08-12 08:01:01,completed,store,,1895,0.0,94.75,1989.75,PKR
O001397,C00315,S003,2026-07-05 21:30:39,2026-07-06 02:38:39,completed,store,PR011,10675,640.5,501.73,10536.23,PKR
O001398,C00227,S002,2026-07-02 23:53:48,2026-07-03 05:02:48,completed,store,PR002,3405,272.4,156.63,3289.23,PKR
O001399,C00551,S003,2026-07-30 07:29:36,2026-07-30 09:09:36,completed,store,,875,0.0,43.75,918.75,PKR
O001400,C00514,S006,2026-08-05 18:51:49,2026-08-06 06:08:49,completed,store,PR013,270,10.8,12.96,272.16,PKR
O001401,C00631,S001,2026-07-09 03:49:44,2026-07-09 08:59:44,cancelled,store,,6410,0.0,320.5,6730.5,PKR
O001402,C00562,S002,2026-08-30 22:01:05,2026-08-30 23:13:05,completed,store,,6450,0.0,322.5,6772.5,PKR
O001403,C00443,S003,2026-08-13 13:25:29,2026-08-14 00:02:29,completed,online,,2280,0.0,114.0,2394.0,PKR
O001404,C00127,S001,2026-06-09 17:45:47,2026-06-10 05:39:47,completed,store,,4885,0.0,244.25,5129.25,PKR
O001405,C00530,S005,2026-08-18 05:26:08,2026-08-18 06:45:08,completed,store,,785,0.0,39.25,824.25,PKR
O001406,C00090,S003,2026-07-23 14:51:05,2026-07-23 18:16:05,completed,store,,2045,0.0,102.25,2147.25,PKR
O001407,C00244,S005,2026-07-19 17:13:24,2026-07-19 22:31:24,completed,store,,3215,0.0,160.75,3375.75,PKR
O001408,C00639,S004,2026-08-20 16:01:43,2026-08-20 23:27:43,completed,store,PR009,6185,300.0,294.25,6179.25,PKR
O001409,C00700,S006,2026-08-05 17:45:41,2026-08-05 22:39:41,completed,store,,1930,0.0,96.5,2026.5,PKR
O001410,C00628,S005,2026-07-28 15:52:18,2026-07-29 02:58:18,completed,online,,6440,0.0,322.0,6762.0,PKR
O001411,C00655,S002,2026-06-05 00:40:41,2026-06-05 11:50:41,completed,store,PR008,1510,250.0,63.0,1323.0,PKR
O001412,C00152,S006,2026-06-01 19:27:25,2026-06-02 02:34:25,completed,store,PR008,4095,250.0,192.25,4037.25,PKR
O001413,C00499,S005,2026-06-09 00:30:15,2026-06-09 11:23:15,cancelled,store,PR005,3710,259.7,172.52,3622.82,PKR
O001414,C00420,S006,2026-08-04 06:38:13,2026-08-04 18:27:13,completed,online,,4640,0.0,232.0,4872.0,PKR
O001415,C00103,S002,2026-07-12 11:50:58,2026-07-12 15:23:58,completed,store,,1410,0.0,70.5,1480.5,PKR
O001416,C00615,S003,2026-06-18 23:36:46,2026-06-19 03:34:46,completed,online,,2755,0.0,137.75,2892.75,PKR
O001417,C00222,S006,2026-08-20 07:07:15,2026-08-20 14:45:15,completed,store,PR009,9670,300.0,468.5,9838.5,PKR
O001418,C00444,S005,2026-08-01 09:08:04,2026-08-01 13:11:04,completed,store,PR013,2530,101.2,121.44,2550.24,PKR
O001419,C00496,S006,2026-07-14 18:56:40,2026-07-15 06:06:40,completed,store,,1155,0.0,57.75,1212.75,PKR
O001420,C00681,S001,2026-06-06 06:06:53,2026-06-06 13:35:53,completed,store,,5315,0.0,265.75,5580.75,PKR
O001421,C00049,S001,2026-08-30 18:15:35,2026-08-30 22:55:35,completed,store,PR009,8300,300.0,400.0,8400.0,PKR
O001422,C00384,S003,2026-07-10 07:51:14,2026-07-10 18:56:14,completed,store,PR015,4590,400.0,209.5,4399.5,PKR
O001423,C00718,S001,2026-08-16 08:07:13,2026-08-16 10:41:13,completed,store,,2510,0.0,125.5,2635.5,PKR
O001424,C00288,S005,2026-08-20 12:56:08,2026-08-20 20:19:08,completed,online,PR001,4735,473.5,213.08,4474.58,PKR
O001425,C00539,S006,2026-06-25 08:38:17,2026-06-25 16:30:17,completed,store,,3535,0.0,176.75,3711.75,PKR
O001426,C00742,S004,2026-06-21 12:58:37,2026-06-21 20:34:37,completed,store,,1425,0.0,71.25,1496.25,PKR
O001427,C00053,S005,2026-08-06 13:39:40,2026-08-06 13:53:40,completed,store,PR013,2310,92.4,110.88,2328.48,PKR
O001428,C00426,S002,2026-08-24 02:01:53,2026-08-24 07:00:53,completed,store,PR009,7670,300.0,368.5,7738.5,PKR
O001429,C00049,S003,2026-07-09 13:13:52,2026-07-09 17:03:52,completed,online,,5900,0.0,295.0,6195.0,PKR
O001430,C00247,S001,2026-06-05 13:25:35,2026-06-05 14:59:35,completed,store,PR008,2610,250.0,118.0,2478.0,PKR
O001431,C00451,S003,2026-07-12 14:24:22,2026-07-13 01:52:22,completed,store,,2730,0.0,136.5,2866.5,PKR
O001432,C00331,S006,2026-07-04 11:16:12,2026-07-04 14:35:12,completed,online,,3680,0.0,184.0,3864.0,PKR
O001433,C00058,S003,2026-08-19 18:27:40,2026-08-19 20:00:40,completed,store,,6970,0.0,348.5,7318.5,PKR
O001434,C00146,S004,2026-08-26 09:54:35,2026-08-26 12:47:35,completed,store,,490,0.0,24.5,514.5,PKR
O001435,C00093,S004,2026-06-23 23:30:26,2026-06-24 11:12:26,completed,online,PR002,1970,157.6,90.62,1903.02,PKR
O001436,C00265,S002,2026-07-01 11:39:07,2026-07-01 13:02:07,completed,store,PR002,4420,353.6,203.32,4269.72,PKR
O001437,C00595,S003,2026-08-07 06:28:04,2026-08-07 06:33:04,completed,store,PR013,480,19.2,23.04,483.84,PKR
O001438,C00175,S006,2026-06-01 13:55:45,2026-06-01 22:05:45,completed,store,,4010,0.0,200.5,4210.5,PKR
O001439,C00615,S001,2026-08-01 11:41:42,2026-08-01 12:48:42,completed,store,PR013,4490,179.6,215.52,4525.92,PKR
O001440,C00490,S006,2026-07-31 07:35:06,2026-07-31 17:17:06,completed,store,PR013,5685,227.4,272.88,5730.48,PKR
O001441,C00158,S003,2026-08-26 16:53:16,2026-08-27 00:16:16,completed,store,,935,0.0,46.75,981.75,PKR
O001442,C00045,S001,2026-08-28 12:21:53,2026-08-28 18:44:53,completed,store,PR009,1020,255.0,38.25,803.25,PKR
O001443,C00169,S003,2026-08-01 04:24:47,2026-08-01 07:50:47,completed,store,,4085,0.0,204.25,4289.25,PKR
O001444,C00113,S006,2026-08-31 08:07:22,2026-08-31 14:24:22,completed,store,,2020,0.0,101.0,2121.0,PKR
O001445,C00353,S002,2026-08-02 14:54:38,2026-08-02 21:56:38,completed,store,PR013,1440,57.6,69.12,1451.52,PKR
O001446,C00153,S001,2026-08-29 18:28:40,2026-08-29 21:18:40,completed,store,,1440,0.0,72.0,1512.0,PKR
O001447,C00240,S002,2026-06-11 17:09:18,2026-06-12 02:01:18,completed,store,,750,0.0,37.5,787.5,PKR
O001448,C00235,S001,2026-08-24 01:47:47,2026-08-24 10:20:47,completed,store,,2750,0.0,137.5,2887.5,PKR
O001449,C00293,S006,2026-07-27 14:49:55,2026-07-28 00:19:55,completed,online,PR015,1420,355.0,53.25,1118.25,PKR
O001450,C00385,S004,2026-08-29 20:48:44,2026-08-30 06:47:44,completed,store,,3110,0.0,155.5,3265.5,PKR
O001451,C00747,S003,2026-08-22 12:25:45,2026-08-22 21:09:45,completed,online,PR009,1400,300.0,55.0,1155.0,PKR
O001452,C00580,S006,2026-07-17 12:22:01,2026-07-17 16:12:01,completed,store,PR010,2580,300.0,114.0,2394.0,PKR
O001453,C00296,S002,2026-06-30 19:09:03,2026-07-01 02:31:03,completed,store,,3825,0.0,191.25,4016.25,PKR
O001454,C00496,S004,2026-07-24 15:46:43,2026-07-25 03:38:43,cancelled,store,,2940,0.0,147.0,3087.0,PKR
O001455,C00630,S001,2026-06-03 10:35:08,2026-06-03 19:37:08,completed,store,,5665,0.0,283.25,5948.25,PKR
O001456,C00476,S005,2026-06-17 21:16:07,2026-06-18 03:47:07,completed,store,,3075,0.0,153.75,3228.75,PKR
O001457,C00717,S002,2026-08-15 15:05:11,2026-08-15 22:22:11,completed,online,,6580,0.0,329.0,6909.0,PKR
O001458,C00615,S004,2026-06-08 19:51:37,2026-06-09 03:34:37,completed,online,,2625,0.0,131.25,2756.25,PKR
O001459,C00725,S001,2026-06-08 13:47:10,2026-06-08 16:42:10,completed,store,PR008,3855,250.0,180.25,3785.25,PKR
O001460,C00397,S005,2026-07-03 23:09:09,2026-07-03 23:29:09,completed,store,,4560,0.0,228.0,4788.0,PKR
O001461,C00101,S006,2026-08-28 02:00:35,2026-08-28 05:58:35,completed,store,PR009,580,145.0,21.75,456.75,PKR
O001462,C00449,S001,2026-06-25 01:45:44,2026-06-25 05:59:44,completed,store,,490,0.0,24.5,514.5,PKR
O001463,C00447,S006,2026-07-12 12:01:34,2026-07-12 12:51:34,completed,store,,4865,0.0,243.25,5108.25,PKR
O001464,C00318,S006,2026-08-23 09:38:53,2026-08-23 18:42:53,completed,store,,1125,0.0,56.25,1181.25,PKR
O001465,C00093,S006,2026-06-26 03:22:15,2026-06-26 04:50:15,completed,store,PR002,2860,228.8,131.56,2762.76,PKR
O001466,C00296,S002,2026-08-18 17:08:58,2026-08-18 19:06:58,completed,store,,2950,0.0,147.5,3097.5,PKR
O001467,C00194,S006,2026-06-30 07:52:14,2026-06-30 14:52:14,completed,store,,3350,0.0,167.5,3517.5,PKR
O001468,C00513,S005,2026-08-13 06:23:47,2026-08-13 09:27:47,cancelled,online,,6775,0.0,338.75,7113.75,PKR
O001469,C00577,S003,2026-06-28 12:17:21,2026-06-28 17:55:21,completed,online,PR002,3610,288.8,166.06,3487.26,PKR
O001470,C00177,S003,2026-07-09 13:13:25,2026-07-09 17:52:25,cancelled,store,,475,0.0,23.75,498.75,PKR
O001471,C00376,S006,2026-07-16 20:53:41,2026-07-17 03:48:41,completed,store,,1405,0.0,70.25,1475.25,PKR
O001472,C00468,S004,2026-08-20 00:59:36,2026-08-20 06:59:36,completed,store,,5035,0.0,251.75,5286.75,PKR
O001473,C00529,S001,2026-06-22 00:04:52,2026-06-22 04:00:52,returned,store,,2380,0.0,119.0,2499.0,PKR
O001474,C00616,S006,2026-07-19 11:51:04,2026-07-19 19:25:04,completed,store,PR012,4915,245.75,233.46,4902.71,PKR
O001475,C00208,S003,2026-08-25 02:22:10,2026-08-25 12:15:10,completed,store,,6545,0.0,327.25,6872.25,PKR
O001476,C00093,S001,2026-06-05 17:26:37,2026-06-06 01:12:37,completed,store,PR014,2865,315.15,127.49,2677.34,PKR
O001477,C00200,S005,2026-07-07 07:02:10,2026-07-07 16:45:10,completed,online,,5040,0.0,252.0,5292.0,PKR
O001478,C00400,S003,2026-08-12 17:08:25,2026-08-12 17:11:25,completed,online,,3430,0.0,171.5,3601.5,PKR
O001479,C00143,S006,2026-06-07 17:29:12,2026-06-07 23:11:12,completed,store,,9735,0.0,486.75,10221.75,PKR
O001480,C00105,S006,2026-06-06 02:54:08,2026-06-06 05:48:08,completed,store,PR005,1785,124.95,83.0,1743.05,PKR
O001481,C00377,S004,2026-08-26 09:11:38,2026-08-26 13:38:38,completed,store,,2500,0.0,125.0,2625.0,PKR
O001482,C00068,S002,2026-06-13 13:23:34,2026-06-13 19:51:34,completed,store,PR002,4990,399.2,229.54,4820.34,PKR
O001483,C00321,S006,2026-06-25 06:44:38,2026-06-25 11:59:38,completed,store,,2620,0.0,131.0,2751.0,PKR
O001484,C00080,S002,2026-07-31 05:27:45,2026-07-31 07:02:45,completed,online,,3465,0.0,173.25,3638.25,PKR
O001485,C00136,S001,2026-06-25 10:43:28,2026-06-25 15:23:28,completed,store,,1690,0.0,84.5,1774.5,PKR
O001486,C00531,S003,2026-08-25 21:16:08,2026-08-26 04:01:08,completed,store,,585,0.0,29.25,614.25,PKR
O001487,C00046,S002,2026-07-31 09:08:01,2026-07-31 10:57:01,completed,online,,2525,0.0,126.25,2651.25,PKR
O001488,C00261,S004,2026-08-28 05:55:42,2026-08-28 12:28:42,completed,store,PR009,3105,300.0,140.25,2945.25,PKR
O001489,C00222,S005,2026-08-27 13:15:07,2026-08-27 14:09:07,completed,online,,5675,0.0,283.75,5958.75,PKR
O001490,C00098,S003,2026-07-22 01:18:56,2026-07-22 01:42:56,completed,store,PR015,3900,400.0,175.0,3675.0,PKR
O001491,C00734,S003,2026-08-11 01:47:56,2026-08-11 06:38:56,completed,store,,1700,0.0,85.0,1785.0,PKR
O001492,C00058,S003,2026-08-11 16:16:09,2026-08-11 20:18:09,completed,store,,2150,0.0,107.5,2257.5,PKR
O001493,C00288,S004,2026-06-11 07:30:58,2026-06-11 08:07:58,completed,store,PR005,4200,294.0,195.3,4101.3,PKR
O001494,C00526,S001,2026-08-07 08:27:34,2026-08-07 08:44:34,cancelled,store,,3220,0.0,161.0,3381.0,PKR
O001495,C00472,S001,2026-07-11 02:35:49,2026-07-11 08:02:49,completed,store,PR015,6840,400.0,322.0,6762.0,PKR
O001496,C00207,S005,2026-08-18 11:09:27,2026-08-18 18:11:27,completed,online,PR009,1755,300.0,72.75,1527.75,PKR
O001497,C00042,S003,2026-08-26 06:59:59,2026-08-26 18:47:59,completed,store,,4860,0.0,243.0,5103.0,PKR
O001498,C00538,S003,2026-07-04 05:05:47,2026-07-04 05:23:47,completed,store,PR012,1330,66.5,63.18,1326.68,PKR
O001499,C00445,S002,2026-08-21 07:31:44,2026-08-21 17:23:44,completed,store,PR009,1565,300.0,63.25,1328.25,PKR
O001500,C00400,S003,2026-08-09 23:04:35,2026-08-10 07:06:35,completed,store,,4160,0.0,208.0,4368.0,PKR
O001501,C00022,S004,2026-08-15 13:20:51,2026-08-15 16:52:51,completed,store,,2970,0.0,148.5,3118.5,PKR
O001502,C00298,S002,2026-07-19 11:33:30,2026-07-19 18:49:30,completed,store,,5940,0.0,297.0,6237.0,PKR
O001503,C00105,S004,2026-08-20 22:52:49,2026-08-21 01:30:49,completed,store,,5755,0.0,287.75,6042.75,PKR
O001504,C00426,S006,2026-08-28 01:25:08,2026-08-28 02:51:08,completed,store,PR009,370,92.5,13.88,291.38,PKR
O001505,C00360,S001,2026-08-03 04:04:21,2026-08-03 09:37:21,cancelled,store,,645,0.0,32.25,677.25,PKR
O001506,C00587,S001,2026-07-03 19:39:14,2026-07-03 22:39:14,completed,store,,4195,0.0,209.75,4404.75,PKR
O001507,C00235,S003,2026-07-08 12:15:01,2026-07-08 14:57:01,completed,store,,3890,0.0,194.5,4084.5,PKR
O001508,C00694,S004,2026-07-07 14:19:51,2026-07-08 02:01:51,completed,online,,2895,0.0,144.75,3039.75,PKR
O001509,C00101,S006,2026-06-28 09:41:59,2026-06-28 12:47:59,completed,store,,2285,0.0,114.25,2399.25,PKR
O001510,C00629,S004,2026-06-27 09:46:29,2026-06-27 11:54:29,completed,online,,5160,0.0,258.0,5418.0,PKR
O001511,C00529,S001,2026-06-08 06:26:27,2026-06-08 18:07:27,completed,online,,5735,0.0,286.75,6021.75,PKR
O001512,C00298,S005,2026-08-02 12:55:35,2026-08-02 17:31:35,completed,store,PR013,4230,169.2,203.04,4263.84,PKR
O001513,C00315,S006,2026-06-13 11:10:38,2026-06-13 14:51:38,completed,store,,3540,0.0,177.0,3717.0,PKR
O001514,C00440,S005,2026-07-19 22:09:06,2026-07-20 06:52:06,completed,store,PR015,2130,400.0,86.5,1816.5,PKR
O001515,C00293,S005,2026-07-14 06:00:18,2026-07-14 06:14:18,completed,online,,2190,0.0,109.5,2299.5,PKR
O001516,C00501,S005,2026-07-18 12:51:30,2026-07-18 13:55:30,cancelled,store,,3570,0.0,178.5,3748.5,PKR
O001517,C00264,S004,2026-07-18 21:14:11,2026-07-19 07:53:11,completed,online,,600,0.0,30.0,630.0,PKR
O001518,C00549,S002,2026-07-20 02:43:29,2026-07-20 10:18:29,completed,online,,5540,0.0,277.0,5817.0,PKR
O001519,C00077,S002,2026-07-16 20:03:09,2026-07-17 01:27:09,completed,store,,3775,0.0,188.75,3963.75,PKR
O001520,C00704,S004,2026-07-24 18:09:55,2026-07-25 00:18:55,completed,store,,2425,0.0,121.25,2546.25,PKR
O001521,C00178,S002,2026-08-25 20:53:14,2026-08-25 23:15:14,completed,store,,2150,0.0,107.5,2257.5,PKR
O001522,C00621,S003,2026-06-06 16:37:17,2026-06-06 18:13:17,completed,store,PR014,4300,473.0,191.35,4018.35,PKR
O001523,C00532,S004,2026-06-09 09:40:45,2026-06-09 16:12:45,completed,store,PR005,5285,369.95,245.75,5160.8,PKR
O001524,C00379,S005,2026-06-28 05:29:58,2026-06-28 09:37:58,completed,store,,4905,0.0,245.25,5150.25,PKR
O001525,C00717,S001,2026-07-26 07:46:36,2026-07-26 10:12:36,completed,store,,2380,0.0,119.0,2499.0,PKR
O001526,C00044,S006,2026-06-16 14:08:21,2026-06-16 23:05:21,completed,store,,3285,0.0,164.25,3449.25,PKR
O001527,C00429,S005,2026-07-19 09:02:40,2026-07-19 09:24:40,completed,online,,2950,0.0,147.5,3097.5,PKR
O001528,C00385,S003,2026-07-02 08:16:37,2026-07-02 11:28:37,completed,store,,8465,0.0,423.25,8888.25,PKR
O001529,C00539,S004,2026-07-17 05:05:06,2026-07-17 08:49:06,completed,store,PR012,8430,421.5,400.43,8408.93,PKR
O001530,C00487,S006,2026-07-23 06:19:52,2026-07-23 11:50:52,completed,store,PR015,995,248.75,37.31,783.56,PKR
O001531,C00318,S004,2026-06-28 09:38:01,2026-06-28 16:52:01,completed,store,,3190,0.0,159.5,3349.5,PKR
O001532,C00137,S005,2026-07-14 07:11:59,2026-07-14 11:29:59,completed,store,,2370,0.0,118.5,2488.5,PKR
O001533,C00031,S003,2026-08-05 06:17:52,2026-08-05 12:50:52,completed,store,,1100,0.0,55.0,1155.0,PKR
O001534,C00001,S005,2026-06-15 21:05:37,2026-06-16 06:20:37,completed,store,,7880,0.0,394.0,8274.0,PKR
O001535,C00569,S001,2026-06-20 12:05:59,2026-06-20 17:46:59,completed,store,PR005,8320,582.4,386.88,8124.48,PKR
O001536,C00627,S002,2026-08-26 03:43:36,2026-08-26 09:36:36,cancelled,store,PR001,985,98.5,44.33,930.83,PKR
O001537,C00620,S002,2026-08-12 20:41:27,2026-08-13 01:13:27,completed,online,,645,0.0,32.25,677.25,PKR
O001538,C00095,S004,2026-06-07 23:04:41,2026-06-08 05:19:41,completed,store,PR008,2440,250.0,109.5,2299.5,PKR
O001539,C00091,S003,2026-08-27 14:13:18,2026-08-27 17:40:18,returned,store,,3645,0.0,182.25,3827.25,PKR
O001540,C00103,S005,2026-06-02 11:16:31,2026-06-02 18:43:31,completed,store,PR008,1670,250.0,71.0,1491.0,PKR
O001541,C00691,S003,2026-07-11 17:28:22,2026-07-11 23:48:22,completed,store,,2540,0.0,127.0,2667.0,PKR
O001542,C00401,S003,2026-08-01 16:01:19,2026-08-01 20:29:19,completed,store,PR013,3530,141.2,169.44,3558.24,PKR
O001543,C00652,S005,2026-07-31 14:54:12,2026-07-31 23:26:12,completed,store,,6160,0.0,308.0,6468.0,PKR
O001544,C00698,S004,2026-08-20 15:44:10,2026-08-21 02:36:10,completed,store,,420,0.0,21.0,441.0,PKR
O001545,C00185,S006,2026-06-11 19:54:19,2026-06-12 02:12:19,completed,store,PR002,2975,238.0,136.85,2873.85,PKR
O001546,C00708,S004,2026-07-26 06:09:47,2026-07-26 13:29:47,completed,store,,6850,0.0,342.5,7192.5,PKR
O001547,C00355,S003,2026-07-03 13:17:54,2026-07-03 13:47:54,completed,store,PR007,3785,340.65,172.22,3616.57,PKR
O001548,C00614,S001,2026-08-23 15:12:17,2026-08-24 01:54:17,completed,store,PR001,8690,869.0,391.05,8212.05,PKR
O001549,C00596,S004,2026-07-29 16:44:52,2026-07-29 23:50:52,completed,store,,3260,0.0,163.0,3423.0,PKR
O001550,C00291,S004,2026-08-23 16:49:17,2026-08-23 21:36:17,completed,store,PR001,1535,153.5,69.08,1450.58,PKR
O001551,C00003,S005,2026-06-10 06:40:30,2026-06-10 12:44:30,completed,store,,275,0.0,13.75,288.75,PKR
O001552,C00298,S006,2026-08-01 19:00:20,2026-08-02 04:34:20,completed,store,,3305,0.0,165.25,3470.25,PKR
O001553,C00169,S004,2026-06-24 23:41:50,2026-06-25 04:23:50,completed,store,,6575,0.0,328.75,6903.75,PKR
O001554,C00426,S003,2026-06-10 17:11:37,2026-06-10 17:27:37,completed,store,,2370,0.0,118.5,2488.5,PKR
O001555,C00152,S006,2026-08-23 18:51:12,2026-08-23 20:46:12,cancelled,store,,1530,0.0,76.5,1606.5,PKR
O001556,C00066,S003,2026-06-24 08:22:08,2026-06-24 19:53:08,completed,store,,6350,0.0,317.5,6667.5,PKR
O001557,C00600,S005,2026-06-14 13:37:25,2026-06-14 14:46:25,completed,store,PR003,7035,844.2,309.54,6500.34,PKR
O001558,C00575,S006,2026-07-15 23:59:03,2026-07-16 02:32:03,cancelled,store,,2205,0.0,110.25,2315.25,PKR
O001559,C00333,S003,2026-08-08 22:40:19,2026-08-09 02:55:19,completed,store,PR006,5590,559.0,251.55,5282.55,PKR
O001560,C00115,S006,2026-07-06 09:06:18,2026-07-06 17:43:18,completed,store,PR012,10155,507.75,482.36,10129.61,PKR
O001561,C00290,S004,2026-08-08 08:44:15,2026-08-08 16:58:15,completed,store,,2040,0.0,102.0,2142.0,PKR
O001562,C00150,S003,2026-06-24 17:51:50,2026-06-25 02:43:50,cancelled,store,,2445,0.0,122.25,2567.25,PKR
O001563,C00266,S002,2026-06-07 07:40:01,2026-06-07 17:27:01,completed,store,,5310,0.0,265.5,5575.5,PKR
O001564,C00380,S005,2026-07-31 21:13:17,2026-07-31 23:07:17,completed,store,,2335,0.0,116.75,2451.75,PKR
O001565,C00341,S004,2026-08-01 13:08:00,2026-08-01 17:03:00,completed,online,PR006,1025,102.5,46.12,968.62,PKR
O001566,C00251,S005,2026-08-27 16:21:12,2026-08-27 17:32:12,completed,store,PR001,1030,103.0,46.35,973.35,PKR
O001567,C00323,S003,2026-07-08 02:01:16,2026-07-08 08:01:16,completed,store,,4675,0.0,233.75,4908.75,PKR
O001568,C00159,S003,2026-06-14 21:52:11,2026-06-15 02:25:11,completed,store,,4675,0.0,233.75,4908.75,PKR
O001569,C00209,S003,2026-07-15 11:16:17,2026-07-15 17:38:17,completed,store,PR015,1755,400.0,67.75,1422.75,PKR
O001570,C00586,S004,2026-06-10 08:27:09,2026-06-10 11:14:09,completed,online,PR008,2960,250.0,135.5,2845.5,PKR
O001571,C00208,S001,2026-06-05 07:32:26,2026-06-05 09:38:26,completed,store,PR014,785,86.35,34.93,733.58,PKR
O001572,C00302,S002,2026-08-22 07:31:53,2026-08-22 17:11:53,completed,online,,2265,0.0,113.25,2378.25,PKR
O001573,C00387,S003,2026-06-22 00:33:30,2026-06-22 00:41:30,completed,online,,1910,0.0,95.5,2005.5,PKR
O001574,C00030,S001,2026-07-19 03:13:40,2026-07-19 03:40:40,completed,store,PR010,730,182.5,27.38,574.88,PKR
O001575,C00597,S002,2026-06-15 23:56:49,2026-06-15 23:58:49,completed,store,,3660,0.0,183.0,3843.0,PKR
O001576,C00570,S002,2026-08-25 16:45:50,2026-08-25 17:24:50,completed,store,,7345,0.0,367.25,7712.25,PKR
O001577,C00718,S001,2026-07-29 20:48:15,2026-07-30 06:11:15,completed,store,,1200,0.0,60.0,1260.0,PKR
O001578,C00598,S003,2026-07-16 21:18:47,2026-07-16 23:03:47,completed,store,PR012,3100,155.0,147.25,3092.25,PKR
O001579,C00188,S005,2026-08-08 03:25:42,2026-08-08 03:37:42,completed,store,PR013,1060,42.4,50.88,1068.48,PKR
O001580,C00730,S002,2026-08-07 08:11:55,2026-08-07 16:25:55,cancelled,store,PR013,6610,264.4,317.28,6662.88,PKR
O001581,C00410,S004,2026-08-30 08:31:47,2026-08-30 18:04:47,completed,store,PR001,5230,523.0,235.35,4942.35,PKR
O001582,C00381,S003,2026-08-27 09:10:34,2026-08-27 19:36:34,completed,store,,890,0.0,44.5,934.5,PKR
O001583,C00470,S001,2026-07-04 20:14:52,2026-07-05 04:58:52,completed,store,,2355,0.0,117.75,2472.75,PKR
O001584,C00385,S005,2026-07-23 12:02:58,2026-07-23 14:16:58,completed,store,,5380,0.0,269.0,5649.0,PKR
O001585,C00185,S005,2026-07-18 22:29:29,2026-07-19 02:25:29,completed,store,,660,0.0,33.0,693.0,PKR
O001586,C00530,S005,2026-06-21 14:58:40,2026-06-21 17:35:40,completed,store,,4810,0.0,240.5,5050.5,PKR
O001587,C00257,S006,2026-06-24 18:26:58,2026-06-24 20:14:58,completed,store,,2440,0.0,122.0,2562.0,PKR
O001588,C00090,S005,2026-06-15 03:04:33,2026-06-15 09:25:33,completed,store,,850,0.0,42.5,892.5,PKR
O001589,C00138,S006,2026-06-18 00:41:26,2026-06-18 09:41:26,completed,store,PR005,1075,75.25,49.99,1049.74,PKR
O001590,C00086,S006,2026-06-18 13:48:48,2026-06-18 18:03:48,completed,store,,5475,0.0,273.75,5748.75,PKR
O001591,C00033,S001,2026-08-13 05:48:01,2026-08-13 14:20:01,completed,store,PR009,225,56.25,8.44,177.19,PKR
O001592,C00173,S004,2026-07-31 15:07:29,2026-08-01 02:50:29,completed,store,,5585,0.0,279.25,5864.25,PKR
O001593,C00568,S006,2026-07-19 19:34:02,2026-07-20 01:09:02,completed,store,,3415,0.0,170.75,3585.75,PKR
O001594,C00478,S002,2026-07-04 19:33:24,2026-07-05 04:14:24,cancelled,online,,7015,0.0,350.75,7365.75,PKR
O001595,C00141,S002,2026-07-27 10:20:12,2026-07-27 17:12:12,completed,store,,3200,0.0,160.0,3360.0,PKR
O001596,C00151,S004,2026-08-10 01:32:36,2026-08-10 06:39:36,completed,store,PR013,6345,253.8,304.56,6395.76,PKR
O001597,C00376,S001,2026-08-07 03:11:25,2026-08-07 04:06:25,completed,store,,6785,0.0,339.25,7124.25,PKR
O001598,C00512,S002,2026-08-02 10:47:24,2026-08-02 21:10:24,completed,store,PR006,6165,616.5,277.43,5825.93,PKR
O001599,C00140,S005,2026-07-24 17:08:41,2026-07-25 04:47:41,cancelled,store,PR012,840,42.0,39.9,837.9,PKR
O001600,C00416,S003,2026-07-13 02:10:11,2026-07-13 03:49:11,cancelled,store,PR012,2760,138.0,131.1,2753.1,PKR
O001601,C00550,S005,2026-08-20 03:40:44,2026-08-20 09:29:44,completed,store,,3890,0.0,194.5,4084.5,PKR
O001602,C00635,S006,2026-06-09 05:40:35,2026-06-09 10:51:35,completed,store,,3585,0.0,179.25,3764.25,PKR
O001603,C00314,S004,2026-06-26 12:24:36,2026-06-26 18:06:36,completed,online,,2090,0.0,104.5,2194.5,PKR
O001604,C00206,S002,2026-06-06 14:22:35,2026-06-06 22:55:35,completed,store,PR005,4820,337.4,224.13,4706.73,PKR
O001605,C00473,S004,2026-06-04 10:35:52,2026-06-04 21:33:52,completed,store,,6695,0.0,334.75,7029.75,PKR
O001606,C00278,S003,2026-08-03 13:41:18,2026-08-03 18:53:18,completed,online,PR013,3510,140.4,168.48,3538.08,PKR
O001607,C00289,S003,2026-07-31 02:54:53,2026-07-31 04:50:53,returned,store,PR015,3680,400.0,164.0,3444.0,PKR
O001608,C00674,S005,2026-07-16 21:04:03,2026-07-16 23:01:03,completed,online,PR010,5255,300.0,247.75,5202.75,PKR
O001609,C00058,S005,2026-08-24 00:24:39,2026-08-24 09:31:39,completed,store,,2120,0.0,106.0,2226.0,PKR
O001610,C00176,S001,2026-08-01 20:44:04,2026-08-02 06:05:04,completed,store,PR013,2205,88.2,105.84,2222.64,PKR
O001611,C00731,S003,2026-07-15 09:42:11,2026-07-15 21:37:11,completed,store,PR011,1930,115.8,90.71,1904.91,PKR
O001612,C00059,S006,2026-06-13 16:35:28,2026-06-14 03:19:28,completed,online,,1560,0.0,78.0,1638.0,PKR
O001613,C00661,S004,2026-06-16 00:50:06,2026-06-16 09:58:06,cancelled,store,,3585,0.0,179.25,3764.25,PKR
O001614,C00434,S002,2026-07-24 15:38:34,2026-07-24 15:46:34,completed,store,,3360,0.0,168.0,3528.0,PKR
O001615,C00484,S005,2026-06-06 15:57:28,2026-06-06 17:04:28,completed,store,,2455,0.0,122.75,2577.75,PKR
O001616,C00064,S004,2026-07-27 23:17:48,2026-07-28 00:57:48,completed,store,,4610,0.0,230.5,4840.5,PKR
O001617,C00420,S006,2026-08-14 01:10:11,2026-08-14 08:55:11,completed,store,PR001,3300,330.0,148.5,3118.5,PKR
O001618,C00736,S005,2026-07-15 16:39:03,2026-07-15 20:29:03,completed,store,PR012,1400,70.0,66.5,1396.5,PKR
O001619,C00341,S005,2026-07-25 05:26:49,2026-07-25 07:58:49,completed,online,PR012,8805,440.25,418.24,8782.99,PKR
O001620,C00402,S003,2026-06-09 12:09:54,2026-06-09 13:55:54,completed,store,,3725,0.0,186.25,3911.25,PKR
O001621,C00148,S002,2026-06-18 10:04:46,2026-06-18 14:38:46,completed,store,PR003,3935,472.2,173.14,3635.94,PKR
O001622,C00145,S004,2026-07-09 22:15:07,2026-07-10 10:08:07,completed,store,,8380,0.0,419.0,8799.0,PKR
O001623,C00156,S001,2026-06-23 03:59:32,2026-06-23 13:38:32,completed,store,,2380,0.0,119.0,2499.0,PKR
O001624,C00134,S004,2026-08-08 17:37:54,2026-08-08 23:42:54,completed,online,PR013,2820,112.8,135.36,2842.56,PKR
O001625,C00659,S006,2026-08-28 00:36:59,2026-08-28 04:41:59,returned,store,,660,0.0,33.0,693.0,PKR
O001626,C00149,S001,2026-08-28 23:40:30,2026-08-29 05:07:30,completed,store,,12820,0.0,641.0,13461.0,PKR
O001627,C00623,S003,2026-06-17 23:11:36,2026-06-18 07:38:36,completed,online,PR004,10455,1568.25,444.34,9331.09,PKR
O001628,C00444,S003,2026-06-07 13:49:52,2026-06-07 21:34:52,completed,online,,4220,0.0,211.0,4431.0,PKR
O001629,C00481,S003,2026-06-13 17:48:10,2026-06-14 04:12:10,returned,store,,475,0.0,23.75,498.75,PKR
O001630,C00121,S004,2026-07-22 07:54:14,2026-07-22 13:59:14,completed,store,,4705,0.0,235.25,4940.25,PKR
O001631,C00699,S001,2026-07-30 14:47:18,2026-07-31 01:31:18,completed,store,,375,0.0,18.75,393.75,PKR
O001632,C00411,S006,2026-08-17 04:35:42,2026-08-17 09:23:42,completed,store,,5990,0.0,299.5,6289.5,PKR
O001633,C00672,S004,2026-07-24 12:41:57,2026-07-25 00:07:57,completed,store,,3540,0.0,177.0,3717.0,PKR
O001634,C00694,S006,2026-07-13 12:20:59,2026-07-13 19:05:59,completed,store,,3110,0.0,155.5,3265.5,PKR
O001635,C00228,S006,2026-07-11 08:41:03,2026-07-11 17:15:03,completed,store,PR011,260,15.6,12.22,256.62,PKR
O001636,C00283,S003,2026-07-05 01:47:03,2026-07-05 13:37:03,completed,store,PR011,6995,419.7,328.77,6904.07,PKR
O001637,C00169,S005,2026-06-10 16:51:16,2026-06-10 21:46:16,completed,store,,895,0.0,44.75,939.75,PKR
O001638,C00441,S002,2026-06-08 23:47:30,2026-06-09 10:47:30,completed,store,PR008,5355,250.0,255.25,5360.25,PKR
O001639,C00670,S001,2026-07-24 14:21:29,2026-07-24 20:31:29,completed,online,,5065,0.0,253.25,5318.25,PKR
O001640,C00339,S003,2026-06-14 06:34:58,2026-06-14 17:25:58,completed,online,,2290,0.0,114.5,2404.5,PKR
O001641,C00420,S006,2026-07-24 18:56:01,2026-07-24 23:17:01,completed,store,PR012,1265,63.25,60.09,1261.84,PKR
O001642,C00009,S001,2026-06-22 15:58:22,2026-06-22 16:43:22,completed,online,PR014,6890,757.9,306.61,6438.71,PKR
O001643,C00574,S004,2026-06-10 06:32:59,2026-06-10 17:03:59,completed,online,PR005,7660,536.2,356.19,7479.99,PKR
O001644,C00673,S006,2026-08-15 15:50:25,2026-08-15 19:21:25,completed,store,,1090,0.0,54.5,1144.5,PKR
O001645,C00552,S001,2026-07-18 03:34:27,2026-07-18 05:55:27,completed,online,PR012,7565,378.25,359.34,7546.09,PKR
O001646,C00128,S002,2026-08-08 16:17:18,2026-08-09 01:34:18,completed,online,PR013,3695,147.8,177.36,3724.56,PKR
O001647,C00431,S001,2026-06-10 00:52:42,2026-06-10 08:56:42,cancelled,online,,6155,0.0,307.75,6462.75,PKR
O001648,C00320,S005,2026-07-21 11:43:02,2026-07-21 18:44:02,completed,store,,1070,0.0,53.5,1123.5,PKR
O001649,C00637,S005,2026-08-25 14:49:33,2026-08-25 22:03:33,completed,store,PR009,2535,300.0,111.75,2346.75,PKR
O001650,C00482,S003,2026-07-21 23:34:39,2026-07-22 03:54:39,completed,store,,645,0.0,32.25,677.25,PKR
O001651,C00024,S006,2026-08-29 15:29:52,2026-08-29 18:12:52,completed,store,,2745,0.0,137.25,2882.25,PKR
O001652,C00008,S002,2026-07-06 13:43:50,2026-07-06 15:47:50,completed,store,PR007,3810,342.9,173.36,3640.46,PKR
O001653,C00294,S002,2026-06-22 10:29:24,2026-06-22 22:12:24,completed,online,PR014,4570,502.7,203.37,4270.67,PKR
O001654,C00015,S003,2026-06-27 06:18:57,2026-06-27 07:08:57,completed,store,,915,0.0,45.75,960.75,PKR
O001655,C00142,S003,2026-08-21 17:03:08,2026-08-22 03:44:08,completed,store,,2505,0.0,125.25,2630.25,PKR
O001656,C00465,S004,2026-08-12 19:36:12,2026-08-12 22:49:12,completed,store,,3220,0.0,161.0,3381.0,PKR
O001657,C00468,S001,2026-06-25 08:00:35,2026-06-25 08:52:35,completed,store,,2265,0.0,113.25,2378.25,PKR
O001658,C00327,S002,2026-07-24 13:53:29,2026-07-24 16:57:29,completed,store,,2405,0.0,120.25,2525.25,PKR
O001659,C00749,S005,2026-06-18 15:15:26,2026-06-18 22:43:26,completed,store,PR002,735,58.8,33.81,710.01,PKR
O001660,C00202,S002,2026-06-17 17:44:35,2026-06-17 21:09:35,completed,store,,1540,0.0,77.0,1617.0,PKR
O001661,C00255,S003,2026-08-22 20:01:35,2026-08-23 03:44:35,completed,store,,250,0.0,12.5,262.5,PKR
O001662,C00462,S006,2026-08-03 13:12:25,2026-08-03 17:12:25,cancelled,store,,7145,0.0,357.25,7502.25,PKR
O001663,C00045,S003,2026-08-31 21:29:55,2026-09-01 04:28:55,completed,store,,1620,0.0,81.0,1701.0,PKR
O001664,C00488,S003,2026-07-04 12:06:39,2026-07-04 20:30:39,completed,store,PR012,2975,148.75,141.31,2967.56,PKR
O001665,C00088,S001,2026-06-20 02:06:38,2026-06-20 02:28:38,completed,store,PR002,1040,83.2,47.84,1004.64,PKR
O001666,C00557,S002,2026-07-07 15:20:58,2026-07-07 19:55:58,completed,store,PR011,8575,514.5,403.03,8463.53,PKR
O001667,C00298,S001,2026-07-16 08:40:37,2026-07-16 18:06:37,completed,store,PR010,8010,300.0,385.5,8095.5,PKR
O001668,C00490,S004,2026-07-28 05:23:50,2026-07-28 08:53:50,completed,store,,5365,0.0,268.25,5633.25,PKR
O001669,C00082,S001,2026-08-29 07:30:59,2026-08-29 12:37:59,completed,store,,3605,0.0,180.25,3785.25,PKR
O001670,C00501,S004,2026-06-26 06:37:11,2026-06-26 17:17:11,completed,store,PR002,3310,264.8,152.26,3197.46,PKR
O001671,C00158,S005,2026-06-08 22:43:02,2026-06-09 03:41:02,completed,store,,2010,0.0,100.5,2110.5,PKR
O001672,C00353,S001,2026-07-28 10:45:04,2026-07-28 16:15:04,completed,online,,2160,0.0,108.0,2268.0,PKR
O001673,C00643,S001,2026-07-18 17:17:37,2026-07-18 20:23:37,completed,online,,4730,0.0,236.5,4966.5,PKR
O001674,C00723,S002,2026-08-14 15:02:35,2026-08-14 16:07:35,completed,store,PR001,2545,254.5,114.53,2405.03,PKR
O001675,C00231,S005,2026-08-06 16:48:33,2026-08-06 19:35:33,completed,online,,4255,0.0,212.75,4467.75,PKR
O001676,C00151,S004,2026-07-11 01:15:34,2026-07-11 12:41:34,completed,store,,2020,0.0,101.0,2121.0,PKR
O001677,C00406,S003,2026-06-15 17:08:15,2026-06-15 21:59:15,completed,store,,6060,0.0,303.0,6363.0,PKR
O001678,C00187,S001,2026-07-23 06:43:30,2026-07-23 13:02:30,completed,online,PR010,1305,300.0,50.25,1055.25,PKR
O001679,C00651,S003,2026-06-16 13:34:36,2026-06-16 23:18:36,completed,store,,555,0.0,27.75,582.75,PKR
O001680,C00368,S001,2026-07-05 11:23:55,2026-07-05 16:43:55,completed,store,,3460,0.0,173.0,3633.0,PKR
O001681,C00593,S006,2026-07-21 05:46:00,2026-07-21 09:38:00,completed,store,PR015,3530,400.0,156.5,3286.5,PKR
O001682,C00322,S006,2026-07-23 17:07:31,2026-07-23 23:38:31,completed,store,PR010,2465,300.0,108.25,2273.25,PKR
O001683,C00203,S005,2026-06-23 16:04:06,2026-06-24 01:04:06,completed,store,,1980,0.0,99.0,2079.0,PKR
O001684,C00196,S003,2026-07-08 05:22:34,2026-07-08 07:17:34,completed,store,,1315,0.0,65.75,1380.75,PKR
O001685,C00716,S002,2026-06-28 03:22:33,2026-06-28 13:11:33,completed,store,,2495,0.0,124.75,2619.75,PKR
O001686,C00282,S006,2026-06-29 10:29:29,2026-06-29 21:00:29,completed,store,,1025,0.0,51.25,1076.25,PKR
O001687,C00202,S003,2026-07-29 09:34:31,2026-07-29 16:14:31,completed,store,,7970,0.0,398.5,8368.5,PKR
O001688,C00685,S006,2026-06-26 11:11:57,2026-06-26 12:05:57,completed,store,,3155,0.0,157.75,3312.75,PKR
O001689,C00211,S001,2026-08-27 01:10:58,2026-08-27 05:03:58,completed,store,,1660,0.0,83.0,1743.0,PKR
O001690,C00415,S002,2026-08-12 00:40:26,2026-08-12 06:43:26,completed,store,PR006,1710,171.0,76.95,1615.95,PKR
O001691,C00177,S001,2026-08-27 00:32:09,2026-08-27 04:58:09,completed,store,,1715,0.0,85.75,1800.75,PKR
O001692,C00331,S001,2026-08-04 03:20:35,2026-08-04 05:46:35,completed,store,,3560,0.0,178.0,3738.0,PKR
O001693,C00087,S006,2026-08-24 17:56:15,2026-08-25 04:04:15,completed,store,,5290,0.0,264.5,5554.5,PKR
O001694,C00291,S001,2026-08-22 01:07:07,2026-08-22 09:40:07,completed,store,PR009,6195,300.0,294.75,6189.75,PKR
O001695,C00518,S002,2026-06-05 15:30:56,2026-06-05 15:31:56,completed,online,,130,0.0,6.5,136.5,PKR
O001696,C00469,S002,2026-06-10 10:28:58,2026-06-10 21:08:58,completed,online,,1265,0.0,63.25,1328.25,PKR
O001697,C00151,S001,2026-07-23 19:43:06,2026-07-24 07:37:06,completed,store,,1570,0.0,78.5,1648.5,PKR
O001698,C00087,S005,2026-06-11 05:25:15,2026-06-11 08:07:15,completed,store,PR003,1890,226.8,83.16,1746.36,PKR
O001699,C00011,S002,2026-08-15 01:35:31,2026-08-15 08:39:31,completed,online,,7775,0.0,388.75,8163.75,PKR
O001700,C00220,S006,2026-07-30 15:15:10,2026-07-30 15:42:10,completed,store,PR013,1000,40.0,48.0,1008.0,PKR
O001701,C00721,S004,2026-06-09 12:23:51,2026-06-10 00:03:51,completed,online,,2295,0.0,114.75,2409.75,PKR
O001702,C00298,S005,2026-08-29 00:38:36,2026-08-29 03:02:36,completed,store,PR001,3975,397.5,178.88,3756.38,PKR
O001703,C00493,S006,2026-06-05 16:30:33,2026-06-06 01:58:33,completed,store,PR008,1650,250.0,70.0,1470.0,PKR
O001704,C00287,S003,2026-08-10 16:35:17,2026-08-10 19:33:17,completed,online,,2850,0.0,142.5,2992.5,PKR
O001705,C00338,S002,2026-08-02 22:57:00,2026-08-03 00:54:00,completed,store,PR013,5145,205.8,246.96,5186.16,PKR
O001706,C00111,S006,2026-07-27 19:36:07,2026-07-28 05:03:07,completed,store,,2600,0.0,130.0,2730.0,PKR
O001707,C00450,S006,2026-07-01 08:13:27,2026-07-01 12:25:27,completed,store,,3550,0.0,177.5,3727.5,PKR
O001708,C00535,S006,2026-06-29 08:09:48,2026-06-29 11:50:48,completed,store,,2440,0.0,122.0,2562.0,PKR
O001709,C00750,S002,2026-06-28 05:13:40,2026-06-28 05:57:40,completed,store,,5985,0.0,299.25,6284.25,PKR
O001710,C00160,S006,2026-08-12 17:13:22,2026-08-13 01:50:22,completed,store,,1060,0.0,53.0,1113.0,PKR
O001711,C00650,S002,2026-06-25 15:14:58,2026-06-26 01:13:58,completed,store,,4240,0.0,212.0,4452.0,PKR
O001712,C00165,S006,2026-07-14 14:48:49,2026-07-15 01:43:49,completed,store,,3625,0.0,181.25,3806.25,PKR
O001713,C00237,S002,2026-07-09 18:44:38,2026-07-10 04:05:38,completed,store,PR012,3455,172.75,164.11,3446.36,PKR
O001714,C00370,S003,2026-08-25 20:28:53,2026-08-26 06:22:53,completed,store,PR001,6310,631.0,283.95,5962.95,PKR
O001715,C00579,S001,2026-06-16 05:16:05,2026-06-16 11:20:05,completed,online,PR004,9275,1391.25,394.19,8277.94,PKR
O001716,C00254,S005,2026-06-05 00:47:31,2026-06-05 05:46:31,completed,online,,755,0.0,37.75,792.75,PKR
O001717,C00095,S003,2026-06-04 23:05:43,2026-06-05 01:45:43,completed,store,,4715,0.0,235.75,4950.75,PKR
O001718,C00703,S005,2026-07-19 09:32:12,2026-07-19 09:45:12,completed,online,PR010,4930,300.0,231.5,4861.5,PKR
O001719,C00383,S004,2026-08-10 21:47:49,2026-08-11 01:08:49,completed,store,,3000,0.0,150.0,3150.0,PKR
O001720,C00067,S005,2026-06-17 02:56:21,2026-06-17 05:37:21,completed,store,,610,0.0,30.5,640.5,PKR
O001721,C00580,S003,2026-06-12 01:24:16,2026-06-12 08:06:16,completed,store,,220,0.0,11.0,231.0,PKR
O001722,C00257,S002,2026-06-11 21:40:45,2026-06-12 02:13:45,completed,store,PR005,4575,320.25,212.74,4467.49,PKR
O001723,C00502,S003,2026-07-27 17:07:09,2026-07-27 17:44:09,completed,store,,2790,0.0,139.5,2929.5,PKR
O001724,C00711,S004,2026-07-25 14:12:41,2026-07-25 20:15:41,completed,store,PR012,3140,157.0,149.15,3132.15,PKR
O001725,C00109,S004,2026-07-16 12:27:50,2026-07-16 15:48:50,completed,store,,2410,0.0,120.5,2530.5,PKR
O001726,C00326,S004,2026-07-29 06:51:04,2026-07-29 16:35:04,completed,store,PR015,2810,400.0,120.5,2530.5,PKR
O001727,C00608,S001,2026-08-24 10:43:06,2026-08-24 21:11:06,completed,store,PR001,3895,389.5,175.28,3680.78,PKR
O001728,C00388,S003,2026-08-17 23:35:37,2026-08-18 08:07:37,completed,store,,4535,0.0,226.75,4761.75,PKR
O001729,C00283,S002,2026-08-17 08:41:32,2026-08-17 16:34:32,completed,store,,2060,0.0,103.0,2163.0,PKR
O001730,C00146,S003,2026-07-11 14:24:36,2026-07-12 00:39:36,completed,store,,3135,0.0,156.75,3291.75,PKR
O001731,C00066,S006,2026-06-14 12:41:24,2026-06-14 19:11:24,completed,store,,2050,0.0,102.5,2152.5,PKR
O001732,C00251,S001,2026-07-07 07:15:35,2026-07-07 18:07:35,completed,store,,6730,0.0,336.5,7066.5,PKR
O001733,C00477,S004,2026-08-16 13:30:40,2026-08-16 14:32:40,completed,store,PR001,9650,965.0,434.25,9119.25,PKR
O001734,C00156,S001,2026-08-26 00:24:02,2026-08-26 01:55:02,completed,store,PR009,4370,300.0,203.5,4273.5,PKR
O001735,C00528,S001,2026-06-03 23:16:43,2026-06-04 03:54:43,completed,online,,3300,0.0,165.0,3465.0,PKR
O001736,C00229,S004,2026-08-23 00:53:09,2026-08-23 08:51:09,completed,store,,4255,0.0,212.75,4467.75,PKR
O001737,C00478,S003,2026-07-18 05:54:51,2026-07-18 07:57:51,completed,store,,2720,0.0,136.0,2856.0,PKR
O001738,C00005,S006,2026-06-13 16:49:35,2026-06-14 03:42:35,completed,online,,1885,0.0,94.25,1979.25,PKR
O001739,C00691,S001,2026-07-25 08:41:54,2026-07-25 10:03:54,completed,store,,1425,0.0,71.25,1496.25,PKR
O001740,C00362,S006,2026-08-11 01:17:07,2026-08-11 12:10:07,completed,store,,4225,0.0,211.25,4436.25,PKR
O001741,C00169,S003,2026-07-30 04:35:17,2026-07-30 04:41:17,completed,store,,1200,0.0,60.0,1260.0,PKR
O001742,C00277,S001,2026-06-13 01:32:45,2026-06-13 08:42:45,completed,store,PR005,4470,312.9,207.86,4364.96,PKR
O001743,C00371,S006,2026-08-18 04:32:20,2026-08-18 15:41:20,completed,store,PR001,1930,193.0,86.85,1823.85,PKR
O001744,C00506,S004,2026-08-29 20:26:52,2026-08-30 04:26:52,completed,store,,1400,0.0,70.0,1470.0,PKR
O001745,C00527,S002,2026-07-05 04:52:39,2026-07-05 07:17:39,completed,store,PR011,760,45.6,35.72,750.12,PKR
O001746,C00724,S006,2026-08-31 06:17:56,2026-08-31 13:40:56,completed,store,PR001,985,98.5,44.33,930.83,PKR
O001747,C00514,S001,2026-06-23 19:06:17,2026-06-23 21:18:17,completed,store,,935,0.0,46.75,981.75,PKR
O001748,C00502,S003,2026-07-26 18:35:37,2026-07-27 06:13:37,completed,store,,7105,0.0,355.25,7460.25,PKR
O001749,C00372,S006,2026-06-22 17:25:48,2026-06-22 23:05:48,completed,store,,10110,0.0,505.5,10615.5,PKR
O001750,C00267,S005,2026-06-20 00:00:53,2026-06-20 11:37:53,completed,store,,1635,0.0,81.75,1716.75,PKR
O001751,C00236,S005,2026-06-25 07:22:53,2026-06-25 16:16:53,completed,store,,6680,0.0,334.0,7014.0,PKR
O001752,C00602,S002,2026-07-12 01:41:53,2026-07-12 10:08:53,completed,store,,1330,0.0,66.5,1396.5,PKR
O001753,C00085,S003,2026-07-24 01:58:55,2026-07-24 03:41:55,completed,store,PR012,2530,126.5,120.18,2523.68,PKR
O001754,C00182,S003,2026-08-21 06:09:40,2026-08-21 15:32:40,completed,store,PR009,5925,300.0,281.25,5906.25,PKR
O001755,C00298,S001,2026-08-29 11:07:15,2026-08-29 18:01:15,completed,store,PR001,9740,974.0,438.3,9204.3,PKR
O001756,C00597,S005,2026-07-29 02:38:44,2026-07-29 09:24:44,completed,online,PR015,1805,400.0,70.25,1475.25,PKR
O001757,C00265,S003,2026-08-13 16:10:27,2026-08-13 17:39:27,completed,store,,9195,0.0,459.75,9654.75,PKR
O001758,C00160,S003,2026-06-26 04:20:05,2026-06-26 14:42:05,completed,online,,10025,0.0,501.25,10526.25,PKR
O001759,C00564,S005,2026-07-02 06:42:18,2026-07-02 11:49:18,completed,store,,605,0.0,30.25,635.25,PKR
O001760,C00612,S005,2026-06-23 15:21:54,2026-06-23 18:10:54,completed,store,PR003,750,90.0,33.0,693.0,PKR
O001761,C00055,S001,2026-07-02 23:23:43,2026-07-03 03:10:43,cancelled,store,,530,0.0,26.5,556.5,PKR
O001762,C00513,S005,2026-07-27 01:03:09,2026-07-27 07:05:09,completed,store,,8935,0.0,446.75,9381.75,PKR
O001763,C00353,S006,2026-07-25 23:34:14,2026-07-26 06:24:14,completed,store,,1975,0.0,98.75,2073.75,PKR
O001764,C00712,S003,2026-07-15 01:37:57,2026-07-15 03:26:57,completed,store,,200,0.0,10.0,210.0,PKR
O001765,C00278,S002,2026-06-25 12:30:50,2026-06-25 14:11:50,completed,online,,810,0.0,40.5,850.5,PKR
O001766,C00721,S006,2026-06-07 17:57:05,2026-06-07 20:49:05,completed,store,PR008,770,192.5,28.88,606.38,PKR
O001767,C00003,S001,2026-08-27 19:49:30,2026-08-28 06:24:30,returned,store,PR009,3080,300.0,139.0,2919.0,PKR
O001768,C00470,S006,2026-07-26 23:24:57,2026-07-27 01:13:57,completed,online,PR012,585,29.25,27.79,583.54,PKR
O001769,C00162,S004,2026-06-03 14:57:03,2026-06-03 15:01:03,completed,store,PR008,4620,250.0,218.5,4588.5,PKR
O001770,C00722,S001,2026-07-12 08:20:32,2026-07-12 20:03:32,completed,store,PR010,1090,272.5,40.88,858.38,PKR
O001771,C00731,S006,2026-06-30 18:21:27,2026-06-30 18:58:27,completed,store,,2310,0.0,115.5,2425.5,PKR
O001772,C00265,S005,2026-07-30 22:35:02,2026-07-30 23:40:02,completed,online,,6000,0.0,300.0,6300.0,PKR
O001773,C00397,S005,2026-06-06 03:56:57,2026-06-06 06:43:57,completed,online,PR008,2055,250.0,90.25,1895.25,PKR
O001774,C00413,S003,2026-07-27 21:01:25,2026-07-28 02:41:25,completed,store,PR013,5830,233.2,279.84,5876.64,PKR
O001775,C00455,S006,2026-07-28 14:54:12,2026-07-28 20:07:12,completed,store,,4840,0.0,242.0,5082.0,PKR
O001776,C00110,S006,2026-07-13 01:03:56,2026-07-13 12:12:56,cancelled,store,PR015,3820,400.0,171.0,3591.0,PKR
O001777,C00343,S006,2026-08-02 21:25:38,2026-08-03 03:50:38,completed,store,,1280,0.0,64.0,1344.0,PKR
O001778,C00188,S004,2026-07-23 03:23:57,2026-07-23 08:57:57,completed,store,PR013,3470,138.8,166.56,3497.76,PKR
O001779,C00736,S001,2026-07-11 17:56:17,2026-07-11 22:39:17,completed,store,,3130,0.0,156.5,3286.5,PKR
O001780,C00640,S002,2026-08-09 20:22:13,2026-08-09 20:42:13,returned,store,,2435,0.0,121.75,2556.75,PKR
O001781,C00107,S003,2026-06-27 18:44:55,2026-06-28 06:44:55,completed,store,,2815,0.0,140.75,2955.75,PKR
O001782,C00062,S004,2026-07-10 23:40:12,2026-07-11 04:44:12,completed,store,,1155,0.0,57.75,1212.75,PKR
O001783,C00251,S003,2026-07-31 00:49:27,2026-07-31 01:38:27,returned,online,,1795,0.0,89.75,1884.75,PKR
O001784,C00285,S001,2026-08-21 23:23:18,2026-08-22 10:02:18,completed,online,,3925,0.0,196.25,4121.25,PKR
O001785,C00657,S001,2026-07-01 13:55:49,2026-07-02 01:32:49,completed,store,,1215,0.0,60.75,1275.75,PKR
O001786,C00464,S002,2026-06-24 21:42:43,2026-06-25 04:26:43,returned,store,,1395,0.0,69.75,1464.75,PKR
O001787,C00292,S002,2026-08-28 10:24:51,2026-08-28 12:22:51,returned,store,PR009,1190,297.5,44.62,937.12,PKR
O001788,C00386,S002,2026-06-14 03:36:53,2026-06-14 14:43:53,completed,online,,1650,0.0,82.5,1732.5,PKR
O001789,C00489,S006,2026-08-28 10:44:46,2026-08-28 17:06:46,completed,store,,5895,0.0,294.75,6189.75,PKR
O001790,C00685,S001,2026-08-04 08:33:17,2026-08-04 12:44:17,completed,store,,2670,0.0,133.5,2803.5,PKR
O001791,C00660,S006,2026-06-14 01:26:05,2026-06-14 09:40:05,completed,store,,450,0.0,22.5,472.5,PKR
O001792,C00248,S005,2026-07-17 06:44:10,2026-07-17 16:15:10,completed,store,,2625,0.0,131.25,2756.25,PKR
O001793,C00117,S003,2026-08-04 22:36:11,2026-08-04 23:35:11,cancelled,online,,155,0.0,7.75,162.75,PKR
O001794,C00604,S005,2026-07-25 11:34:04,2026-07-25 16:59:04,completed,store,,490,0.0,24.5,514.5,PKR
O001795,C00029,S002,2026-06-26 18:57:49,2026-06-27 03:38:49,completed,store,,1165,0.0,58.25,1223.25,PKR
O001796,C00216,S001,2026-08-06 14:43:20,2026-08-06 18:55:20,completed,online,,1930,0.0,96.5,2026.5,PKR
O001797,C00175,S003,2026-07-27 23:19:14,2026-07-28 05:05:14,completed,store,,2440,0.0,122.0,2562.0,PKR
O001798,C00106,S005,2026-06-10 05:27:16,2026-06-10 07:21:16,completed,store,PR008,1800,250.0,77.5,1627.5,PKR
O001799,C00654,S001,2026-06-18 13:28:09,2026-06-18 15:35:09,completed,store,PR003,3960,475.2,174.24,3659.04,PKR
O001800,C00426,S006,2026-08-08 23:46:32,2026-08-09 04:46:32,completed,online,,9045,0.0,452.25,9497.25,PKR
O001801,C00689,S001,2026-06-01 21:10:46,2026-06-02 04:06:46,completed,store,PR008,3520,250.0,163.5,3433.5,PKR
O001802,C00316,S001,2026-07-27 23:21:18,2026-07-28 00:17:18,cancelled,store,,1535,0.0,76.75,1611.75,PKR
O001803,C00010,S004,2026-08-02 16:42:05,2026-08-03 02:29:05,completed,store,PR013,2770,110.8,132.96,2792.16,PKR
O001804,C00722,S006,2026-08-26 04:52:09,2026-08-26 10:10:09,completed,store,,2635,0.0,131.75,2766.75,PKR
O001805,C00305,S006,2026-07-24 18:01:12,2026-07-25 01:37:12,completed,store,PR012,6000,300.0,285.0,5985.0,PKR
O001806,C00209,S005,2026-06-02 12:34:28,2026-06-03 00:22:28,completed,store,,2140,0.0,107.0,2247.0,PKR
O001807,C00300,S005,2026-08-22 09:06:39,2026-08-22 12:30:39,completed,store,PR001,3005,300.5,135.22,2839.72,PKR
O001808,C00305,S006,2026-06-07 05:42:13,2026-06-07 14:10:13,completed,store,,1490,0.0,74.5,1564.5,PKR
O001809,C00152,S003,2026-08-07 21:38:39,2026-08-08 03:01:39,completed,store,PR013,8225,329.0,394.8,8290.8,PKR
O001810,C00417,S004,2026-07-05 09:23:23,2026-07-05 11:39:23,completed,store,,1405,0.0,70.25,1475.25,PKR
O001811,C00278,S001,2026-07-12 23:24:53,2026-07-13 01:08:53,completed,store,PR012,6315,315.75,299.96,6299.21,PKR
O001812,C00357,S001,2026-08-02 03:11:59,2026-08-02 04:15:59,completed,store,,850,0.0,42.5,892.5,PKR
O001813,C00056,S004,2026-07-29 02:45:18,2026-07-29 06:14:18,returned,store,,7550,0.0,377.5,7927.5,PKR
O001814,C00671,S003,2026-07-24 13:42:26,2026-07-24 21:35:26,completed,online,,795,0.0,39.75,834.75,PKR
O001815,C00008,S002,2026-08-05 09:28:25,2026-08-05 13:24:25,completed,online,,6170,0.0,308.5,6478.5,PKR
O001816,C00625,S004,2026-08-17 14:44:48,2026-08-17 18:05:48,completed,store,PR001,585,58.5,26.33,552.83,PKR
O001817,C00225,S002,2026-06-09 17:44:37,2026-06-10 03:03:37,completed,store,,7595,0.0,379.75,7974.75,PKR
O001818,C00718,S001,2026-07-03 00:43:20,2026-07-03 11:07:20,completed,online,,850,0.0,42.5,892.5,PKR
O001819,C00627,S006,2026-08-29 11:50:07,2026-08-29 12:08:07,completed,store,,2180,0.0,109.0,2289.0,PKR
O001820,C00097,S005,2026-06-23 00:40:55,2026-06-23 11:45:55,completed,store,,1220,0.0,61.0,1281.0,PKR
O001821,C00048,S004,2026-07-11 05:04:47,2026-07-11 08:18:47,completed,online,,720,0.0,36.0,756.0,PKR
O001822,C00310,S004,2026-06-19 16:52:05,2026-06-20 03:56:05,completed,online,,6150,0.0,307.5,6457.5,PKR
O001823,C00646,S003,2026-06-16 15:49:03,2026-06-16 21:53:03,completed,store,PR014,8005,880.55,356.22,7480.67,PKR
O001824,C00160,S005,2026-06-19 05:45:20,2026-06-19 16:25:20,completed,store,PR002,620,49.6,28.52,598.92,PKR
O001825,C00243,S005,2026-08-19 10:05:01,2026-08-19 17:39:01,completed,store,,3305,0.0,165.25,3470.25,PKR
O001826,C00316,S003,2026-06-10 19:06:40,2026-06-10 21:12:40,completed,store,,2415,0.0,120.75,2535.75,PKR
O001827,C00516,S001,2026-08-20 01:58:37,2026-08-20 02:56:37,completed,store,PR009,2740,300.0,122.0,2562.0,PKR
O001828,C00747,S004,2026-07-01 12:29:11,2026-07-01 20:35:11,returned,store,,205,0.0,10.25,215.25,PKR
O001829,C00722,S004,2026-08-25 01:01:13,2026-08-25 03:03:13,completed,store,,385,0.0,19.25,404.25,PKR
O001830,C00034,S005,2026-06-25 13:57:02,2026-06-25 19:20:02,completed,store,PR002,4405,352.4,202.63,4255.23,PKR
O001831,C00269,S002,2026-06-13 07:11:00,2026-06-13 10:31:00,completed,store,PR002,2585,206.8,118.91,2497.11,PKR
O001832,C00112,S003,2026-08-10 10:33:54,2026-08-10 12:37:54,completed,store,,620,0.0,31.0,651.0,PKR
O001833,C00160,S003,2026-06-18 08:35:18,2026-06-18 15:27:18,completed,store,,1110,0.0,55.5,1165.5,PKR
O001834,C00628,S006,2026-06-30 04:59:02,2026-06-30 11:18:02,completed,store,,5220,0.0,261.0,5481.0,PKR
O001835,C00503,S003,2026-07-12 17:37:39,2026-07-13 04:16:39,completed,store,,4775,0.0,238.75,5013.75,PKR
O001836,C00464,S004,2026-06-10 17:23:44,2026-06-11 00:31:44,completed,store,,2810,0.0,140.5,2950.5,PKR
O001837,C00430,S005,2026-06-23 03:54:18,2026-06-23 14:01:18,completed,online,,850,0.0,42.5,892.5,PKR
O001838,C00235,S004,2026-07-31 05:47:07,2026-07-31 15:16:07,completed,store,,3770,0.0,188.5,3958.5,PKR
O001839,C00041,S004,2026-07-10 03:36:02,2026-07-10 13:35:02,completed,store,PR015,2395,400.0,99.75,2094.75,PKR
O001840,C00182,S001,2026-07-02 06:31:06,2026-07-02 08:38:06,completed,store,,1020,0.0,51.0,1071.0,PKR
O001841,C00495,S004,2026-06-06 23:31:09,2026-06-07 01:21:09,completed,store,,3090,0.0,154.5,3244.5,PKR
O001842,C00191,S003,2026-07-28 17:07:07,2026-07-28 18:20:07,completed,store,,1575,0.0,78.75,1653.75,PKR
O001843,C00316,S001,2026-08-28 18:07:14,2026-08-28 19:34:14,completed,store,PR001,6175,617.5,277.88,5835.38,PKR
O001844,C00428,S006,2026-08-21 23:38:01,2026-08-22 02:48:01,completed,store,,3195,0.0,159.75,3354.75,PKR
O001845,C00228,S005,2026-06-08 09:19:19,2026-06-08 21:02:19,completed,store,,3740,0.0,187.0,3927.0,PKR
O001846,C00091,S003,2026-08-17 21:21:09,2026-08-18 02:36:09,completed,store,,4280,0.0,214.0,4494.0,PKR
O001847,C00305,S002,2026-06-30 11:57:06,2026-06-30 21:21:06,completed,store,,5415,0.0,270.75,5685.75,PKR
O001848,C00301,S003,2026-08-08 01:07:19,2026-08-08 03:05:19,completed,store,,1840,0.0,92.0,1932.0,PKR
O001849,C00167,S001,2026-08-18 08:43:14,2026-08-18 15:03:14,completed,store,,2550,0.0,127.5,2677.5,PKR
O001850,C00251,S006,2026-07-31 00:53:18,2026-07-31 11:30:18,completed,store,,8330,0.0,416.5,8746.5,PKR
O001851,C00186,S001,2026-07-23 03:12:06,2026-07-23 05:23:06,completed,store,PR006,4330,433.0,194.85,4091.85,PKR
O001852,C00637,S002,2026-08-15 13:35:41,2026-08-15 23:31:41,completed,store,PR001,1730,173.0,77.85,1634.85,PKR
O001853,C00673,S005,2026-08-26 09:32:01,2026-08-26 18:38:01,completed,store,,2225,0.0,111.25,2336.25,PKR
O001854,C00709,S001,2026-07-11 14:03:08,2026-07-12 02:03:08,completed,store,,1090,0.0,54.5,1144.5,PKR
O001855,C00656,S001,2026-06-16 04:49:50,2026-06-16 11:10:50,completed,store,,2540,0.0,127.0,2667.0,PKR
O001856,C00197,S002,2026-07-18 21:36:42,2026-07-19 02:44:42,completed,store,,4990,0.0,249.5,5239.5,PKR
O001857,C00721,S001,2026-08-22 21:49:00,2026-08-22 22:44:00,completed,store,,1125,0.0,56.25,1181.25,PKR
O001858,C00161,S006,2026-06-08 17:28:37,2026-06-09 01:06:37,completed,store,PR008,1760,250.0,75.5,1585.5,PKR
O001859,C00026,S001,2026-06-07 23:01:18,2026-06-08 07:39:18,completed,store,PR005,5770,403.9,268.31,5634.41,PKR
O001860,C00412,S004,2026-07-22 16:36:24,2026-07-22 18:28:24,completed,store,,1895,0.0,94.75,1989.75,PKR
O001861,C00461,S003,2026-07-17 01:35:28,2026-07-17 06:20:28,completed,store,,1200,0.0,60.0,1260.0,PKR
O001862,C00592,S004,2026-07-21 09:16:21,2026-07-21 09:34:21,cancelled,store,,3920,0.0,196.0,4116.0,PKR
O001863,C00657,S003,2026-06-30 00:41:32,2026-06-30 09:49:32,completed,store,,615,0.0,30.75,645.75,PKR
O001864,C00513,S002,2026-08-28 01:12:17,2026-08-28 06:38:17,completed,store,PR009,1965,300.0,83.25,1748.25,PKR
O001865,C00409,S004,2026-08-27 00:36:40,2026-08-27 11:43:40,cancelled,store,,970,0.0,48.5,1018.5,PKR
O001866,C00405,S004,2026-06-13 10:59:33,2026-06-13 11:54:33,completed,store,PR005,2230,156.1,103.7,2177.6,PKR
O001867,C00527,S005,2026-06-22 23:29:18,2026-06-23 00:47:18,completed,online,PR004,730,109.5,31.03,651.53,PKR
O001868,C00175,S005,2026-06-11 16:44:51,2026-06-11 19:08:51,completed,store,PR014,4550,500.5,202.48,4251.98,PKR
O001869,C00313,S006,2026-06-16 17:42:27,2026-06-16 21:38:27,completed,store,PR004,880,132.0,37.4,785.4,PKR
O001870,C00371,S003,2026-08-21 02:04:15,2026-08-21 10:52:15,completed,store,,4950,0.0,247.5,5197.5,PKR
O001871,C00265,S004,2026-08-08 01:40:16,2026-08-08 06:04:16,completed,store,,2140,0.0,107.0,2247.0,PKR
O001872,C00135,S006,2026-08-01 15:32:31,2026-08-01 18:27:31,completed,store,PR013,7245,289.8,347.76,7302.96,PKR
O001873,C00376,S002,2026-06-15 19:55:08,2026-06-16 00:00:08,completed,store,PR002,1480,118.4,68.08,1429.68,PKR
O001874,C00037,S003,2026-06-30 04:42:54,2026-06-30 07:39:54,completed,online,,140,0.0,7.0,147.0,PKR
O001875,C00475,S003,2026-07-21 07:09:58,2026-07-21 10:02:58,completed,store,PR012,7530,376.5,357.68,7511.18,PKR
O001876,C00560,S004,2026-07-20 01:25:03,2026-07-20 04:32:03,completed,store,,2325,0.0,116.25,2441.25,PKR
O001877,C00183,S003,2026-07-12 15:00:54,2026-07-13 00:11:54,completed,store,,7105,0.0,355.25,7460.25,PKR
O001878,C00749,S006,2026-06-03 16:32:09,2026-06-03 21:02:09,completed,store,,8485,0.0,424.25,8909.25,PKR
O001879,C00233,S004,2026-08-22 12:09:26,2026-08-22 21:39:26,completed,store,PR009,2450,300.0,107.5,2257.5,PKR
O001880,C00338,S004,2026-08-02 23:51:41,2026-08-03 00:39:41,completed,store,PR013,3715,148.6,178.32,3744.72,PKR
O001881,C00114,S003,2026-06-28 14:07:05,2026-06-28 17:30:05,completed,online,,4775,0.0,238.75,5013.75,PKR
O001882,C00566,S005,2026-07-25 18:18:29,2026-07-25 22:33:29,completed,store,,1265,0.0,63.25,1328.25,PKR
O001883,C00380,S004,2026-08-03 07:02:42,2026-08-03 17:26:42,completed,store,PR013,10745,429.8,515.76,10830.96,PKR
O001884,C00182,S001,2026-07-08 16:00:02,2026-07-08 16:55:02,completed,store,PR012,1240,62.0,58.9,1236.9,PKR
O001885,C00672,S001,2026-06-18 19:12:49,2026-06-19 04:08:49,completed,store,,2795,0.0,139.75,2934.75,PKR
O001886,C00072,S002,2026-06-22 09:49:14,2026-06-22 11:05:14,completed,store,,2175,0.0,108.75,2283.75,PKR
O001887,C00190,S002,2026-07-05 22:34:46,2026-07-06 03:33:46,completed,store,PR011,4035,242.1,189.65,3982.55,PKR
O001888,C00241,S005,2026-08-29 04:17:47,2026-08-29 05:10:47,completed,store,PR001,1700,170.0,76.5,1606.5,PKR
O001889,C00305,S001,2026-06-17 06:45:35,2026-06-17 06:58:35,completed,store,,400,0.0,20.0,420.0,PKR
O001890,C00100,S004,2026-07-31 00:28:07,2026-07-31 10:06:07,completed,store,PR015,4990,400.0,229.5,4819.5,PKR
O001891,C00473,S002,2026-06-28 13:46:09,2026-06-29 01:37:09,completed,store,,1010,0.0,50.5,1060.5,PKR
O001892,C00013,S004,2026-06-04 05:06:57,2026-06-04 05:31:57,completed,store,,4340,0.0,217.0,4557.0,PKR
O001893,C00245,S004,2026-08-02 19:44:45,2026-08-02 23:12:45,cancelled,online,PR013,1080,43.2,51.84,1088.64,PKR
O001894,C00708,S006,2026-08-25 18:41:48,2026-08-26 04:12:48,completed,store,,7630,0.0,381.5,8011.5,PKR
O001895,C00088,S006,2026-08-28 22:33:55,2026-08-29 06:00:55,completed,store,,1560,0.0,78.0,1638.0,PKR
O001896,C00023,S001,2026-07-07 11:03:27,2026-07-07 18:08:27,completed,store,,4555,0.0,227.75,4782.75,PKR
O001897,C00566,S006,2026-07-05 13:49:42,2026-07-05 17:03:42,completed,online,PR012,4580,229.0,217.55,4568.55,PKR
O001898,C00367,S006,2026-08-11 10:12:09,2026-08-11 21:15:09,returned,online,,5170,0.0,258.5,5428.5,PKR
O001899,C00518,S006,2026-08-03 04:38:05,2026-08-03 15:50:05,completed,store,,1090,0.0,54.5,1144.5,PKR
O001900,C00706,S002,2026-06-08 20:19:54,2026-06-09 04:10:54,completed,store,,1305,0.0,65.25,1370.25,PKR
O001901,C00052,S002,2026-06-23 22:46:32,2026-06-24 08:04:32,completed,online,,6690,0.0,334.5,7024.5,PKR
O001902,C00737,S002,2026-08-17 19:27:23,2026-08-18 02:44:23,completed,store,,895,0.0,44.75,939.75,PKR
O001903,C00640,S002,2026-07-10 21:49:46,2026-07-11 04:34:46,completed,store,,2115,0.0,105.75,2220.75,PKR
O001904,C00529,S001,2026-08-13 15:21:25,2026-08-13 23:21:25,completed,store,,3880,0.0,194.0,4074.0,PKR
O001905,C00251,S002,2026-06-11 09:50:32,2026-06-11 18:45:32,completed,online,,130,0.0,6.5,136.5,PKR
O001906,C00228,S005,2026-07-11 13:17:56,2026-07-11 23:55:56,completed,store,,7420,0.0,371.0,7791.0,PKR
O001907,C00069,S004,2026-06-23 16:54:33,2026-06-23 19:41:33,completed,online,,1895,0.0,94.75,1989.75,PKR
O001908,C00298,S003,2026-07-13 08:36:47,2026-07-13 10:23:47,completed,store,,4270,0.0,213.5,4483.5,PKR
O001909,C00413,S001,2026-08-06 01:10:50,2026-08-06 09:03:50,completed,store,,4190,0.0,209.5,4399.5,PKR
O001910,C00420,S001,2026-08-06 20:44:09,2026-08-07 08:17:09,completed,store,,2415,0.0,120.75,2535.75,PKR
O001911,C00558,S004,2026-06-08 02:50:06,2026-06-08 09:49:06,completed,store,PR008,2850,250.0,130.0,2730.0,PKR
O001912,C00240,S005,2026-07-16 04:59:20,2026-07-16 16:45:20,completed,store,,2135,0.0,106.75,2241.75,PKR
O001913,C00150,S006,2026-06-27 18:45:27,2026-06-28 02:43:27,completed,store,,5655,0.0,282.75,5937.75,PKR
O001914,C00132,S002,2026-07-10 18:31:43,2026-07-10 18:57:43,completed,store,PR015,6100,400.0,285.0,5985.0,PKR
O001915,C00010,S006,2026-07-15 14:42:50,2026-07-15 22:40:50,cancelled,store,PR012,5485,274.25,260.54,5471.29,PKR
O001916,C00177,S005,2026-07-18 01:48:41,2026-07-18 03:56:41,completed,store,PR015,1540,385.0,57.75,1212.75,PKR
O001917,C00130,S004,2026-08-08 10:13:42,2026-08-08 17:22:42,completed,store,,1990,0.0,99.5,2089.5,PKR
O001918,C00420,S006,2026-08-08 20:51:04,2026-08-08 21:58:04,completed,store,,960,0.0,48.0,1008.0,PKR
O001919,C00403,S004,2026-07-12 08:19:42,2026-07-12 11:28:42,completed,store,PR010,6185,300.0,294.25,6179.25,PKR
O001920,C00171,S002,2026-08-27 11:33:34,2026-08-27 13:30:34,completed,store,,3325,0.0,166.25,3491.25,PKR
O001921,C00266,S002,2026-08-01 21:01:55,2026-08-01 23:36:55,completed,store,,5515,0.0,275.75,5790.75,PKR
O001922,C00413,S004,2026-07-07 12:51:39,2026-07-07 18:11:39,completed,store,PR015,1935,400.0,76.75,1611.75,PKR
O001923,C00431,S003,2026-08-29 11:18:30,2026-08-29 17:46:30,completed,online,,3455,0.0,172.75,3627.75,PKR
O001924,C00290,S004,2026-08-22 03:12:37,2026-08-22 09:35:37,completed,store,PR009,1190,297.5,44.62,937.12,PKR
O001925,C00458,S004,2026-08-14 21:29:22,2026-08-15 06:03:22,completed,store,,2140,0.0,107.0,2247.0,PKR
O001926,C00163,S005,2026-06-10 02:49:52,2026-06-10 08:44:52,completed,online,,5025,0.0,251.25,5276.25,PKR
O001927,C00317,S002,2026-06-25 02:32:37,2026-06-25 03:41:37,completed,store,,4275,0.0,213.75,4488.75,PKR
O001928,C00175,S004,2026-06-27 01:38:27,2026-06-27 07:09:27,completed,store,,7820,0.0,391.0,8211.0,PKR
O001929,C00358,S003,2026-07-23 21:59:03,2026-07-24 04:57:03,completed,online,,1180,0.0,59.0,1239.0,PKR
O001930,C00132,S004,2026-08-03 20:17:41,2026-08-04 02:17:41,completed,online,,1080,0.0,54.0,1134.0,PKR
O001931,C00685,S004,2026-06-03 08:07:13,2026-06-03 20:02:13,completed,online,PR008,1805,250.0,77.75,1632.75,PKR
O001932,C00415,S004,2026-07-12 09:55:58,2026-07-12 12:52:58,completed,store,,3795,0.0,189.75,3984.75,PKR
O001933,C00319,S005,2026-07-09 22:28:04,2026-07-10 10:01:04,completed,store,PR015,6180,400.0,289.0,6069.0,PKR
O001934,C00061,S006,2026-08-19 23:41:16,2026-08-20 03:55:16,cancelled,store,,1980,0.0,99.0,2079.0,PKR
O001935,C00507,S005,2026-06-04 00:53:03,2026-06-04 03:04:03,completed,store,,5420,0.0,271.0,5691.0,PKR
O001936,C00072,S002,2026-07-20 05:07:45,2026-07-20 10:35:45,completed,store,,3270,0.0,163.5,3433.5,PKR
O001937,C00130,S001,2026-06-05 23:55:35,2026-06-06 02:56:35,completed,online,PR008,1560,250.0,65.5,1375.5,PKR
O001938,C00443,S005,2026-07-06 08:12:08,2026-07-06 09:58:08,completed,store,PR012,2955,147.75,140.36,2947.61,PKR
O001939,C00193,S004,2026-06-30 16:37:03,2026-07-01 03:38:03,cancelled,store,,1440,0.0,72.0,1512.0,PKR
O001940,C00748,S006,2026-08-22 03:14:16,2026-08-22 11:21:16,completed,online,,8885,0.0,444.25,9329.25,PKR
O001941,C00006,S002,2026-08-18 21:53:21,2026-08-19 07:10:21,completed,online,,1255,0.0,62.75,1317.75,PKR
O001942,C00698,S006,2026-07-16 02:41:03,2026-07-16 06:19:03,completed,store,,9885,0.0,494.25,10379.25,PKR
O001943,C00159,S004,2026-07-27 16:27:35,2026-07-27 21:00:35,completed,store,,5210,0.0,260.5,5470.5,PKR
O001944,C00685,S002,2026-08-19 12:15:33,2026-08-19 23:10:33,completed,store,PR009,1895,300.0,79.75,1674.75,PKR
O001945,C00500,S003,2026-08-13 23:26:22,2026-08-14 04:37:22,completed,store,,760,0.0,38.0,798.0,PKR
O001946,C00275,S005,2026-06-26 18:39:51,2026-06-27 04:16:51,completed,online,,3855,0.0,192.75,4047.75,PKR
O001947,C00371,S004,2026-07-11 13:17:52,2026-07-11 14:27:52,completed,store,,2945,0.0,147.25,3092.25,PKR
O001948,C00486,S005,2026-06-10 03:53:08,2026-06-10 07:08:08,completed,store,,3350,0.0,167.5,3517.5,PKR
O001949,C00251,S005,2026-08-05 10:28:40,2026-08-05 18:38:40,completed,online,,5595,0.0,279.75,5874.75,PKR
O001950,C00733,S003,2026-07-03 06:24:57,2026-07-03 16:57:57,completed,store,,660,0.0,33.0,693.0,PKR
O001951,C00249,S001,2026-06-08 05:18:51,2026-06-08 16:34:51,completed,store,PR008,6020,250.0,288.5,6058.5,PKR
O001952,C00003,S003,2026-08-16 12:25:12,2026-08-16 21:18:12,completed,store,PR009,1940,300.0,82.0,1722.0,PKR
O001953,C00313,S002,2026-06-14 15:40:39,2026-06-14 21:16:39,completed,store,PR002,3270,261.6,150.42,3158.82,PKR
O001954,C00089,S005,2026-08-08 04:39:34,2026-08-08 11:56:34,cancelled,store,,400,0.0,20.0,420.0,PKR
O001955,C00707,S002,2026-06-06 12:10:45,2026-06-07 00:06:45,completed,store,,275,0.0,13.75,288.75,PKR
O001956,C00569,S006,2026-06-27 20:01:58,2026-06-28 07:19:58,completed,online,,7075,0.0,353.75,7428.75,PKR
O001957,C00077,S001,2026-07-11 20:32:18,2026-07-12 00:32:18,completed,store,,360,0.0,18.0,378.0,PKR
O001958,C00218,S004,2026-06-19 16:38:20,2026-06-19 23:47:20,completed,store,,4070,0.0,203.5,4273.5,PKR
O001959,C00103,S006,2026-07-24 09:19:43,2026-07-24 13:46:43,completed,store,,5835,0.0,291.75,6126.75,PKR
O001960,C00611,S005,2026-08-03 12:58:08,2026-08-03 22:04:08,completed,store,PR013,4040,161.6,193.92,4072.32,PKR
O001961,C00237,S002,2026-06-24 23:51:21,2026-06-25 11:31:21,completed,store,,3825,0.0,191.25,4016.25,PKR
O001962,C00736,S004,2026-07-30 20:46:18,2026-07-31 00:11:18,completed,store,,595,0.0,29.75,624.75,PKR
O001963,C00356,S006,2026-06-13 22:53:49,2026-06-14 07:22:49,returned,online,,2950,0.0,147.5,3097.5,PKR
O001964,C00085,S006,2026-06-28 11:21:08,2026-06-28 21:03:08,completed,online,,12105,0.0,605.25,12710.25,PKR
O001965,C00601,S003,2026-07-18 07:17:09,2026-07-18 09:42:09,completed,store,,3810,0.0,190.5,4000.5,PKR
O001966,C00193,S003,2026-08-18 18:56:57,2026-08-19 03:41:57,completed,store,,5455,0.0,272.75,5727.75,PKR
O001967,C00025,S004,2026-07-10 17:21:39,2026-07-11 04:51:39,completed,store,,4200,0.0,210.0,4410.0,PKR
O001968,C00240,S002,2026-08-22 16:33:15,2026-08-22 17:47:15,completed,store,PR001,2180,218.0,98.1,2060.1,PKR
O001969,C00126,S001,2026-07-17 06:04:03,2026-07-17 16:16:03,completed,store,PR012,5695,284.75,270.51,5680.76,PKR
O001970,C00290,S002,2026-06-02 06:58:28,2026-06-02 07:54:28,completed,online,,1925,0.0,96.25,2021.25,PKR
O001971,C00024,S006,2026-07-19 05:53:57,2026-07-19 10:16:57,completed,store,,3505,0.0,175.25,3680.25,PKR
O001972,C00094,S005,2026-07-29 18:26:09,2026-07-30 03:41:09,completed,online,PR013,425,17.0,20.4,428.4,PKR
O001973,C00489,S001,2026-06-16 12:09:53,2026-06-16 22:23:53,completed,store,,1715,0.0,85.75,1800.75,PKR
O001974,C00189,S006,2026-07-31 18:52:50,2026-08-01 01:43:50,completed,store,PR006,6220,622.0,279.9,5877.9,PKR
O001975,C00730,S005,2026-06-04 15:12:10,2026-06-04 16:12:10,completed,store,,1840,0.0,92.0,1932.0,PKR
O001976,C00172,S005,2026-06-01 20:12:40,2026-06-01 23:32:40,completed,store,,1980,0.0,99.0,2079.0,PKR
O001977,C00390,S001,2026-06-15 10:41:32,2026-06-15 12:53:32,completed,store,PR002,5515,441.2,253.69,5327.49,PKR
O001978,C00352,S005,2026-08-22 11:52:27,2026-08-22 12:35:27,completed,store,,1270,0.0,63.5,1333.5,PKR
O001979,C00489,S002,2026-06-20 15:57:17,2026-06-20 21:24:17,completed,store,,1595,0.0,79.75,1674.75,PKR
O001980,C00339,S001,2026-07-04 08:07:36,2026-07-04 10:49:36,cancelled,store,,8980,0.0,449.0,9429.0,PKR
O001981,C00159,S003,2026-08-09 13:20:17,2026-08-09 21:22:17,completed,store,PR013,185,7.4,8.88,186.48,PKR
O001982,C00227,S005,2026-07-09 17:40:59,2026-07-09 19:01:59,completed,store,,2940,0.0,147.0,3087.0,PKR
O001983,C00276,S006,2026-08-23 04:30:51,2026-08-23 05:17:51,completed,store,PR009,6610,300.0,315.5,6625.5,PKR
O001984,C00710,S004,2026-08-03 21:47:57,2026-08-04 06:06:57,completed,store,PR013,1805,72.2,86.64,1819.44,PKR
O001985,C00011,S006,2026-08-26 23:52:06,2026-08-27 08:10:06,completed,store,,7310,0.0,365.5,7675.5,PKR
O001986,C00056,S002,2026-06-09 13:37:09,2026-06-09 18:32:09,completed,store,PR003,1775,213.0,78.1,1640.1,PKR
O001987,C00419,S003,2026-07-04 02:44:42,2026-07-04 05:55:42,completed,store,PR012,3520,176.0,167.2,3511.2,PKR
O001988,C00346,S006,2026-06-19 11:48:39,2026-06-19 15:42:39,cancelled,online,,7175,0.0,358.75,7533.75,PKR
O001989,C00742,S001,2026-06-27 00:43:10,2026-06-27 09:00:10,completed,store,,7715,0.0,385.75,8100.75,PKR
O001990,C00716,S003,2026-08-29 02:04:54,2026-08-29 08:36:54,completed,store,,1365,0.0,68.25,1433.25,PKR
O001991,C00085,S005,2026-06-11 02:40:13,2026-06-11 14:14:13,completed,store,,755,0.0,37.75,792.75,PKR
O001992,C00471,S004,2026-07-05 23:30:44,2026-07-06 01:07:44,completed,store,,6365,0.0,318.25,6683.25,PKR
O001993,C00094,S001,2026-08-17 07:20:41,2026-08-17 18:53:41,completed,online,,2425,0.0,121.25,2546.25,PKR
O001994,C00412,S005,2026-06-01 11:15:11,2026-06-01 14:43:11,completed,store,,4785,0.0,239.25,5024.25,PKR
O001995,C00153,S005,2026-08-26 14:08:47,2026-08-26 23:44:47,completed,store,,2680,0.0,134.0,2814.0,PKR
O001996,C00101,S003,2026-06-19 21:49:57,2026-06-19 23:12:57,completed,store,,1685,0.0,84.25,1769.25,PKR
O001997,C00694,S005,2026-08-08 15:42:21,2026-08-08 17:56:21,completed,store,,3315,0.0,165.75,3480.75,PKR
O001998,C00604,S005,2026-06-14 20:59:50,2026-06-14 21:03:50,completed,store,PR014,1100,121.0,48.95,1027.95,PKR
O001999,C00716,S006,2026-08-05 17:59:18,2026-08-05 21:33:18,completed,store,PR006,3980,398.0,179.1,3761.1,PKR
O002000,C00026,S005,2026-08-11 18:25:56,2026-08-12 06:02:56,completed,online,,5545,0.0,277.25,5822.25,PKR
O002001,C00733,S006,2026-07-06 14:19:34,2026-07-06 23:53:34,completed,store,,3570,0.0,178.5,3748.5,PKR
O002002,C00254,S003,2026-08-07 07:35:11,2026-08-07 10:51:11,completed,store,,4155,0.0,207.75,4362.75,PKR
O002003,C00168,S001,2026-06-30 23:18:46,2026-07-01 10:18:46,completed,store,,2380,0.0,119.0,2499.0,PKR
O002004,C00063,S006,2026-07-10 13:33:45,2026-07-10 14:57:45,completed,online,,3670,0.0,183.5,3853.5,PKR
O002005,C00495,S001,2026-08-18 08:33:40,2026-08-18 17:24:40,completed,store,PR001,1565,156.5,70.42,1478.92,PKR
O002006,C00610,S004,2026-06-11 09:41:12,2026-06-11 21:03:12,completed,store,,4035,0.0,201.75,4236.75,PKR
O002007,C00277,S003,2026-06-22 12:09:00,2026-06-22 15:02:00,completed,store,,4105,0.0,205.25,4310.25,PKR
O002008,C00434,S001,2026-07-14 06:58:48,2026-07-14 10:31:48,completed,store,,5255,0.0,262.75,5517.75,PKR
O002009,C00114,S006,2026-08-02 11:20:53,2026-08-02 15:29:53,cancelled,online,PR013,2425,97.0,116.4,2444.4,PKR
O002010,C00309,S002,2026-08-23 02:53:05,2026-08-23 12:07:05,completed,online,,490,0.0,24.5,514.5,PKR
O002011,C00548,S005,2026-07-05 15:26:13,2026-07-05 16:43:13,completed,store,,8210,0.0,410.5,8620.5,PKR
O002012,C00574,S005,2026-08-16 19:11:25,2026-08-17 01:43:25,completed,store,PR001,5945,594.5,267.53,5618.03,PKR
O002013,C00491,S005,2026-07-04 17:44:01,2026-07-04 19:00:01,completed,online,,5440,0.0,272.0,5712.0,PKR
O002014,C00741,S001,2026-08-23 06:19:06,2026-08-23 14:39:06,completed,store,PR009,385,96.25,14.44,303.19,PKR
O002015,C00155,S006,2026-08-18 17:15:52,2026-08-18 17:22:52,completed,store,PR009,1375,300.0,53.75,1128.75,PKR
O002016,C00091,S002,2026-07-24 01:11:21,2026-07-24 01:29:21,completed,store,,325,0.0,16.25,341.25,PKR
O002017,C00693,S006,2026-07-10 05:37:32,2026-07-10 10:45:32,completed,store,,380,0.0,19.0,399.0,PKR
O002018,C00006,S004,2026-08-07 07:55:59,2026-08-07 17:17:59,completed,store,PR013,5775,231.0,277.2,5821.2,PKR
O002019,C00195,S005,2026-08-17 23:27:04,2026-08-18 00:10:04,completed,store,PR009,385,96.25,14.44,303.19,PKR
O002020,C00040,S006,2026-06-11 00:38:27,2026-06-11 02:26:27,completed,store,PR003,5260,631.2,231.44,4860.24,PKR
O002021,C00176,S001,2026-07-28 12:41:34,2026-07-28 15:04:34,completed,store,,4045,0.0,202.25,4247.25,PKR
O002022,C00312,S003,2026-07-28 06:33:19,2026-07-28 18:08:19,completed,online,,4845,0.0,242.25,5087.25,PKR
O002023,C00205,S004,2026-08-13 05:47:23,2026-08-13 17:47:23,completed,store,PR009,2250,300.0,97.5,2047.5,PKR
O002024,C00006,S003,2026-06-12 07:00:11,2026-06-12 14:36:11,completed,store,PR003,7010,841.2,308.44,6477.24,PKR
O002025,C00426,S003,2026-06-19 09:55:42,2026-06-19 18:15:42,completed,online,,2380,0.0,119.0,2499.0,PKR
O002026,C00662,S006,2026-08-21 00:05:50,2026-08-21 04:49:50,completed,online,,3870,0.0,193.5,4063.5,PKR
O002027,C00690,S004,2026-08-06 00:38:28,2026-08-06 02:05:28,completed,store,PR013,3290,131.6,157.92,3316.32,PKR
O002028,C00292,S004,2026-06-12 08:10:57,2026-06-12 11:27:57,completed,store,PR002,2995,239.6,137.77,2893.17,PKR
O002029,C00112,S001,2026-07-08 15:30:31,2026-07-08 20:37:31,completed,online,PR011,4795,287.7,225.37,4732.67,PKR
O002030,C00142,S001,2026-06-25 11:42:01,2026-06-25 22:36:01,completed,online,,5590,0.0,279.5,5869.5,PKR
O002031,C00468,S003,2026-06-14 23:38:52,2026-06-15 10:15:52,completed,online,PR005,1650,115.5,76.73,1611.23,PKR
O002032,C00076,S006,2026-08-30 21:28:23,2026-08-30 22:40:23,completed,store,,2980,0.0,149.0,3129.0,PKR
O002033,C00210,S002,2026-08-20 10:07:41,2026-08-20 13:12:41,completed,store,PR001,12055,1205.5,542.48,11391.98,PKR
O002034,C00245,S004,2026-07-19 08:15:18,2026-07-19 18:05:18,completed,store,,4235,0.0,211.75,4446.75,PKR
O002035,C00611,S003,2026-06-15 17:53:37,2026-06-16 05:52:37,completed,online,,180,0.0,9.0,189.0,PKR
O002036,C00629,S001,2026-08-26 16:59:09,2026-08-26 18:10:09,completed,store,,7790,0.0,389.5,8179.5,PKR
O002037,C00295,S005,2026-06-19 09:29:00,2026-06-19 16:47:00,completed,store,PR005,1040,72.8,48.36,1015.56,PKR
O002038,C00578,S004,2026-06-17 04:33:00,2026-06-17 06:39:00,completed,store,PR003,7245,869.4,318.78,6694.38,PKR
O002039,C00002,S001,2026-08-02 03:45:18,2026-08-02 14:03:18,cancelled,store,,2305,0.0,115.25,2420.25,PKR
O002040,C00673,S006,2026-07-12 13:46:10,2026-07-12 21:48:10,completed,store,PR011,2125,127.5,99.88,2097.38,PKR
O002041,C00302,S003,2026-08-03 15:03:23,2026-08-03 17:19:23,completed,store,PR013,2630,105.2,126.24,2651.04,PKR
O002042,C00044,S004,2026-08-14 05:58:29,2026-08-14 16:15:29,completed,store,,1980,0.0,99.0,2079.0,PKR
O002043,C00709,S006,2026-07-12 23:48:39,2026-07-13 08:20:39,completed,store,PR010,7070,300.0,338.5,7108.5,PKR
O002044,C00246,S005,2026-06-30 10:03:41,2026-06-30 16:08:41,cancelled,online,,2365,0.0,118.25,2483.25,PKR
O002045,C00008,S003,2026-08-18 14:08:41,2026-08-18 18:33:41,returned,store,PR001,4265,426.5,191.93,4030.43,PKR
O002046,C00491,S001,2026-06-20 03:30:41,2026-06-20 10:15:41,completed,store,PR002,1675,134.0,77.05,1618.05,PKR
O002047,C00399,S005,2026-08-06 17:06:09,2026-08-06 20:34:09,completed,online,,5320,0.0,266.0,5586.0,PKR
O002048,C00376,S001,2026-07-10 14:15:12,2026-07-10 22:14:12,completed,store,,1340,0.0,67.0,1407.0,PKR
O002049,C00422,S001,2026-08-04 04:33:43,2026-08-04 13:19:43,completed,online,,770,0.0,38.5,808.5,PKR
O002050,C00715,S004,2026-06-05 03:06:32,2026-06-05 06:10:32,completed,store,,1315,0.0,65.75,1380.75,PKR
O002051,C00585,S002,2026-07-15 04:22:27,2026-07-15 07:19:27,completed,store,,4690,0.0,234.5,4924.5,PKR
O002052,C00539,S004,2026-08-04 09:29:04,2026-08-04 10:22:04,completed,online,,3920,0.0,196.0,4116.0,PKR
O002053,C00632,S002,2026-08-08 05:35:45,2026-08-08 10:57:45,completed,store,,1660,0.0,83.0,1743.0,PKR
O002054,C00478,S005,2026-06-24 19:44:16,2026-06-25 06:10:16,completed,store,,5080,0.0,254.0,5334.0,PKR
O002055,C00214,S004,2026-07-11 01:18:35,2026-07-11 08:38:35,completed,store,PR015,3915,400.0,175.75,3690.75,PKR
O002056,C00343,S005,2026-06-15 22:49:46,2026-06-16 05:30:46,completed,store,PR014,1625,178.75,72.31,1518.56,PKR
O002057,C00462,S002,2026-07-18 21:31:10,2026-07-18 21:35:10,completed,store,,2510,0.0,125.5,2635.5,PKR
O002058,C00073,S002,2026-06-20 08:58:28,2026-06-20 20:20:28,completed,store,,1675,0.0,83.75,1758.75,PKR
O002059,C00342,S005,2026-08-20 21:56:16,2026-08-20 22:16:16,completed,store,PR001,770,77.0,34.65,727.65,PKR
O002060,C00405,S002,2026-07-23 09:04:37,2026-07-23 10:48:37,completed,store,PR010,1775,300.0,73.75,1548.75,PKR
O002061,C00201,S003,2026-06-13 01:47:45,2026-06-13 10:32:45,completed,store,PR003,4465,535.8,196.46,4125.66,PKR
O002062,C00645,S001,2026-07-29 22:04:45,2026-07-30 00:34:45,completed,online,,3145,0.0,157.25,3302.25,PKR
O002063,C00625,S003,2026-08-26 01:40:41,2026-08-26 05:49:41,completed,store,PR009,3695,300.0,169.75,3564.75,PKR
O002064,C00253,S003,2026-08-04 04:35:11,2026-08-04 11:45:11,completed,store,,2050,0.0,102.5,2152.5,PKR
O002065,C00603,S002,2026-06-07 21:43:30,2026-06-08 01:13:30,completed,store,,4990,0.0,249.5,5239.5,PKR
O002066,C00439,S005,2026-07-30 07:40:36,2026-07-30 15:43:36,completed,store,PR013,2785,111.4,133.68,2807.28,PKR
O002067,C00627,S004,2026-08-18 23:41:56,2026-08-19 01:32:56,completed,store,,690,0.0,34.5,724.5,PKR
O002068,C00205,S001,2026-08-22 03:54:40,2026-08-22 12:31:40,completed,store,,760,0.0,38.0,798.0,PKR
O002069,C00044,S001,2026-08-19 08:52:14,2026-08-19 14:34:14,completed,online,,1205,0.0,60.25,1265.25,PKR
O002070,C00212,S002,2026-06-17 14:50:11,2026-06-17 22:44:11,completed,store,,3190,0.0,159.5,3349.5,PKR
O002071,C00150,S004,2026-07-25 18:34:55,2026-07-26 06:01:55,completed,store,,3360,0.0,168.0,3528.0,PKR
O002072,C00121,S003,2026-08-20 05:12:01,2026-08-20 09:16:01,completed,store,PR009,3715,300.0,170.75,3585.75,PKR
O002073,C00097,S002,2026-07-21 22:51:32,2026-07-22 07:13:32,completed,store,PR012,1755,87.75,83.36,1750.61,PKR
O002074,C00481,S002,2026-08-12 23:35:05,2026-08-13 02:22:05,completed,store,,6235,0.0,311.75,6546.75,PKR
O002075,C00082,S004,2026-06-16 11:08:25,2026-06-16 22:41:25,completed,store,,2000,0.0,100.0,2100.0,PKR
O002076,C00110,S001,2026-06-12 11:21:07,2026-06-12 11:38:07,completed,store,PR003,4115,493.8,181.06,3802.26,PKR
O002077,C00694,S001,2026-07-11 21:25:09,2026-07-12 05:20:09,completed,store,PR012,2130,106.5,101.18,2124.68,PKR
O002078,C00623,S003,2026-07-18 16:31:39,2026-07-18 22:51:39,completed,store,,7280,0.0,364.0,7644.0,PKR
O002079,C00085,S001,2026-07-03 13:16:35,2026-07-03 13:21:35,completed,store,,2730,0.0,136.5,2866.5,PKR
O002080,C00713,S002,2026-08-08 11:26:39,2026-08-08 20:54:39,completed,store,,1635,0.0,81.75,1716.75,PKR
O002081,C00564,S004,2026-06-19 08:13:46,2026-06-19 17:49:46,completed,store,PR003,1740,208.8,76.56,1607.76,PKR
O002082,C00720,S005,2026-08-01 04:24:40,2026-08-01 12:38:40,completed,store,,270,0.0,13.5,283.5,PKR
O002083,C00587,S004,2026-08-31 07:57:57,2026-08-31 08:50:57,completed,online,,1870,0.0,93.5,1963.5,PKR
O002084,C00711,S003,2026-08-10 05:39:08,2026-08-10 09:51:08,completed,online,,4290,0.0,214.5,4504.5,PKR
O002085,C00089,S003,2026-06-29 07:04:30,2026-06-29 18:20:30,completed,store,,3590,0.0,179.5,3769.5,PKR
O002086,C00600,S004,2026-08-20 18:26:06,2026-08-20 23:45:06,completed,store,,1375,0.0,68.75,1443.75,PKR
O002087,C00080,S003,2026-06-19 11:47:09,2026-06-19 16:03:09,returned,online,PR003,1380,165.6,60.72,1275.12,PKR
O002088,C00345,S003,2026-06-26 14:56:14,2026-06-27 01:53:14,completed,store,,2835,0.0,141.75,2976.75,PKR
O002089,C00101,S001,2026-08-30 08:45:31,2026-08-30 15:16:31,cancelled,store,PR001,7095,709.5,319.28,6704.78,PKR
O002090,C00381,S004,2026-06-05 22:27:13,2026-06-06 06:24:13,completed,store,,3025,0.0,151.25,3176.25,PKR
O002091,C00325,S004,2026-08-04 13:07:46,2026-08-04 17:15:46,completed,store,,3305,0.0,165.25,3470.25,PKR
O002092,C00662,S001,2026-08-04 04:18:18,2026-08-04 08:46:18,completed,store,PR013,1265,50.6,60.72,1275.12,PKR
O002093,C00150,S005,2026-08-30 03:29:58,2026-08-30 08:05:58,completed,store,PR009,785,196.25,29.44,618.19,PKR
O002094,C00260,S001,2026-08-06 09:28:47,2026-08-06 20:16:47,completed,store,,1260,0.0,63.0,1323.0,PKR
O002095,C00555,S002,2026-07-08 23:29:14,2026-07-09 05:30:14,completed,store,,10975,0.0,548.75,11523.75,PKR
O002096,C00359,S002,2026-06-06 11:38:10,2026-06-06 17:23:10,completed,store,,3750,0.0,187.5,3937.5,PKR
O002097,C00277,S005,2026-07-17 20:36:38,2026-07-17 23:15:38,completed,store,PR010,1530,300.0,61.5,1291.5,PKR
O002098,C00294,S002,2026-08-12 18:15:14,2026-08-12 19:23:14,completed,store,,3885,0.0,194.25,4079.25,PKR
O002099,C00379,S006,2026-06-30 10:49:05,2026-06-30 14:34:05,completed,store,,1530,0.0,76.5,1606.5,PKR
O002100,C00687,S002,2026-07-28 04:14:46,2026-07-28 16:13:46,completed,store,,2135,0.0,106.75,2241.75,PKR
O002101,C00192,S005,2026-06-18 19:12:38,2026-06-18 23:49:38,completed,online,,1815,0.0,90.75,1905.75,PKR
O002102,C00619,S002,2026-07-31 00:11:09,2026-07-31 03:40:09,completed,store,,6515,0.0,325.75,6840.75,PKR
O002103,C00122,S005,2026-07-05 01:30:38,2026-07-05 08:10:38,completed,store,PR011,2045,122.7,96.12,2018.42,PKR
O002104,C00439,S002,2026-07-05 05:05:26,2026-07-05 14:21:26,completed,online,PR011,5915,354.9,278.01,5838.11,PKR
O002105,C00672,S003,2026-06-25 03:02:48,2026-06-25 10:32:48,cancelled,store,,2065,0.0,103.25,2168.25,PKR
O002106,C00620,S003,2026-08-18 10:00:06,2026-08-18 14:41:06,completed,store,PR009,5360,300.0,253.0,5313.0,PKR
O002107,C00252,S002,2026-07-26 10:26:12,2026-07-26 18:17:12,completed,store,,4800,0.0,240.0,5040.0,PKR
O002108,C00533,S005,2026-06-16 11:06:09,2026-06-16 19:24:09,cancelled,online,,3875,0.0,193.75,4068.75,PKR
O002109,C00313,S005,2026-07-31 05:54:29,2026-07-31 06:16:29,returned,online,PR013,3870,154.8,185.76,3900.96,PKR
O002110,C00140,S002,2026-06-05 23:12:31,2026-06-06 06:50:31,completed,online,PR008,3460,250.0,160.5,3370.5,PKR
O002111,C00444,S003,2026-07-16 09:10:03,2026-07-16 13:00:03,returned,store,,3305,0.0,165.25,3470.25,PKR
O002112,C00351,S004,2026-07-14 16:29:11,2026-07-15 01:58:11,completed,store,,3140,0.0,157.0,3297.0,PKR
O002113,C00207,S002,2026-07-10 15:38:37,2026-07-11 01:54:37,completed,store,,1530,0.0,76.5,1606.5,PKR
O002114,C00095,S001,2026-07-23 13:47:35,2026-07-23 23:23:35,completed,online,,8665,0.0,433.25,9098.25,PKR
O002115,C00089,S006,2026-08-29 09:55:24,2026-08-29 13:23:24,returned,store,,11580,0.0,579.0,12159.0,PKR
O002116,C00374,S006,2026-08-06 17:08:18,2026-08-07 00:41:18,completed,online,,3080,0.0,154.0,3234.0,PKR
O002117,C00230,S004,2026-08-21 10:58:00,2026-08-21 22:28:00,completed,store,PR001,7275,727.5,327.38,6874.88,PKR
O002118,C00185,S003,2026-06-12 02:09:23,2026-06-12 07:26:23,completed,online,,7230,0.0,361.5,7591.5,PKR
O002119,C00685,S003,2026-06-01 17:01:18,2026-06-02 00:15:18,completed,store,,805,0.0,40.25,845.25,PKR
O002120,C00713,S004,2026-07-09 16:47:50,2026-07-09 17:22:50,completed,store,PR011,4200,252.0,197.4,4145.4,PKR
O002121,C00740,S006,2026-06-11 21:17:56,2026-06-12 04:58:56,completed,store,,2780,0.0,139.0,2919.0,PKR
O002122,C00004,S001,2026-08-19 18:42:15,2026-08-19 22:28:15,completed,store,PR009,4245,300.0,197.25,4142.25,PKR
O002123,C00539,S003,2026-06-26 18:22:44,2026-06-26 19:57:44,completed,store,PR002,1840,147.2,84.64,1777.44,PKR
O002124,C00367,S002,2026-08-16 02:33:04,2026-08-16 06:32:04,completed,store,,2905,0.0,145.25,3050.25,PKR
O002125,C00578,S003,2026-07-03 14:10:41,2026-07-03 19:22:41,completed,store,,1830,0.0,91.5,1921.5,PKR
O002126,C00694,S001,2026-08-04 16:14:07,2026-08-04 16:58:07,completed,store,,3670,0.0,183.5,3853.5,PKR
O002127,C00465,S006,2026-06-28 04:29:44,2026-06-28 13:29:44,completed,store,,2940,0.0,147.0,3087.0,PKR
O002128,C00285,S004,2026-07-01 02:33:25,2026-07-01 11:45:25,completed,store,,5960,0.0,298.0,6258.0,PKR
O002129,C00114,S001,2026-06-09 16:08:50,2026-06-09 20:03:50,completed,online,PR003,1635,196.2,71.94,1510.74,PKR
O002130,C00206,S003,2026-08-12 08:26:08,2026-08-12 11:55:08,completed,store,,2565,0.0,128.25,2693.25,PKR
O002131,C00195,S005,2026-08-27 11:33:33,2026-08-27 22:23:33,completed,store,PR001,3940,394.0,177.3,3723.3,PKR
O002132,C00049,S002,2026-08-27 15:52:37,2026-08-27 23:15:37,completed,online,PR001,5360,536.0,241.2,5065.2,PKR
O002133,C00649,S002,2026-06-25 23:18:30,2026-06-26 08:11:30,completed,store,,5235,0.0,261.75,5496.75,PKR
O002134,C00717,S006,2026-08-22 17:34:20,2026-08-22 22:41:20,completed,store,,4755,0.0,237.75,4992.75,PKR
O002135,C00397,S003,2026-08-25 04:44:39,2026-08-25 14:32:39,returned,store,,5320,0.0,266.0,5586.0,PKR
O002136,C00738,S002,2026-06-01 11:37:47,2026-06-01 16:11:47,returned,online,,2710,0.0,135.5,2845.5,PKR
O002137,C00224,S004,2026-06-07 11:22:41,2026-06-07 13:00:41,completed,store,PR008,4250,250.0,200.0,4200.0,PKR
O002138,C00046,S001,2026-06-18 07:24:53,2026-06-18 07:25:53,completed,store,,2085,0.0,104.25,2189.25,PKR
O002139,C00582,S004,2026-08-16 19:30:39,2026-08-17 06:22:39,completed,store,PR001,16345,1634.5,735.53,15446.03,PKR
O002140,C00746,S001,2026-07-17 11:55:54,2026-07-17 19:43:54,completed,store,PR011,1155,69.3,54.29,1139.99,PKR
O002141,C00590,S002,2026-06-13 13:34:58,2026-06-14 00:56:58,completed,store,,9300,0.0,465.0,9765.0,PKR
O002142,C00273,S004,2026-06-15 06:49:12,2026-06-15 16:48:12,completed,online,,5880,0.0,294.0,6174.0,PKR
O002143,C00033,S005,2026-08-01 18:10:10,2026-08-01 18:24:10,completed,store,PR013,5520,220.8,264.96,5564.16,PKR
O002144,C00690,S005,2026-06-29 01:12:56,2026-06-29 13:04:56,completed,store,,920,0.0,46.0,966.0,PKR
O002145,C00455,S004,2026-08-28 04:50:04,2026-08-28 10:05:04,completed,store,PR001,2210,221.0,99.45,2088.45,PKR
O002146,C00496,S006,2026-08-07 22:41:00,2026-08-08 00:04:00,completed,store,,10410,0.0,520.5,10930.5,PKR
O002147,C00237,S001,2026-08-20 06:32:51,2026-08-20 14:56:51,completed,store,,3115,0.0,155.75,3270.75,PKR
O002148,C00716,S003,2026-08-01 04:25:16,2026-08-01 15:41:16,completed,store,,1075,0.0,53.75,1128.75,PKR
O002149,C00597,S001,2026-06-26 13:55:41,2026-06-26 17:36:41,completed,online,PR002,5575,446.0,256.45,5385.45,PKR
O002150,C00517,S005,2026-08-25 14:46:43,2026-08-25 23:48:43,completed,store,,1895,0.0,94.75,1989.75,PKR
O002151,C00026,S001,2026-07-20 12:56:14,2026-07-20 18:47:14,completed,store,PR012,2380,119.0,113.05,2374.05,PKR
O002152,C00638,S004,2026-07-17 11:38:27,2026-07-17 22:34:27,completed,store,PR012,660,33.0,31.35,658.35,PKR
O002153,C00002,S004,2026-07-24 22:53:55,2026-07-25 04:39:55,completed,store,,7485,0.0,374.25,7859.25,PKR
O002154,C00197,S005,2026-06-14 03:06:18,2026-06-14 08:13:18,completed,store,,7660,0.0,383.0,8043.0,PKR
O002155,C00399,S003,2026-06-21 05:53:15,2026-06-21 14:56:15,completed,store,,4475,0.0,223.75,4698.75,PKR
O002156,C00613,S003,2026-07-06 01:35:59,2026-07-06 08:44:59,completed,store,,2890,0.0,144.5,3034.5,PKR
O002157,C00430,S002,2026-07-31 08:19:50,2026-07-31 14:03:50,completed,store,PR006,4950,495.0,222.75,4677.75,PKR
O002158,C00178,S005,2026-07-12 21:52:22,2026-07-13 02:16:22,completed,store,,5435,0.0,271.75,5706.75,PKR
O002159,C00205,S002,2026-07-27 20:45:07,2026-07-28 05:52:07,completed,store,,3865,0.0,193.25,4058.25,PKR
O002160,C00355,S005,2026-07-29 12:34:58,2026-07-29 15:51:58,completed,online,,850,0.0,42.5,892.5,PKR
O002161,C00180,S002,2026-06-27 19:52:19,2026-06-28 01:51:19,completed,online,,6680,0.0,334.0,7014.0,PKR
O002162,C00596,S003,2026-06-19 09:50:23,2026-06-19 11:58:23,completed,store,,8010,0.0,400.5,8410.5,PKR
O002163,C00046,S003,2026-07-18 07:04:36,2026-07-18 11:29:36,completed,store,,1135,0.0,56.75,1191.75,PKR
O002164,C00253,S002,2026-08-25 03:17:08,2026-08-25 11:12:08,completed,online,PR009,1805,300.0,75.25,1580.25,PKR
O002165,C00457,S006,2026-07-26 11:25:35,2026-07-26 22:43:35,completed,store,PR006,3200,320.0,144.0,3024.0,PKR
O002166,C00550,S003,2026-07-31 18:13:35,2026-08-01 03:04:35,completed,store,,1960,0.0,98.0,2058.0,PKR
O002167,C00205,S005,2026-06-22 14:57:53,2026-06-22 20:39:53,completed,store,,11045,0.0,552.25,11597.25,PKR
O002168,C00222,S001,2026-07-05 16:05:41,2026-07-06 03:38:41,cancelled,store,,2975,0.0,148.75,3123.75,PKR
O002169,C00008,S006,2026-08-20 16:48:20,2026-08-20 19:00:20,completed,store,,2650,0.0,132.5,2782.5,PKR
O002170,C00663,S003,2026-08-30 12:09:57,2026-08-30 13:26:57,completed,store,,12310,0.0,615.5,12925.5,PKR
O002171,C00055,S004,2026-06-16 07:30:27,2026-06-16 14:23:27,completed,online,,1840,0.0,92.0,1932.0,PKR
O002172,C00537,S001,2026-07-18 21:38:22,2026-07-19 03:56:22,completed,store,PR010,1895,300.0,79.75,1674.75,PKR
O002173,C00606,S001,2026-07-02 08:15:41,2026-07-02 17:48:41,completed,store,,2955,0.0,147.75,3102.75,PKR
O002174,C00357,S006,2026-07-27 08:26:25,2026-07-27 13:38:25,completed,store,PR015,4475,400.0,203.75,4278.75,PKR
O002175,C00389,S003,2026-07-25 03:07:01,2026-07-25 05:54:01,completed,online,PR015,2905,400.0,125.25,2630.25,PKR
O002176,C00585,S005,2026-08-15 14:31:34,2026-08-15 15:25:34,completed,online,PR009,3225,300.0,146.25,3071.25,PKR
O002177,C00594,S006,2026-06-09 04:39:05,2026-06-09 09:41:05,completed,store,,370,0.0,18.5,388.5,PKR
O002178,C00503,S006,2026-07-25 09:18:48,2026-07-25 11:19:48,cancelled,store,,6955,0.0,347.75,7302.75,PKR
O002179,C00498,S001,2026-06-06 03:39:21,2026-06-06 08:43:21,completed,store,,1710,0.0,85.5,1795.5,PKR
O002180,C00092,S003,2026-07-25 22:52:59,2026-07-26 09:17:59,completed,store,,1090,0.0,54.5,1144.5,PKR
O002181,C00182,S002,2026-08-16 22:35:10,2026-08-17 07:14:10,completed,store,PR001,1320,132.0,59.4,1247.4,PKR
O002182,C00429,S005,2026-06-13 05:34:39,2026-06-13 15:35:39,completed,store,,3015,0.0,150.75,3165.75,PKR
O002183,C00008,S003,2026-06-01 19:17:58,2026-06-01 19:35:58,completed,store,,7610,0.0,380.5,7990.5,PKR
O002184,C00665,S003,2026-08-06 02:47:54,2026-08-06 05:22:54,completed,store,PR013,4490,179.6,215.52,4525.92,PKR
O002185,C00081,S002,2026-08-30 11:40:16,2026-08-30 21:46:16,completed,online,,6535,0.0,326.75,6861.75,PKR
O002186,C00706,S003,2026-06-15 22:28:47,2026-06-16 05:13:47,completed,store,,6915,0.0,345.75,7260.75,PKR
O002187,C00502,S002,2026-06-11 14:33:13,2026-06-12 00:46:13,completed,store,PR002,3230,258.4,148.58,3120.18,PKR
O002188,C00521,S003,2026-08-17 16:23:22,2026-08-18 01:15:22,completed,store,PR001,2615,261.5,117.68,2471.18,PKR
O002189,C00470,S002,2026-06-12 10:26:10,2026-06-12 12:37:10,completed,store,,555,0.0,27.75,582.75,PKR
O002190,C00037,S004,2026-07-30 00:17:21,2026-07-30 06:06:21,completed,store,,4650,0.0,232.5,4882.5,PKR
O002191,C00395,S005,2026-06-12 20:08:35,2026-06-12 21:48:35,completed,store,,1485,0.0,74.25,1559.25,PKR
O002192,C00497,S001,2026-06-15 10:54:27,2026-06-15 11:09:27,completed,online,,4330,0.0,216.5,4546.5,PKR
O002193,C00195,S001,2026-08-17 02:01:28,2026-08-17 07:12:28,completed,store,,4865,0.0,243.25,5108.25,PKR
O002194,C00083,S003,2026-06-05 20:20:34,2026-06-05 20:55:34,completed,store,PR008,3920,250.0,183.5,3853.5,PKR
O002195,C00015,S004,2026-06-09 04:05:13,2026-06-09 08:11:13,completed,store,,3060,0.0,153.0,3213.0,PKR
O002196,C00279,S006,2026-07-17 11:32:18,2026-07-17 17:14:18,cancelled,store,PR015,6975,400.0,328.75,6903.75,PKR
O002197,C00640,S002,2026-06-22 10:36:43,2026-06-22 11:11:43,completed,online,,1990,0.0,99.5,2089.5,PKR
O002198,C00247,S002,2026-07-18 08:12:49,2026-07-18 09:31:49,completed,store,,1980,0.0,99.0,2079.0,PKR
O002199,C00497,S002,2026-08-30 00:55:15,2026-08-30 04:02:15,completed,store,,2780,0.0,139.0,2919.0,PKR
O002200,C00563,S002,2026-08-18 19:01:10,2026-08-18 22:50:10,cancelled,store,,7480,0.0,374.0,7854.0,PKR
O002201,C00127,S006,2026-06-07 23:58:52,2026-06-08 11:54:52,completed,store,PR008,1380,250.0,56.5,1186.5,PKR
O002202,C00428,S004,2026-06-16 20:23:13,2026-06-17 02:17:13,completed,store,PR014,2255,248.05,100.35,2107.3,PKR
O002203,C00584,S005,2026-08-20 14:37:54,2026-08-20 23:48:54,completed,store,,2050,0.0,102.5,2152.5,PKR
O002204,C00199,S005,2026-06-07 01:15:42,2026-06-07 06:09:42,completed,store,,385,0.0,19.25,404.25,PKR
O002205,C00277,S004,2026-08-25 16:18:16,2026-08-26 03:55:16,completed,store,PR009,695,173.75,26.06,547.31,PKR
O002206,C00293,S002,2026-08-31 19:51:00,2026-09-01 02:13:00,completed,store,PR001,935,93.5,42.08,883.58,PKR
O002207,C00113,S001,2026-07-21 00:49:12,2026-07-21 09:59:12,completed,store,PR015,1075,268.75,40.31,846.56,PKR
O002208,C00002,S006,2026-06-05 08:56:02,2026-06-05 09:40:02,completed,store,PR008,5300,250.0,252.5,5302.5,PKR
O002209,C00247,S006,2026-08-17 20:41:13,2026-08-18 06:14:13,completed,store,,3925,0.0,196.25,4121.25,PKR
O002210,C00741,S005,2026-06-24 21:20:53,2026-06-24 21:59:53,cancelled,store,PR002,8075,646.0,371.45,7800.45,PKR
O002211,C00190,S004,2026-08-09 09:59:26,2026-08-09 18:33:26,completed,store,,1700,0.0,85.0,1785.0,PKR
O002212,C00360,S006,2026-08-23 01:14:25,2026-08-23 12:27:25,completed,store,,7670,0.0,383.5,8053.5,PKR
O002213,C00745,S006,2026-07-07 07:50:27,2026-07-07 10:05:27,completed,store,PR007,6490,584.1,295.3,6201.2,PKR
O002214,C00690,S001,2026-06-05 16:03:04,2026-06-05 20:58:04,completed,store,PR008,5720,250.0,273.5,5743.5,PKR
O002215,C00643,S006,2026-07-24 23:33:07,2026-07-25 02:28:07,completed,online,PR012,6275,313.75,298.06,6259.31,PKR
O002216,C00049,S005,2026-07-29 01:22:09,2026-07-29 04:25:09,completed,store,PR015,4915,400.0,225.75,4740.75,PKR
O002217,C00599,S006,2026-08-04 18:34:42,2026-08-05 06:09:42,cancelled,store,,7240,0.0,362.0,7602.0,PKR
O002218,C00263,S001,2026-06-09 10:42:57,2026-06-09 15:35:57,completed,store,PR008,2630,250.0,119.0,2499.0,PKR
O002219,C00697,S003,2026-08-20 04:32:17,2026-08-20 15:45:17,completed,store,,2220,0.0,111.0,2331.0,PKR
O002220,C00731,S001,2026-08-04 02:57:16,2026-08-04 04:02:16,completed,store,PR013,1510,60.4,72.48,1522.08,PKR
O002221,C00337,S002,2026-08-19 08:54:23,2026-08-19 11:23:23,completed,store,,2950,0.0,147.5,3097.5,PKR
O002222,C00567,S006,2026-07-14 08:08:33,2026-07-14 14:02:33,completed,online,,2825,0.0,141.25,2966.25,PKR
O002223,C00613,S003,2026-08-31 13:45:15,2026-08-31 17:27:15,cancelled,online,,1815,0.0,90.75,1905.75,PKR
O002224,C00397,S005,2026-07-08 12:50:23,2026-07-08 14:58:23,completed,store,PR011,6275,376.5,294.93,6193.43,PKR
O002225,C00323,S006,2026-06-13 18:54:58,2026-06-13 22:45:58,completed,store,,5160,0.0,258.0,5418.0,PKR
O002226,C00461,S006,2026-07-06 03:10:01,2026-07-06 12:21:01,completed,store,PR012,2265,113.25,107.59,2259.34,PKR
O002227,C00719,S006,2026-06-01 11:07:43,2026-06-01 22:45:43,completed,online,,6420,0.0,321.0,6741.0,PKR
O002228,C00238,S006,2026-07-07 04:05:00,2026-07-07 08:21:00,completed,store,,5070,0.0,253.5,5323.5,PKR
O002229,C00182,S006,2026-07-11 02:34:54,2026-07-11 13:10:54,completed,online,PR010,7775,300.0,373.75,7848.75,PKR
O002230,C00581,S002,2026-08-18 09:44:31,2026-08-18 13:42:31,returned,store,,1290,0.0,64.5,1354.5,PKR
O002231,C00629,S001,2026-07-16 04:40:59,2026-07-16 16:03:59,completed,store,PR012,3595,179.75,170.76,3586.01,PKR
O002232,C00409,S006,2026-08-07 10:25:45,2026-08-07 16:07:45,completed,store,,450,0.0,22.5,472.5,PKR
O002233,C00269,S001,2026-07-03 06:57:32,2026-07-03 07:32:32,completed,store,PR007,6415,577.35,291.88,6129.53,PKR
O002234,C00485,S003,2026-08-10 21:24:52,2026-08-11 04:41:52,completed,store,,4340,0.0,217.0,4557.0,PKR
O002235,C00496,S004,2026-06-19 19:37:18,2026-06-19 20:07:18,completed,store,,4345,0.0,217.25,4562.25,PKR
O002236,C00374,S003,2026-06-05 21:30:21,2026-06-06 05:05:21,completed,store,PR005,3850,269.5,179.03,3759.53,PKR
O002237,C00659,S005,2026-07-17 23:54:56,2026-07-18 01:36:56,completed,online,PR012,3090,154.5,146.78,3082.28,PKR
O002238,C00474,S003,2026-07-18 20:31:25,2026-07-19 05:29:25,returned,store,PR010,1305,300.0,50.25,1055.25,PKR
O002239,C00106,S002,2026-08-10 06:12:31,2026-08-10 11:46:31,completed,store,,3600,0.0,180.0,3780.0,PKR
O002240,C00016,S005,2026-08-22 05:53:03,2026-08-22 07:39:03,completed,store,,5540,0.0,277.0,5817.0,PKR
O002241,C00589,S003,2026-08-08 18:37:50,2026-08-08 21:29:50,completed,store,,2370,0.0,118.5,2488.5,PKR
O002242,C00261,S001,2026-07-19 20:27:04,2026-07-19 23:49:04,completed,store,PR013,720,28.8,34.56,725.76,PKR
O002243,C00083,S005,2026-06-25 10:17:26,2026-06-25 15:53:26,completed,store,,1870,0.0,93.5,1963.5,PKR
O002244,C00750,S005,2026-06-29 13:56:59,2026-06-29 20:24:59,completed,store,,6095,0.0,304.75,6399.75,PKR
O002245,C00449,S006,2026-07-29 14:52:15,2026-07-29 21:55:15,completed,online,,3430,0.0,171.5,3601.5,PKR
O002246,C00230,S003,2026-07-05 14:39:13,2026-07-06 02:36:13,completed,online,,2930,0.0,146.5,3076.5,PKR
O002247,C00352,S004,2026-08-29 02:47:21,2026-08-29 06:02:21,completed,store,,1235,0.0,61.75,1296.75,PKR
O002248,C00432,S003,2026-06-30 01:21:06,2026-06-30 02:12:06,completed,online,,7340,0.0,367.0,7707.0,PKR
O002249,C00167,S006,2026-06-27 21:23:22,2026-06-27 22:32:22,completed,store,PR002,200,16.0,9.2,193.2,PKR
O002250,C00633,S006,2026-07-31 14:30:56,2026-07-31 22:56:56,completed,online,PR013,840,33.6,40.32,846.72,PKR
O002251,C00141,S002,2026-08-29 17:35:38,2026-08-29 17:36:38,completed,online,,750,0.0,37.5,787.5,PKR
O002252,C00650,S003,2026-07-06 19:23:20,2026-07-07 03:24:20,completed,store,PR011,2370,142.2,111.39,2339.19,PKR
O002253,C00368,S002,2026-08-30 11:31:57,2026-08-30 17:27:57,cancelled,store,PR001,1710,171.0,76.95,1615.95,PKR
O002254,C00525,S004,2026-06-22 22:35:14,2026-06-23 04:33:14,completed,store,PR002,1210,96.8,55.66,1168.86,PKR
O002255,C00021,S006,2026-08-23 03:01:30,2026-08-23 03:11:30,completed,store,,4920,0.0,246.0,5166.0,PKR
O002256,C00653,S003,2026-06-02 23:40:01,2026-06-03 06:41:01,completed,store,,5530,0.0,276.5,5806.5,PKR
O002257,C00747,S006,2026-06-15 19:00:19,2026-06-15 19:14:19,completed,store,,3595,0.0,179.75,3774.75,PKR
O002258,C00675,S004,2026-08-27 19:54:43,2026-08-28 02:32:43,completed,store,,3900,0.0,195.0,4095.0,PKR
O002259,C00687,S004,2026-06-24 14:04:40,2026-06-24 21:38:40,completed,store,PR002,10210,816.8,469.66,9862.86,PKR
O002260,C00547,S006,2026-08-14 01:00:38,2026-08-14 12:01:38,completed,store,,1905,0.0,95.25,2000.25,PKR
O002261,C00403,S004,2026-08-13 16:46:41,2026-08-14 03:46:41,returned,store,,1475,0.0,73.75,1548.75,PKR
O002262,C00718,S005,2026-07-24 19:26:01,2026-07-24 23:40:01,completed,online,,5810,0.0,290.5,6100.5,PKR
O002263,C00744,S004,2026-07-19 04:51:22,2026-07-19 12:50:22,completed,store,,15185,0.0,759.25,15944.25,PKR
O002264,C00005,S005,2026-08-18 17:20:37,2026-08-18 23:05:37,completed,store,,2710,0.0,135.5,2845.5,PKR
O002265,C00508,S006,2026-08-10 14:27:44,2026-08-11 01:52:44,completed,store,PR013,3595,143.8,172.56,3623.76,PKR
O002266,C00054,S003,2026-06-16 19:12:12,2026-06-16 20:23:12,completed,store,,475,0.0,23.75,498.75,PKR
O002267,C00148,S005,2026-06-15 15:15:51,2026-06-15 20:40:51,completed,store,PR004,4335,650.25,184.24,3868.99,PKR
O002268,C00096,S003,2026-08-19 20:58:52,2026-08-20 03:14:52,completed,store,PR009,6815,300.0,325.75,6840.75,PKR
O002269,C00054,S001,2026-06-12 19:10:07,2026-06-13 00:26:07,completed,store,PR005,6300,441.0,292.95,6151.95,PKR
O002270,C00638,S003,2026-08-17 18:17:31,2026-08-18 01:10:31,completed,store,,850,0.0,42.5,892.5,PKR
O002271,C00418,S001,2026-06-24 16:43:17,2026-06-24 21:46:17,completed,online,,10955,0.0,547.75,11502.75,PKR
O002272,C00158,S005,2026-07-07 14:11:58,2026-07-08 00:18:58,completed,online,PR011,2980,178.8,140.06,2941.26,PKR
O002273,C00674,S003,2026-06-10 11:04:39,2026-06-10 16:38:39,completed,store,,5795,0.0,289.75,6084.75,PKR
O002274,C00728,S003,2026-07-03 13:12:50,2026-07-03 22:29:50,completed,store,PR007,3590,323.1,163.35,3430.25,PKR
O002275,C00294,S005,2026-07-29 03:15:58,2026-07-29 13:55:58,completed,store,PR015,1390,347.5,52.12,1094.62,PKR
O002276,C00634,S004,2026-06-22 05:42:40,2026-06-22 06:18:40,completed,store,,3545,0.0,177.25,3722.25,PKR
O002277,C00085,S002,2026-07-29 13:17:38,2026-07-29 13:57:38,completed,online,,5800,0.0,290.0,6090.0,PKR
O002278,C00545,S004,2026-07-27 11:08:28,2026-07-27 11:33:28,completed,store,PR006,970,97.0,43.65,916.65,PKR
O002279,C00441,S002,2026-07-16 01:34:40,2026-07-16 13:24:40,completed,online,PR011,3210,192.6,150.87,3168.27,PKR
O002280,C00351,S002,2026-06-18 23:19:34,2026-06-19 04:42:34,completed,store,PR002,3940,315.2,181.24,3806.04,PKR
O002281,C00686,S003,2026-08-29 19:38:52,2026-08-30 07:32:52,completed,store,,8470,0.0,423.5,8893.5,PKR
O002282,C00011,S003,2026-06-15 15:00:27,2026-06-15 15:46:27,completed,online,PR003,1980,237.6,87.12,1829.52,PKR
O002283,C00699,S006,2026-06-26 17:56:08,2026-06-26 20:24:08,completed,store,,2505,0.0,125.25,2630.25,PKR
O002284,C00107,S006,2026-06-30 04:21:01,2026-06-30 07:17:01,completed,store,,1795,0.0,89.75,1884.75,PKR
O002285,C00733,S002,2026-06-25 10:05:18,2026-06-25 20:42:18,completed,store,,2160,0.0,108.0,2268.0,PKR
O002286,C00431,S006,2026-07-04 11:47:29,2026-07-04 12:38:29,completed,store,PR012,4655,232.75,221.11,4643.36,PKR
O002287,C00601,S005,2026-06-25 11:17:09,2026-06-25 13:40:09,completed,store,,4385,0.0,219.25,4604.25,PKR
O002288,C00166,S002,2026-08-05 10:21:56,2026-08-05 13:40:56,completed,store,PR013,1495,59.8,71.76,1506.96,PKR
O002289,C00152,S004,2026-06-13 17:18:31,2026-06-14 00:33:31,completed,store,,775,0.0,38.75,813.75,PKR
O002290,C00059,S001,2026-06-27 21:00:10,2026-06-28 05:28:10,completed,store,,830,0.0,41.5,871.5,PKR
O002291,C00288,S005,2026-08-07 08:42:22,2026-08-07 11:35:22,completed,online,,9545,0.0,477.25,10022.25,PKR
O002292,C00025,S003,2026-07-05 10:37:33,2026-07-05 19:29:33,completed,store,,850,0.0,42.5,892.5,PKR
O002293,C00196,S002,2026-08-23 08:33:29,2026-08-23 19:11:29,completed,store,PR001,215,21.5,9.68,203.18,PKR
O002294,C00690,S002,2026-08-25 03:20:51,2026-08-25 07:47:51,completed,online,,730,0.0,36.5,766.5,PKR
O002295,C00739,S001,2026-08-26 14:45:10,2026-08-26 21:58:10,completed,store,PR009,5960,300.0,283.0,5943.0,PKR
O002296,C00369,S006,2026-07-28 05:46:32,2026-07-28 16:38:32,completed,store,,1595,0.0,79.75,1674.75,PKR
O002297,C00191,S002,2026-08-17 20:49:41,2026-08-18 06:56:41,completed,store,,4375,0.0,218.75,4593.75,PKR
O002298,C00466,S002,2026-07-24 12:39:29,2026-07-24 19:01:29,completed,store,PR012,1425,71.25,67.69,1421.44,PKR
O002299,C00728,S001,2026-08-01 10:06:46,2026-08-01 11:14:46,completed,store,,2040,0.0,102.0,2142.0,PKR
O002300,C00592,S006,2026-06-05 04:58:14,2026-06-05 14:39:14,completed,online,,2615,0.0,130.75,2745.75,PKR
O002301,C00700,S002,2026-06-10 21:31:53,2026-06-11 04:48:53,completed,store,PR005,4290,300.3,199.49,4189.19,PKR
O002302,C00004,S002,2026-07-13 22:08:12,2026-07-14 06:57:12,completed,online,,3380,0.0,169.0,3549.0,PKR
O002303,C00377,S005,2026-06-28 15:04:43,2026-06-28 16:02:43,completed,store,,1885,0.0,94.25,1979.25,PKR
O002304,C00103,S002,2026-06-03 01:32:49,2026-06-03 10:30:49,completed,store,,9615,0.0,480.75,10095.75,PKR
O002305,C00497,S001,2026-06-14 10:32:38,2026-06-14 15:58:38,completed,store,PR003,2050,246.0,90.2,1894.2,PKR
O002306,C00324,S003,2026-07-01 00:54:43,2026-07-01 05:17:43,completed,store,,5625,0.0,281.25,5906.25,PKR
O002307,C00492,S002,2026-08-03 05:44:37,2026-08-03 13:27:37,completed,store,,5815,0.0,290.75,6105.75,PKR
O002308,C00020,S003,2026-07-15 15:44:15,2026-07-16 02:39:15,completed,online,PR012,7805,390.25,370.74,7785.49,PKR
O002309,C00101,S002,2026-08-08 11:08:25,2026-08-08 11:24:25,completed,store,,1215,0.0,60.75,1275.75,PKR
O002310,C00561,S003,2026-06-06 03:01:32,2026-06-06 14:55:32,completed,store,PR005,2220,155.4,103.23,2167.83,PKR
O002311,C00634,S002,2026-08-06 20:22:18,2026-08-06 23:45:18,completed,store,PR013,3225,129.0,154.8,3250.8,PKR
O002312,C00193,S002,2026-07-24 14:32:43,2026-07-25 00:31:43,completed,store,PR015,6950,400.0,327.5,6877.5,PKR
O002313,C00315,S005,2026-07-26 03:50:56,2026-07-26 04:24:56,completed,online,,1400,0.0,70.0,1470.0,PKR
O002314,C00358,S002,2026-06-05 01:03:06,2026-06-05 02:09:06,completed,store,,3085,0.0,154.25,3239.25,PKR
O002315,C00412,S002,2026-08-15 02:14:07,2026-08-15 06:54:07,completed,store,,2680,0.0,134.0,2814.0,PKR
O002316,C00117,S003,2026-07-28 22:30:28,2026-07-29 03:42:28,completed,store,PR015,1630,400.0,61.5,1291.5,PKR
O002317,C00396,S001,2026-07-19 16:25:11,2026-07-19 22:23:11,completed,store,,5270,0.0,263.5,5533.5,PKR
O002318,C00026,S003,2026-07-15 00:37:47,2026-07-15 02:43:47,completed,online,,8830,0.0,441.5,9271.5,PKR
O002319,C00447,S001,2026-06-07 03:21:10,2026-06-07 15:04:10,completed,store,PR014,4570,502.7,203.37,4270.67,PKR
O002320,C00317,S005,2026-06-02 17:46:00,2026-06-03 02:54:00,completed,store,PR008,7040,250.0,339.5,7129.5,PKR
O002321,C00386,S002,2026-06-28 19:02:56,2026-06-29 00:51:56,completed,store,PR002,8535,682.8,392.61,8244.81,PKR
O002322,C00062,S004,2026-08-19 04:27:30,2026-08-19 10:27:30,completed,store,,11325,0.0,566.25,11891.25,PKR
O002323,C00624,S005,2026-07-19 02:06:12,2026-07-19 10:01:12,completed,store,,6770,0.0,338.5,7108.5,PKR
O002324,C00181,S004,2026-08-12 21:44:30,2026-08-13 06:40:30,returned,store,,4155,0.0,207.75,4362.75,PKR
O002325,C00409,S003,2026-06-19 16:13:46,2026-06-19 19:58:46,cancelled,store,,3400,0.0,170.0,3570.0,PKR
O002326,C00609,S001,2026-08-12 19:33:43,2026-08-13 04:26:43,returned,store,,2370,0.0,118.5,2488.5,PKR
O002327,C00699,S004,2026-07-03 16:17:34,2026-07-03 19:43:34,completed,store,,1235,0.0,61.75,1296.75,PKR
O002328,C00332,S006,2026-08-09 14:53:41,2026-08-09 22:05:41,completed,store,,2320,0.0,116.0,2436.0,PKR
O002329,C00234,S002,2026-06-28 22:17:29,2026-06-29 02:01:29,completed,store,,920,0.0,46.0,966.0,PKR
O002330,C00304,S005,2026-08-04 05:25:21,2026-08-04 06:02:21,completed,store,,1990,0.0,99.5,2089.5,PKR
O002331,C00732,S001,2026-07-08 04:30:46,2026-07-08 11:41:46,completed,store,PR015,1905,400.0,75.25,1580.25,PKR
O002332,C00495,S004,2026-07-26 18:19:30,2026-07-27 04:16:30,completed,online,,6305,0.0,315.25,6620.25,PKR
O002333,C00046,S006,2026-07-10 17:06:33,2026-07-11 00:36:33,completed,store,PR012,1395,69.75,66.26,1391.51,PKR
O002334,C00355,S004,2026-06-20 14:43:16,2026-06-20 21:28:16,completed,online,PR005,7545,528.15,350.84,7367.69,PKR
O002335,C00733,S005,2026-07-29 21:06:48,2026-07-30 00:51:48,completed,store,PR013,9520,380.8,456.96,9596.16,PKR
O002336,C00149,S001,2026-08-10 15:01:17,2026-08-10 15:51:17,completed,store,PR013,3300,132.0,158.4,3326.4,PKR
O002337,C00664,S002,2026-07-24 04:15:22,2026-07-24 10:20:22,completed,store,,5835,0.0,291.75,6126.75,PKR
O002338,C00309,S003,2026-06-17 00:40:55,2026-06-17 04:33:55,completed,store,,13525,0.0,676.25,14201.25,PKR
O002339,C00244,S006,2026-06-25 01:55:11,2026-06-25 09:33:11,completed,store,,390,0.0,19.5,409.5,PKR
O002340,C00717,S002,2026-07-07 04:44:47,2026-07-07 08:36:47,completed,store,PR007,3650,328.5,166.08,3487.58,PKR
O002341,C00040,S006,2026-07-23 10:33:12,2026-07-23 19:42:12,completed,store,,3670,0.0,183.5,3853.5,PKR
O002342,C00420,S003,2026-08-18 08:23:16,2026-08-18 10:55:16,completed,store,PR009,1540,300.0,62.0,1302.0,PKR
O002343,C00591,S002,2026-08-05 06:53:04,2026-08-05 14:56:04,completed,store,,1215,0.0,60.75,1275.75,PKR
O002344,C00202,S006,2026-06-15 13:06:50,2026-06-15 21:44:50,completed,store,,8405,0.0,420.25,8825.25,PKR
O002345,C00481,S004,2026-06-11 12:29:50,2026-06-11 18:51:50,completed,store,,290,0.0,14.5,304.5,PKR
O002346,C00210,S005,2026-08-08 15:33:18,2026-08-08 21:41:18,completed,store,PR013,5670,226.8,272.16,5715.36,PKR
O002347,C00529,S001,2026-07-11 12:58:47,2026-07-12 00:09:47,completed,store,PR010,450,112.5,16.88,354.38,PKR
O002348,C00577,S002,2026-06-10 09:28:07,2026-06-10 18:33:07,completed,store,,4225,0.0,211.25,4436.25,PKR
O002349,C00383,S003,2026-06-06 01:11:52,2026-06-06 09:38:52,completed,store,,4455,0.0,222.75,4677.75,PKR
O002350,C00073,S002,2026-06-18 12:24:29,2026-06-18 23:19:29,completed,store,,875,0.0,43.75,918.75,PKR
O002351,C00367,S004,2026-08-14 04:38:04,2026-08-14 15:56:04,completed,store,,5675,0.0,283.75,5958.75,PKR
O002352,C00615,S003,2026-06-16 11:59:09,2026-06-16 22:28:09,cancelled,store,PR002,2810,224.8,129.26,2714.46,PKR
O002353,C00096,S005,2026-06-30 00:59:30,2026-06-30 06:09:30,completed,store,,3205,0.0,160.25,3365.25,PKR
O002354,C00301,S006,2026-06-09 12:59:17,2026-06-09 19:07:17,completed,store,,3040,0.0,152.0,3192.0,PKR
O002355,C00442,S004,2026-08-19 20:02:06,2026-08-19 20:31:06,completed,store,,8115,0.0,405.75,8520.75,PKR
O002356,C00209,S006,2026-06-25 07:21:58,2026-06-25 12:33:58,completed,store,,4380,0.0,219.0,4599.0,PKR
O002357,C00052,S003,2026-07-03 19:07:59,2026-07-04 06:47:59,completed,store,,5495,0.0,274.75,5769.75,PKR
O002358,C00363,S001,2026-08-06 05:00:56,2026-08-06 13:59:56,completed,store,PR013,1400,56.0,67.2,1411.2,PKR
O002359,C00652,S005,2026-07-08 12:13:54,2026-07-08 16:28:54,completed,store,,1310,0.0,65.5,1375.5,PKR
O002360,C00318,S004,2026-07-14 01:21:45,2026-07-14 08:47:45,completed,store,PR012,2610,130.5,123.98,2603.48,PKR
O002361,C00652,S006,2026-08-19 12:58:28,2026-08-19 14:16:28,cancelled,store,PR001,2320,232.0,104.4,2192.4,PKR
O002362,C00489,S003,2026-06-09 17:46:17,2026-06-09 20:06:17,completed,store,,1075,0.0,53.75,1128.75,PKR
O002363,C00734,S003,2026-08-25 03:24:36,2026-08-25 04:57:36,completed,store,PR009,1110,277.5,41.62,874.12,PKR
O002364,C00515,S005,2026-08-08 04:13:56,2026-08-08 14:51:56,completed,store,,6140,0.0,307.0,6447.0,PKR
O002365,C00513,S006,2026-07-20 03:46:09,2026-07-20 06:31:09,completed,store,,9975,0.0,498.75,10473.75,PKR
O002366,C00372,S005,2026-08-23 13:04:24,2026-08-23 15:37:24,returned,online,,3610,0.0,180.5,3790.5,PKR
O002367,C00580,S006,2026-08-29 23:51:53,2026-08-30 11:12:53,completed,store,,470,0.0,23.5,493.5,PKR
O002368,C00399,S005,2026-07-26 15:27:04,2026-07-26 17:56:04,completed,store,PR012,10320,516.0,490.2,10294.2,PKR
O002369,C00515,S004,2026-08-06 12:05:13,2026-08-06 18:12:13,completed,store,PR013,5665,226.6,271.92,5710.32,PKR
O002370,C00387,S004,2026-07-22 13:53:33,2026-07-22 16:18:33,completed,store,PR012,5015,250.75,238.21,5002.46,PKR
O002371,C00009,S002,2026-06-24 03:06:24,2026-06-24 11:04:24,completed,store,,7505,0.0,375.25,7880.25,PKR
O002372,C00676,S004,2026-07-18 18:27:04,2026-07-19 05:14:04,completed,store,PR015,895,223.75,33.56,704.81,PKR
O002373,C00169,S003,2026-08-17 15:39:57,2026-08-17 17:34:57,completed,store,PR001,2210,221.0,99.45,2088.45,PKR
O002374,C00468,S005,2026-07-25 01:40:18,2026-07-25 05:43:18,completed,store,,6735,0.0,336.75,7071.75,PKR
O002375,C00444,S005,2026-07-27 21:36:32,2026-07-28 09:21:32,completed,online,PR013,4335,173.4,208.08,4369.68,PKR
O002376,C00033,S002,2026-08-14 16:23:18,2026-08-14 22:49:18,completed,store,PR009,1870,300.0,78.5,1648.5,PKR
O002377,C00714,S005,2026-08-13 15:43:55,2026-08-14 01:24:55,completed,store,PR009,2320,300.0,101.0,2121.0,PKR
O002378,C00128,S003,2026-07-30 13:09:19,2026-07-30 23:41:19,completed,online,PR013,1360,54.4,65.28,1370.88,PKR
O002379,C00159,S002,2026-07-27 15:38:13,2026-07-27 20:28:13,completed,store,PR013,9270,370.8,444.96,9344.16,PKR
O002380,C00031,S002,2026-08-10 16:31:55,2026-08-10 20:53:55,completed,store,,7290,0.0,364.5,7654.5,PKR
O002381,C00196,S001,2026-07-31 03:56:28,2026-07-31 15:23:28,completed,online,,2865,0.0,143.25,3008.25,PKR
O002382,C00259,S002,2026-08-30 22:53:13,2026-08-30 23:47:13,returned,store,PR009,4035,300.0,186.75,3921.75,PKR
O002383,C00222,S003,2026-06-17 05:23:39,2026-06-17 05:43:39,completed,store,,1305,0.0,65.25,1370.25,PKR
O002384,C00033,S004,2026-08-09 11:53:45,2026-08-09 23:06:45,completed,store,,5575,0.0,278.75,5853.75,PKR
O002385,C00495,S006,2026-07-25 20:28:54,2026-07-26 02:31:54,completed,online,PR012,1410,70.5,66.98,1406.48,PKR
O002386,C00423,S003,2026-08-26 23:14:32,2026-08-26 23:38:32,completed,store,,265,0.0,13.25,278.25,PKR
O002387,C00427,S006,2026-06-14 03:23:05,2026-06-14 12:15:05,completed,store,PR005,4290,300.3,199.49,4189.19,PKR
O002388,C00052,S005,2026-08-09 16:00:11,2026-08-09 20:53:11,completed,store,,7220,0.0,361.0,7581.0,PKR
O002389,C00096,S001,2026-08-06 11:24:02,2026-08-06 21:15:02,completed,store,,8475,0.0,423.75,8898.75,PKR
O002390,C00381,S005,2026-06-10 23:53:32,2026-06-11 05:48:32,completed,store,PR008,1690,250.0,72.0,1512.0,PKR
O002391,C00733,S001,2026-08-12 18:54:58,2026-08-13 03:52:58,completed,store,,2715,0.0,135.75,2850.75,PKR
O002392,C00177,S006,2026-06-21 12:32:10,2026-06-21 13:58:10,completed,store,,130,0.0,6.5,136.5,PKR
O002393,C00014,S006,2026-08-29 06:49:42,2026-08-29 17:32:42,completed,store,,1945,0.0,97.25,2042.25,PKR
O002394,C00574,S005,2026-07-10 19:49:52,2026-07-10 22:25:52,completed,store,PR007,13145,1183.05,598.1,12560.05,PKR
O002395,C00364,S005,2026-06-25 10:21:35,2026-06-25 13:25:35,completed,online,PR002,7620,609.6,350.52,7360.92,PKR
O002396,C00061,S001,2026-08-09 14:30:38,2026-08-09 19:47:38,completed,store,PR013,1250,50.0,60.0,1260.0,PKR
O002397,C00244,S004,2026-07-03 00:28:51,2026-07-03 11:18:51,completed,store,,2970,0.0,148.5,3118.5,PKR
O002398,C00597,S002,2026-06-10 12:21:01,2026-06-10 18:55:01,completed,store,,6740,0.0,337.0,7077.0,PKR
O002399,C00014,S006,2026-06-08 11:46:30,2026-06-08 15:37:30,completed,store,PR008,2040,250.0,89.5,1879.5,PKR
O002400,C00722,S005,2026-08-23 06:55:14,2026-08-23 10:52:14,completed,store,,2085,0.0,104.25,2189.25,PKR
O002401,C00649,S003,2026-08-17 04:22:46,2026-08-17 10:15:46,completed,store,PR009,1790,300.0,74.5,1564.5,PKR
O002402,C00575,S004,2026-07-09 19:29:57,2026-07-10 03:14:57,completed,store,PR011,955,57.3,44.89,942.59,PKR
O002403,C00274,S003,2026-06-12 04:44:49,2026-06-12 05:33:49,completed,online,,430,0.0,21.5,451.5,PKR
O002404,C00056,S001,2026-06-17 09:58:56,2026-06-17 19:44:56,completed,store,,7025,0.0,351.25,7376.25,PKR
O002405,C00554,S003,2026-08-29 19:26:54,2026-08-30 00:30:54,completed,store,,4055,0.0,202.75,4257.75,PKR
O002406,C00596,S003,2026-08-01 09:43:15,2026-08-01 17:10:15,completed,store,PR013,3560,142.4,170.88,3588.48,PKR
O002407,C00366,S004,2026-08-04 14:15:08,2026-08-05 00:30:08,completed,online,,385,0.0,19.25,404.25,PKR
O002408,C00085,S005,2026-08-04 12:32:16,2026-08-04 13:29:16,completed,store,,2180,0.0,109.0,2289.0,PKR
O002409,C00331,S002,2026-08-10 19:08:24,2026-08-10 21:23:24,completed,store,PR013,8275,331.0,397.2,8341.2,PKR
O002410,C00641,S001,2026-06-16 23:10:42,2026-06-17 07:22:42,completed,store,PR014,1115,122.65,49.62,1041.97,PKR
O002411,C00482,S006,2026-07-27 13:09:20,2026-07-27 18:45:20,completed,store,PR015,3580,400.0,159.0,3339.0,PKR
O002412,C00073,S005,2026-07-10 18:46:07,2026-07-10 22:29:07,completed,store,PR015,2630,400.0,111.5,2341.5,PKR
O002413,C00523,S006,2026-06-18 06:25:23,2026-06-18 09:23:23,completed,online,,3290,0.0,164.5,3454.5,PKR
O002414,C00665,S005,2026-07-16 10:57:52,2026-07-16 16:38:52,completed,store,,1915,0.0,95.75,2010.75,PKR
O002415,C00702,S002,2026-08-28 17:47:17,2026-08-28 22:53:17,completed,store,PR009,3545,300.0,162.25,3407.25,PKR
O002416,C00314,S005,2026-06-30 23:21:55,2026-07-01 11:00:55,completed,online,,7875,0.0,393.75,8268.75,PKR
O002417,C00060,S002,2026-06-11 14:59:30,2026-06-11 19:33:30,completed,store,,11555,0.0,577.75,12132.75,PKR
O002418,C00513,S004,2026-08-10 22:33:49,2026-08-11 02:12:49,completed,store,PR006,14905,1490.5,670.73,14085.23,PKR
O002419,C00625,S001,2026-07-08 14:34:24,2026-07-08 18:38:24,completed,store,,2220,0.0,111.0,2331.0,PKR
O002420,C00350,S001,2026-07-21 02:48:51,2026-07-21 12:56:51,completed,store,,1310,0.0,65.5,1375.5,PKR
O002421,C00577,S001,2026-07-09 11:00:26,2026-07-09 22:04:26,completed,online,,2030,0.0,101.5,2131.5,PKR
O002422,C00665,S004,2026-06-17 20:41:05,2026-06-17 20:53:05,completed,online,,8435,0.0,421.75,8856.75,PKR
O002423,C00042,S004,2026-06-18 14:17:31,2026-06-18 21:54:31,completed,store,,1110,0.0,55.5,1165.5,PKR
O002424,C00341,S006,2026-06-30 00:36:22,2026-06-30 09:14:22,completed,store,,1225,0.0,61.25,1286.25,PKR
O002425,C00528,S005,2026-08-26 09:11:42,2026-08-26 15:27:42,completed,store,,1805,0.0,90.25,1895.25,PKR
O002426,C00561,S003,2026-07-01 00:47:09,2026-07-01 08:16:09,completed,store,,2150,0.0,107.5,2257.5,PKR
O002427,C00552,S004,2026-08-09 01:03:30,2026-08-09 08:16:30,completed,store,,980,0.0,49.0,1029.0,PKR
O002428,C00648,S004,2026-07-27 15:48:21,2026-07-27 23:40:21,completed,store,,1260,0.0,63.0,1323.0,PKR
O002429,C00355,S003,2026-07-04 18:18:43,2026-07-04 19:41:43,returned,store,,10280,0.0,514.0,10794.0,PKR
O002430,C00221,S004,2026-08-25 15:56:32,2026-08-25 23:51:32,completed,store,PR001,3265,326.5,146.93,3085.43,PKR
O002431,C00493,S002,2026-08-01 22:45:26,2026-08-02 07:53:26,completed,online,PR013,4345,173.8,208.56,4379.76,PKR
O002432,C00538,S006,2026-08-13 11:52:12,2026-08-13 23:14:12,cancelled,store,,2940,0.0,147.0,3087.0,PKR
O002433,C00203,S002,2026-07-21 05:03:38,2026-07-21 07:15:38,completed,online,PR015,7215,400.0,340.75,7155.75,PKR
O002434,C00440,S004,2026-07-27 11:57:04,2026-07-27 21:08:04,completed,store,PR015,815,203.75,30.56,641.81,PKR
O002435,C00701,S002,2026-07-27 16:56:55,2026-07-27 23:57:55,completed,store,PR015,6360,400.0,298.0,6258.0,PKR
O002436,C00150,S001,2026-06-13 08:44:48,2026-06-13 16:26:48,completed,store,,1930,0.0,96.5,2026.5,PKR
O002437,C00298,S001,2026-08-09 07:10:12,2026-08-09 14:19:12,completed,store,,7175,0.0,358.75,7533.75,PKR
O002438,C00416,S006,2026-06-28 20:10:26,2026-06-29 00:11:26,completed,store,,5605,0.0,280.25,5885.25,PKR
O002439,C00593,S006,2026-07-02 09:28:10,2026-07-02 10:00:10,completed,store,,9550,0.0,477.5,10027.5,PKR
O002440,C00377,S006,2026-07-05 20:02:23,2026-07-06 06:15:23,completed,online,,220,0.0,11.0,231.0,PKR
O002441,C00529,S002,2026-07-02 09:19:38,2026-07-02 17:48:38,completed,store,,705,0.0,35.25,740.25,PKR
O002442,C00219,S005,2026-08-03 20:54:55,2026-08-04 06:41:55,completed,store,,4980,0.0,249.0,5229.0,PKR
O002443,C00113,S002,2026-07-11 13:04:04,2026-07-11 14:59:04,completed,store,PR011,1960,117.6,92.12,1934.52,PKR
O002444,C00445,S003,2026-08-16 15:02:07,2026-08-17 00:51:07,completed,store,PR001,10895,1089.5,490.28,10295.78,PKR
O002445,C00375,S006,2026-06-25 10:43:53,2026-06-25 14:14:53,returned,online,,5575,0.0,278.75,5853.75,PKR
O002446,C00015,S006,2026-08-19 13:56:00,2026-08-19 20:25:00,completed,store,PR001,3405,340.5,153.22,3217.72,PKR
O002447,C00054,S006,2026-07-25 23:10:32,2026-07-26 03:51:32,completed,store,,5350,0.0,267.5,5617.5,PKR
O002448,C00389,S006,2026-07-02 21:08:51,2026-07-03 07:18:51,completed,store,,290,0.0,14.5,304.5,PKR
O002449,C00515,S002,2026-07-27 14:37:37,2026-07-27 17:30:37,returned,store,,3460,0.0,173.0,3633.0,PKR
O002450,C00392,S006,2026-07-03 20:43:38,2026-07-04 00:45:38,completed,store,,2915,0.0,145.75,3060.75,PKR
O002451,C00649,S001,2026-06-15 02:08:54,2026-06-15 03:50:54,completed,store,PR004,1170,175.5,49.73,1044.23,PKR
O002452,C00739,S005,2026-06-28 07:47:55,2026-06-28 15:22:55,completed,online,,2920,0.0,146.0,3066.0,PKR
O002453,C00733,S002,2026-07-11 15:27:23,2026-07-11 21:13:23,completed,store,PR012,810,40.5,38.48,807.98,PKR
O002454,C00457,S003,2026-08-21 16:05:34,2026-08-21 19:18:34,completed,store,,3610,0.0,180.5,3790.5,PKR
O002455,C00137,S002,2026-07-03 23:59:38,2026-07-04 01:50:38,completed,store,,1730,0.0,86.5,1816.5,PKR
O002456,C00260,S002,2026-06-22 21:23:44,2026-06-23 09:02:44,completed,store,,4570,0.0,228.5,4798.5,PKR
O002457,C00603,S002,2026-07-07 04:39:28,2026-07-07 13:47:28,completed,online,,3550,0.0,177.5,3727.5,PKR
O002458,C00224,S004,2026-08-29 14:38:06,2026-08-29 14:49:06,completed,store,PR001,10890,1089.0,490.05,10291.05,PKR
O002459,C00614,S004,2026-08-05 17:02:37,2026-08-06 03:09:37,completed,store,,850,0.0,42.5,892.5,PKR
O002460,C00559,S003,2026-06-14 16:52:35,2026-06-14 17:44:35,completed,store,PR005,2060,144.2,95.79,2011.59,PKR
O002461,C00518,S001,2026-08-15 17:34:06,2026-08-16 00:39:06,completed,store,,4385,0.0,219.25,4604.25,PKR
O002462,C00448,S003,2026-06-15 16:44:58,2026-06-15 19:31:58,completed,store,,3580,0.0,179.0,3759.0,PKR
O002463,C00743,S006,2026-06-07 23:44:39,2026-06-08 10:59:39,completed,store,,3445,0.0,172.25,3617.25,PKR
O002464,C00478,S006,2026-06-03 15:05:25,2026-06-03 18:47:25,completed,store,,2530,0.0,126.5,2656.5,PKR
O002465,C00556,S002,2026-08-12 16:04:42,2026-08-12 16:46:42,completed,store,,4770,0.0,238.5,5008.5,PKR
O002466,C00045,S004,2026-08-08 08:54:25,2026-08-08 12:56:25,completed,store,,2775,0.0,138.75,2913.75,PKR
O002467,C00135,S002,2026-08-25 10:20:41,2026-08-25 19:15:41,completed,online,,2685,0.0,134.25,2819.25,PKR
O002468,C00331,S001,2026-08-10 12:04:47,2026-08-10 15:25:47,completed,store,PR006,5505,550.5,247.73,5202.23,PKR
O002469,C00244,S005,2026-08-09 04:43:25,2026-08-09 16:29:25,completed,store,PR013,6260,250.4,300.48,6310.08,PKR
O002470,C00225,S006,2026-08-14 03:45:47,2026-08-14 10:08:47,completed,store,,2490,0.0,124.5,2614.5,PKR
O002471,C00237,S004,2026-08-28 21:40:02,2026-08-29 04:14:02,completed,store,PR001,645,64.5,29.03,609.53,PKR
O002472,C00111,S005,2026-07-26 02:41:52,2026-07-26 11:35:52,completed,store,,4500,0.0,225.0,4725.0,PKR
O002473,C00620,S004,2026-06-12 00:50:13,2026-06-12 09:57:13,cancelled,store,PR014,1375,151.25,61.19,1284.94,PKR
O002474,C00638,S001,2026-07-13 18:19:24,2026-07-13 19:49:24,completed,store,PR015,645,161.25,24.19,507.94,PKR
O002475,C00098,S002,2026-06-22 21:55:47,2026-06-23 08:55:47,completed,store,,5840,0.0,292.0,6132.0,PKR
O002476,C00326,S001,2026-07-09 22:34:43,2026-07-10 03:57:43,completed,store,PR012,1410,70.5,66.98,1406.48,PKR
O002477,C00281,S003,2026-06-28 22:05:12,2026-06-28 23:49:12,completed,store,,2830,0.0,141.5,2971.5,PKR
O002478,C00179,S001,2026-06-13 19:52:48,2026-06-13 21:30:48,completed,store,PR005,555,38.85,25.81,541.96,PKR
O002479,C00477,S006,2026-07-14 23:22:00,2026-07-15 08:25:00,cancelled,store,,5150,0.0,257.5,5407.5,PKR
O002480,C00529,S006,2026-06-25 23:25:02,2026-06-26 04:10:02,completed,store,,5890,0.0,294.5,6184.5,PKR
O002481,C00610,S002,2026-06-02 11:45:02,2026-06-02 21:05:02,completed,online,,4685,0.0,234.25,4919.25,PKR
O002482,C00581,S004,2026-06-29 07:23:07,2026-06-29 16:44:07,completed,online,,6240,0.0,312.0,6552.0,PKR
O002483,C00373,S004,2026-06-12 17:05:12,2026-06-12 21:28:12,returned,store,,1155,0.0,57.75,1212.75,PKR
O002484,C00309,S002,2026-06-06 03:00:14,2026-06-06 13:00:14,returned,store,,11300,0.0,565.0,11865.0,PKR
O002485,C00074,S004,2026-08-03 17:17:11,2026-08-03 21:35:11,completed,online,PR006,1310,131.0,58.95,1237.95,PKR
O002486,C00281,S006,2026-07-20 07:36:39,2026-07-20 14:15:39,completed,store,PR013,2730,109.2,131.04,2751.84,PKR
O002487,C00212,S001,2026-07-27 15:08:44,2026-07-28 02:42:44,completed,store,,730,0.0,36.5,766.5,PKR
O002488,C00059,S003,2026-08-31 16:24:35,2026-09-01 00:38:35,completed,store,,1565,0.0,78.25,1643.25,PKR
O002489,C00638,S001,2026-06-25 11:09:38,2026-06-25 23:06:38,completed,store,,4760,0.0,238.0,4998.0,PKR
O002490,C00066,S006,2026-08-11 15:42:51,2026-08-11 21:53:51,completed,store,,2030,0.0,101.5,2131.5,PKR
O002491,C00308,S001,2026-08-08 05:54:45,2026-08-08 13:38:45,completed,store,,4895,0.0,244.75,5139.75,PKR
O002492,C00269,S002,2026-06-13 16:38:49,2026-06-14 01:41:49,completed,store,,2135,0.0,106.75,2241.75,PKR
O002493,C00473,S005,2026-07-16 19:54:27,2026-07-17 02:11:27,completed,store,PR012,2375,118.75,112.81,2369.06,PKR
O002494,C00148,S003,2026-06-09 17:04:54,2026-06-09 18:01:54,completed,store,PR003,8300,996.0,365.2,7669.2,PKR
O002495,C00053,S004,2026-07-21 15:02:00,2026-07-22 01:35:00,completed,store,PR015,5735,400.0,266.75,5601.75,PKR
O002496,C00328,S005,2026-06-27 04:59:56,2026-06-27 09:16:56,completed,store,PR002,3720,297.6,171.12,3593.52,PKR
O002497,C00275,S001,2026-07-06 23:52:17,2026-07-07 10:14:17,completed,online,,2200,0.0,110.0,2310.0,PKR
O002498,C00019,S002,2026-08-06 18:05:08,2026-08-06 18:44:08,completed,online,PR013,2330,93.2,111.84,2348.64,PKR
O002499,C00565,S005,2026-08-16 09:19:58,2026-08-16 16:25:58,cancelled,store,,890,0.0,44.5,934.5,PKR
O002500,C00138,S004,2026-07-01 10:47:14,2026-07-01 13:56:14,completed,store,,1500,0.0,75.0,1575.0,PKR
O002501,C00572,S003,2026-07-20 04:22:12,2026-07-20 08:39:12,cancelled,online,,660,0.0,33.0,693.0,PKR
O002502,C00512,S004,2026-06-15 07:54:49,2026-06-15 08:08:49,completed,store,,1940,0.0,97.0,2037.0,PKR
O002503,C00195,S001,2026-07-03 07:47:18,2026-07-03 11:40:18,completed,store,,1075,0.0,53.75,1128.75,PKR
O002504,C00745,S003,2026-06-04 20:38:01,2026-06-04 21:29:01,completed,store,,6035,0.0,301.75,6336.75,PKR
O002505,C00538,S005,2026-07-26 10:25:09,2026-07-26 10:33:09,completed,store,PR013,475,19.0,22.8,478.8,PKR
O002506,C00700,S003,2026-06-30 20:21:01,2026-07-01 03:28:01,completed,store,,1260,0.0,63.0,1323.0,PKR
O002507,C00005,S005,2026-06-09 07:10:00,2026-06-09 16:59:00,completed,store,PR008,1220,250.0,48.5,1018.5,PKR
O002508,C00277,S005,2026-07-24 15:37:02,2026-07-24 18:53:02,cancelled,store,,1775,0.0,88.75,1863.75,PKR
O002509,C00055,S006,2026-08-05 01:17:16,2026-08-05 08:14:16,completed,store,PR013,1310,52.4,62.88,1320.48,PKR
O002510,C00305,S005,2026-07-20 05:45:37,2026-07-20 08:43:37,completed,store,,8600,0.0,430.0,9030.0,PKR
O002511,C00593,S006,2026-06-13 09:53:41,2026-06-13 15:24:41,completed,store,,2370,0.0,118.5,2488.5,PKR
O002512,C00243,S004,2026-07-28 13:29:36,2026-07-29 00:54:36,completed,store,PR013,2730,109.2,131.04,2751.84,PKR
O002513,C00448,S005,2026-08-09 10:46:53,2026-08-09 20:41:53,completed,store,,1560,0.0,78.0,1638.0,PKR
O002514,C00461,S001,2026-07-28 13:47:33,2026-07-28 18:29:33,completed,store,PR015,4165,400.0,188.25,3953.25,PKR
O002515,C00227,S005,2026-06-28 13:26:22,2026-06-28 20:22:22,completed,store,,3075,0.0,153.75,3228.75,PKR
O002516,C00413,S005,2026-06-14 08:29:15,2026-06-14 17:15:15,completed,store,,3010,0.0,150.5,3160.5,PKR
O002517,C00548,S002,2026-06-18 18:05:26,2026-06-18 23:39:26,completed,store,PR005,2630,184.1,122.3,2568.2,PKR
O002518,C00028,S002,2026-08-04 10:27:25,2026-08-04 19:34:25,completed,store,,2060,0.0,103.0,2163.0,PKR
O002519,C00480,S002,2026-06-11 22:02:10,2026-06-12 08:50:10,completed,store,PR003,7485,898.2,329.34,6916.14,PKR
O002520,C00454,S004,2026-07-22 07:22:39,2026-07-22 12:39:39,completed,store,PR010,855,213.75,32.06,673.31,PKR
O002521,C00676,S001,2026-08-18 11:54:49,2026-08-18 15:19:49,completed,store,PR001,1540,154.0,69.3,1455.3,PKR
O002522,C00493,S005,2026-07-26 02:09:00,2026-07-26 11:02:00,completed,store,,1475,0.0,73.75,1548.75,PKR
O002523,C00690,S001,2026-07-03 07:06:03,2026-07-03 08:34:03,completed,store,,660,0.0,33.0,693.0,PKR
O002524,C00172,S005,2026-07-06 15:58:55,2026-07-06 18:03:55,completed,online,,2610,0.0,130.5,2740.5,PKR
O002525,C00469,S003,2026-07-11 15:52:38,2026-07-11 23:11:38,completed,store,PR015,4665,400.0,213.25,4478.25,PKR
O002526,C00462,S004,2026-08-31 17:27:32,2026-08-31 20:06:32,completed,store,PR009,2045,300.0,87.25,1832.25,PKR
O002527,C00054,S006,2026-08-21 18:24:34,2026-08-22 06:13:34,completed,store,,4515,0.0,225.75,4740.75,PKR
O002528,C00413,S001,2026-06-26 00:17:14,2026-06-26 01:59:14,completed,online,,1805,0.0,90.25,1895.25,PKR
O002529,C00211,S004,2026-07-18 21:57:16,2026-07-19 03:53:16,completed,online,PR015,4090,400.0,184.5,3874.5,PKR
O002530,C00003,S004,2026-08-21 13:40:17,2026-08-21 14:22:17,completed,store,,1475,0.0,73.75,1548.75,PKR
O002531,C00028,S006,2026-07-21 00:25:04,2026-07-21 08:36:04,completed,store,PR010,910,227.5,34.12,716.62,PKR
O002532,C00722,S006,2026-06-01 10:43:55,2026-06-01 15:56:55,completed,store,,3995,0.0,199.75,4194.75,PKR
O002533,C00156,S003,2026-08-04 09:49:28,2026-08-04 19:41:28,completed,online,,2015,0.0,100.75,2115.75,PKR
O002534,C00483,S005,2026-06-16 17:08:50,2026-06-17 01:54:50,completed,store,PR004,4080,612.0,173.4,3641.4,PKR
O002535,C00223,S006,2026-08-26 09:37:12,2026-08-26 09:55:12,completed,store,,4270,0.0,213.5,4483.5,PKR
O002536,C00570,S004,2026-08-19 16:25:36,2026-08-19 22:47:36,completed,online,PR001,5105,510.5,229.73,4824.23,PKR
O002537,C00140,S004,2026-06-19 19:27:13,2026-06-20 03:50:13,completed,store,,1680,0.0,84.0,1764.0,PKR
O002538,C00628,S003,2026-06-04 09:39:55,2026-06-04 10:06:55,completed,store,PR008,2810,250.0,128.0,2688.0,PKR
O002539,C00030,S001,2026-08-30 03:15:36,2026-08-30 14:37:36,completed,store,,1595,0.0,79.75,1674.75,PKR
O002540,C00477,S004,2026-06-19 18:57:29,2026-06-20 05:11:29,completed,store,PR005,6315,442.05,293.65,6166.6,PKR
O002541,C00322,S002,2026-06-14 02:01:08,2026-06-14 05:56:08,cancelled,store,,1075,0.0,53.75,1128.75,PKR
O002542,C00698,S006,2026-08-30 02:23:38,2026-08-30 09:27:38,completed,store,,3000,0.0,150.0,3150.0,PKR
O002543,C00542,S004,2026-07-29 12:08:03,2026-07-29 19:57:03,completed,store,,4575,0.0,228.75,4803.75,PKR
O002544,C00360,S004,2026-06-18 10:49:33,2026-06-18 13:34:33,completed,store,PR005,5550,388.5,258.07,5419.57,PKR
O002545,C00185,S002,2026-08-10 06:43:02,2026-08-10 12:34:02,completed,store,PR006,4175,417.5,187.88,3945.38,PKR
O002546,C00131,S005,2026-07-16 07:30:36,2026-07-16 13:55:36,completed,store,PR010,3415,300.0,155.75,3270.75,PKR
O002547,C00290,S006,2026-06-29 17:43:02,2026-06-29 19:31:02,returned,store,,720,0.0,36.0,756.0,PKR
O002548,C00749,S001,2026-06-03 22:59:03,2026-06-04 07:02:03,completed,online,PR008,2590,250.0,117.0,2457.0,PKR
O002549,C00651,S005,2026-08-10 19:44:27,2026-08-11 07:41:27,completed,online,,5050,0.0,252.5,5302.5,PKR
O002550,C00730,S002,2026-08-28 00:37:42,2026-08-28 04:25:42,completed,store,PR001,2050,205.0,92.25,1937.25,PKR
O002551,C00013,S002,2026-08-30 17:42:03,2026-08-30 21:43:03,completed,store,PR001,4350,435.0,195.75,4110.75,PKR
O002552,C00096,S003,2026-08-21 15:12:14,2026-08-21 22:19:14,completed,store,,600,0.0,30.0,630.0,PKR
O002553,C00281,S002,2026-07-27 04:08:38,2026-07-27 11:50:38,completed,store,,2810,0.0,140.5,2950.5,PKR
O002554,C00257,S006,2026-06-25 18:46:05,2026-06-26 00:12:05,completed,store,,2685,0.0,134.25,2819.25,PKR
O002555,C00448,S003,2026-07-05 06:00:05,2026-07-05 09:26:05,completed,store,,9755,0.0,487.75,10242.75,PKR
O002556,C00731,S002,2026-08-16 02:15:23,2026-08-16 06:26:23,completed,store,,1100,0.0,55.0,1155.0,PKR
O002557,C00419,S001,2026-06-10 04:36:11,2026-06-10 15:22:11,completed,store,PR008,7405,250.0,357.75,7512.75,PKR
O002558,C00494,S005,2026-07-15 18:06:47,2026-07-15 20:49:47,completed,online,,2410,0.0,120.5,2530.5,PKR
O002559,C00523,S003,2026-07-30 23:08:42,2026-07-31 06:11:42,completed,store,,1970,0.0,98.5,2068.5,PKR
O002560,C00449,S001,2026-06-21 22:11:28,2026-06-22 00:41:28,cancelled,store,,555,0.0,27.75,582.75,PKR
O002561,C00706,S006,2026-06-09 19:32:07,2026-06-09 19:52:07,completed,store,,795,0.0,39.75,834.75,PKR
O002562,C00424,S003,2026-06-16 12:40:26,2026-06-16 15:46:26,completed,store,PR003,3680,441.6,161.92,3400.32,PKR
O002563,C00523,S003,2026-08-08 13:29:42,2026-08-08 18:27:42,completed,store,PR013,6300,252.0,302.4,6350.4,PKR
O002564,C00296,S004,2026-06-17 22:00:50,2026-06-17 23:12:50,completed,store,,3245,0.0,162.25,3407.25,PKR
O002565,C00706,S004,2026-08-31 14:55:13,2026-08-31 19:33:13,completed,store,PR001,3625,362.5,163.12,3425.62,PKR
O002566,C00495,S005,2026-08-02 16:02:49,2026-08-02 22:55:49,completed,online,,1265,0.0,63.25,1328.25,PKR
O002567,C00411,S005,2026-07-14 15:10:32,2026-07-15 01:49:32,completed,store,,5700,0.0,285.0,5985.0,PKR
O002568,C00304,S005,2026-06-21 03:19:07,2026-06-21 05:16:07,completed,store,,890,0.0,44.5,934.5,PKR
O002569,C00160,S005,2026-06-11 09:44:37,2026-06-11 12:05:37,completed,store,,1700,0.0,85.0,1785.0,PKR
O002570,C00242,S001,2026-07-10 04:26:53,2026-07-10 11:04:53,completed,store,,2595,0.0,129.75,2724.75,PKR
O002571,C00567,S004,2026-08-17 12:56:31,2026-08-17 21:37:31,completed,store,,5435,0.0,271.75,5706.75,PKR
O002572,C00229,S002,2026-07-18 13:07:35,2026-07-18 19:57:35,completed,store,,3145,0.0,157.25,3302.25,PKR
O002573,C00628,S002,2026-07-22 03:15:31,2026-07-22 03:45:31,cancelled,store,PR012,1410,70.5,66.98,1406.48,PKR
O002574,C00156,S006,2026-08-17 02:45:58,2026-08-17 05:04:58,completed,store,,6265,0.0,313.25,6578.25,PKR
O002575,C00518,S003,2026-07-19 02:05:48,2026-07-19 05:22:48,completed,store,PR013,10050,402.0,482.4,10130.4,PKR
O002576,C00391,S005,2026-06-15 10:43:03,2026-06-15 16:18:03,completed,store,,8800,0.0,440.0,9240.0,PKR
O002577,C00505,S004,2026-08-16 10:55:22,2026-08-16 11:57:22,completed,store,,5395,0.0,269.75,5664.75,PKR
O002578,C00114,S003,2026-08-13 14:15:18,2026-08-14 01:23:18,completed,store,PR009,5010,300.0,235.5,4945.5,PKR
O002579,C00554,S001,2026-06-30 07:59:52,2026-06-30 10:10:52,completed,online,,2445,0.0,122.25,2567.25,PKR
O002580,C00568,S003,2026-08-18 00:02:53,2026-08-18 06:44:53,completed,store,PR009,7595,300.0,364.75,7659.75,PKR
O002581,C00747,S005,2026-07-17 22:43:31,2026-07-18 01:49:31,completed,store,,3010,0.0,150.5,3160.5,PKR
O002582,C00546,S002,2026-07-05 03:58:55,2026-07-05 11:30:55,completed,store,PR011,9920,595.2,466.24,9791.04,PKR
O002583,C00233,S006,2026-06-07 05:16:46,2026-06-07 10:09:46,completed,online,PR014,3320,365.2,147.74,3102.54,PKR
O002584,C00023,S004,2026-06-15 14:47:06,2026-06-15 20:10:06,completed,store,PR005,260,18.2,12.09,253.89,PKR
O002585,C00606,S002,2026-07-02 02:03:32,2026-07-02 12:41:32,completed,store,,2175,0.0,108.75,2283.75,PKR
O002586,C00639,S006,2026-07-21 11:13:29,2026-07-21 19:40:29,completed,store,,1255,0.0,62.75,1317.75,PKR
O002587,C00002,S002,2026-08-24 08:00:59,2026-08-24 08:59:59,completed,store,,620,0.0,31.0,651.0,PKR
O002588,C00578,S004,2026-07-23 12:26:32,2026-07-23 17:09:32,completed,online,,8095,0.0,404.75,8499.75,PKR
O002589,C00320,S002,2026-06-23 04:49:21,2026-06-23 11:56:21,completed,store,,1100,0.0,55.0,1155.0,PKR
O002590,C00588,S002,2026-06-23 13:39:52,2026-06-23 17:33:52,completed,store,PR003,3895,467.4,171.38,3598.98,PKR
O002591,C00340,S003,2026-08-14 00:50:59,2026-08-14 03:13:59,completed,store,PR009,4035,300.0,186.75,3921.75,PKR
O002592,C00594,S003,2026-06-28 08:41:41,2026-06-28 09:19:41,completed,store,PR002,4420,353.6,203.32,4269.72,PKR
O002593,C00138,S006,2026-07-14 10:28:53,2026-07-14 17:37:53,completed,online,,3300,0.0,165.0,3465.0,PKR
O002594,C00556,S005,2026-06-18 03:39:37,2026-06-18 15:12:37,completed,store,PR002,2210,176.8,101.66,2134.86,PKR
O002595,C00110,S001,2026-08-07 07:46:58,2026-08-07 09:53:58,returned,online,PR013,5180,207.2,248.64,5221.44,PKR
O002596,C00227,S001,2026-08-06 22:07:12,2026-08-07 06:44:12,completed,store,,3695,0.0,184.75,3879.75,PKR
O002597,C00005,S002,2026-08-31 02:15:33,2026-08-31 05:10:33,cancelled,store,PR001,2725,272.5,122.62,2575.12,PKR
O002598,C00595,S002,2026-07-18 13:03:35,2026-07-18 14:44:35,completed,store,,1750,0.0,87.5,1837.5,PKR
O002599,C00079,S001,2026-06-22 09:45:28,2026-06-22 13:37:28,completed,store,,3895,0.0,194.75,4089.75,PKR
O002600,C00432,S004,2026-08-19 03:51:51,2026-08-19 06:33:51,completed,store,,3320,0.0,166.0,3486.0,PKR
O002601,C00137,S001,2026-08-14 10:19:35,2026-08-14 17:31:35,completed,online,PR009,4000,300.0,185.0,3885.0,PKR
O002602,C00736,S004,2026-06-01 22:26:43,2026-06-02 01:57:43,completed,store,PR008,3230,250.0,149.0,3129.0,PKR
O002603,C00290,S003,2026-08-14 09:05:54,2026-08-14 10:46:54,completed,store,,2160,0.0,108.0,2268.0,PKR
O002604,C00502,S005,2026-06-20 12:23:13,2026-06-20 15:52:13,completed,store,,2030,0.0,101.5,2131.5,PKR
O002605,C00554,S006,2026-06-20 17:21:37,2026-06-21 03:08:37,completed,store,,2330,0.0,116.5,2446.5,PKR
O002606,C00083,S003,2026-07-06 18:07:28,2026-07-06 19:26:28,completed,online,,1480,0.0,74.0,1554.0,PKR
O002607,C00096,S006,2026-08-28 18:37:01,2026-08-28 18:59:01,completed,online,PR009,2405,300.0,105.25,2210.25,PKR
O002608,C00311,S001,2026-06-16 08:53:00,2026-06-16 20:12:00,cancelled,store,,470,0.0,23.5,493.5,PKR
O002609,C00334,S004,2026-08-23 09:38:08,2026-08-23 21:36:08,completed,store,,4860,0.0,243.0,5103.0,PKR
O002610,C00286,S005,2026-07-23 16:28:01,2026-07-23 23:10:01,completed,store,,5185,0.0,259.25,5444.25,PKR
O002611,C00261,S001,2026-08-14 19:40:24,2026-08-14 22:41:24,completed,store,PR009,5210,300.0,245.5,5155.5,PKR
O002612,C00661,S003,2026-07-17 08:19:25,2026-07-17 16:37:25,completed,store,,4350,0.0,217.5,4567.5,PKR
O002613,C00305,S004,2026-08-25 20:30:33,2026-08-26 06:16:33,completed,store,PR001,4265,426.5,191.93,4030.43,PKR
O002614,C00578,S005,2026-06-07 09:15:43,2026-06-07 21:08:43,completed,store,,1690,0.0,84.5,1774.5,PKR
O002615,C00363,S001,2026-08-08 15:14:17,2026-08-08 22:25:17,completed,store,PR013,2175,87.0,104.4,2192.4,PKR
O002616,C00410,S003,2026-07-02 08:48:16,2026-07-02 17:08:16,completed,store,,5895,0.0,294.75,6189.75,PKR
O002617,C00099,S001,2026-06-14 14:54:37,2026-06-15 00:20:37,completed,store,,2270,0.0,113.5,2383.5,PKR
O002618,C00695,S003,2026-06-26 04:01:48,2026-06-26 13:53:48,completed,store,,7660,0.0,383.0,8043.0,PKR
O002619,C00487,S002,2026-06-08 05:50:47,2026-06-08 08:57:47,completed,store,,4030,0.0,201.5,4231.5,PKR
O002620,C00358,S005,2026-08-29 16:44:24,2026-08-29 21:35:24,completed,store,PR009,1635,300.0,66.75,1401.75,PKR
O002621,C00465,S001,2026-06-29 18:08:41,2026-06-30 04:06:41,completed,online,,6430,0.0,321.5,6751.5,PKR
O002622,C00590,S003,2026-06-26 08:16:44,2026-06-26 13:14:44,completed,store,,3200,0.0,160.0,3360.0,PKR
O002623,C00353,S004,2026-07-22 15:35:48,2026-07-22 22:15:48,completed,store,PR013,955,38.2,45.84,962.64,PKR
O002624,C00024,S005,2026-08-11 00:17:56,2026-08-11 04:27:56,completed,store,PR013,7785,311.4,373.68,7847.28,PKR
O002625,C00235,S006,2026-07-16 12:26:06,2026-07-16 13:56:06,completed,online,,2270,0.0,113.5,2383.5,PKR
O002626,C00683,S002,2026-06-11 12:25:54,2026-06-11 22:44:54,completed,online,,1695,0.0,84.75,1779.75,PKR
O002627,C00211,S004,2026-07-28 17:52:26,2026-07-29 04:41:26,completed,store,,2725,0.0,136.25,2861.25,PKR
O002628,C00462,S002,2026-06-07 16:12:18,2026-06-07 17:30:18,completed,store,,2875,0.0,143.75,3018.75,PKR
O002629,C00459,S004,2026-08-19 23:02:22,2026-08-20 04:32:22,completed,online,,2590,0.0,129.5,2719.5,PKR
O002630,C00530,S005,2026-06-19 10:29:42,2026-06-19 16:31:42,completed,store,,3560,0.0,178.0,3738.0,PKR
O002631,C00739,S002,2026-06-10 02:23:15,2026-06-10 10:09:15,completed,store,,1295,0.0,64.75,1359.75,PKR
O002632,C00713,S004,2026-07-18 01:06:49,2026-07-18 04:10:49,completed,store,,3880,0.0,194.0,4074.0,PKR
O002633,C00559,S002,2026-06-07 13:58:48,2026-06-07 16:03:48,cancelled,online,PR014,9675,1064.25,430.54,9041.29,PKR
O002634,C00190,S006,2026-06-10 11:40:02,2026-06-10 18:28:02,completed,store,,5455,0.0,272.75,5727.75,PKR
O002635,C00546,S001,2026-06-27 15:18:36,2026-06-27 18:03:36,cancelled,online,PR002,2715,217.2,124.89,2622.69,PKR
O002636,C00529,S002,2026-07-07 05:07:21,2026-07-07 11:10:21,completed,store,,545,0.0,27.25,572.25,PKR
O002637,C00103,S006,2026-07-07 13:43:15,2026-07-07 19:35:15,completed,store,PR012,500,25.0,23.75,498.75,PKR
O002638,C00321,S002,2026-08-09 06:27:37,2026-08-09 07:13:37,completed,store,,425,0.0,21.25,446.25,PKR
O002639,C00201,S001,2026-07-10 16:20:05,2026-07-11 02:33:05,completed,store,PR012,1440,72.0,68.4,1436.4,PKR
O002640,C00142,S003,2026-07-26 10:41:35,2026-07-26 14:42:35,cancelled,store,,7010,0.0,350.5,7360.5,PKR
O002641,C00103,S001,2026-08-07 00:58:30,2026-08-07 05:16:30,completed,store,PR013,4530,181.2,217.44,4566.24,PKR
O002642,C00734,S001,2026-08-19 14:48:16,2026-08-19 16:32:16,completed,store,,1700,0.0,85.0,1785.0,PKR
O002643,C00419,S001,2026-07-04 07:58:21,2026-07-04 18:53:21,completed,store,PR012,3060,153.0,145.35,3052.35,PKR
O002644,C00403,S006,2026-07-10 05:52:14,2026-07-10 07:43:14,completed,store,,7060,0.0,353.0,7413.0,PKR
O002645,C00099,S002,2026-08-03 06:49:17,2026-08-03 08:17:17,completed,store,,3580,0.0,179.0,3759.0,PKR
O002646,C00059,S005,2026-08-10 01:53:05,2026-08-10 03:27:05,completed,store,,1290,0.0,64.5,1354.5,PKR
O002647,C00571,S003,2026-08-24 10:36:11,2026-08-24 11:23:11,completed,store,,1855,0.0,92.75,1947.75,PKR
O002648,C00458,S003,2026-06-16 15:28:45,2026-06-16 20:56:45,completed,store,PR004,705,105.75,29.96,629.21,PKR
O002649,C00294,S002,2026-06-27 11:14:32,2026-06-27 17:05:32,cancelled,store,PR002,3610,288.8,166.06,3487.26,PKR
O002650,C00416,S005,2026-07-12 21:46:37,2026-07-13 03:51:37,completed,online,,11560,0.0,578.0,12138.0,PKR
O002651,C00607,S005,2026-06-06 02:47:14,2026-06-06 03:59:14,completed,store,PR008,6125,250.0,293.75,6168.75,PKR
O002652,C00406,S003,2026-07-09 06:04:50,2026-07-09 06:55:50,completed,online,PR011,1595,95.7,74.97,1574.27,PKR
O002653,C00132,S006,2026-07-24 11:45:27,2026-07-24 17:48:27,completed,store,,2430,0.0,121.5,2551.5,PKR
O002654,C00063,S002,2026-08-09 13:27:48,2026-08-09 22:34:48,completed,online,,4880,0.0,244.0,5124.0,PKR
O002655,C00441,S005,2026-08-05 11:04:15,2026-08-05 12:20:15,completed,store,PR006,11685,1168.5,525.83,11042.33,PKR
O002656,C00300,S005,2026-07-01 22:17:22,2026-07-02 06:07:22,completed,store,PR002,5140,411.2,236.44,4965.24,PKR
O002657,C00272,S005,2026-07-26 13:04:36,2026-07-26 22:39:36,completed,store,,1735,0.0,86.75,1821.75,PKR
O002658,C00067,S004,2026-08-02 09:50:02,2026-08-02 11:53:02,completed,online,PR013,3900,156.0,187.2,3931.2,PKR
O002659,C00507,S004,2026-06-23 16:46:56,2026-06-23 18:47:56,completed,store,PR002,2195,175.6,100.97,2120.37,PKR
O002660,C00083,S002,2026-08-22 18:01:57,2026-08-22 20:42:57,returned,store,PR009,1060,265.0,39.75,834.75,PKR
O002661,C00531,S004,2026-08-29 04:53:18,2026-08-29 09:25:18,completed,online,PR001,2335,233.5,105.08,2206.58,PKR
O002662,C00391,S002,2026-08-26 18:11:27,2026-08-26 18:29:27,completed,store,,1080,0.0,54.0,1134.0,PKR
O002663,C00583,S001,2026-08-18 20:44:45,2026-08-18 22:00:45,completed,store,PR009,6870,300.0,328.5,6898.5,PKR
O002664,C00034,S001,2026-06-02 00:03:55,2026-06-02 06:22:55,completed,store,,455,0.0,22.75,477.75,PKR
O002665,C00719,S005,2026-08-21 09:09:31,2026-08-21 14:22:31,completed,store,,2980,0.0,149.0,3129.0,PKR
O002666,C00569,S001,2026-06-26 16:36:39,2026-06-26 17:36:39,cancelled,store,PR002,1190,95.2,54.74,1149.54,PKR
O002667,C00711,S001,2026-08-05 20:12:46,2026-08-06 04:57:46,completed,online,PR013,955,38.2,45.84,962.64,PKR
O002668,C00268,S006,2026-08-10 11:12:20,2026-08-10 13:28:20,completed,store,PR006,5130,513.0,230.85,4847.85,PKR
O002669,C00464,S003,2026-06-13 10:55:04,2026-06-13 15:37:04,completed,store,PR014,4840,532.4,215.38,4522.98,PKR
O002670,C00365,S004,2026-06-14 20:24:33,2026-06-15 05:33:33,completed,store,PR005,8050,563.5,374.33,7860.83,PKR
O002671,C00001,S002,2026-06-08 22:48:47,2026-06-09 04:33:47,completed,store,PR008,3510,250.0,163.0,3423.0,PKR
O002672,C00704,S006,2026-08-23 04:05:52,2026-08-23 06:31:52,completed,store,PR009,1700,300.0,70.0,1470.0,PKR
O002673,C00169,S001,2026-08-07 10:41:44,2026-08-07 19:13:44,completed,store,PR013,1425,57.0,68.4,1436.4,PKR
O002674,C00124,S001,2026-06-21 15:57:28,2026-06-22 00:05:28,completed,store,PR014,1570,172.7,69.86,1467.16,PKR
O002675,C00137,S001,2026-06-12 03:58:43,2026-06-12 06:46:43,completed,store,,1820,0.0,91.0,1911.0,PKR
O002676,C00582,S005,2026-06-25 19:12:38,2026-06-26 03:44:38,completed,online,,1595,0.0,79.75,1674.75,PKR
O002677,C00605,S003,2026-06-04 13:26:51,2026-06-04 17:48:51,completed,online,PR008,6875,250.0,331.25,6956.25,PKR
O002678,C00223,S003,2026-06-26 22:48:57,2026-06-27 10:44:57,completed,store,,10555,0.0,527.75,11082.75,PKR
O002679,C00496,S003,2026-08-10 18:21:25,2026-08-10 22:58:25,completed,store,,3670,0.0,183.5,3853.5,PKR
O002680,C00586,S001,2026-06-15 10:06:02,2026-06-15 15:52:02,completed,store,,1470,0.0,73.5,1543.5,PKR
O002681,C00410,S002,2026-06-20 20:10:44,2026-06-21 05:51:44,completed,online,,6580,0.0,329.0,6909.0,PKR
O002682,C00521,S001,2026-07-15 21:58:07,2026-07-16 00:16:07,completed,store,,8775,0.0,438.75,9213.75,PKR
O002683,C00034,S004,2026-07-29 20:48:22,2026-07-30 00:47:22,completed,online,,850,0.0,42.5,892.5,PKR
O002684,C00445,S005,2026-06-17 02:38:14,2026-06-17 04:03:14,completed,online,PR002,2900,232.0,133.4,2801.4,PKR
O002685,C00130,S005,2026-08-21 01:12:14,2026-08-21 12:07:14,returned,store,PR009,1270,300.0,48.5,1018.5,PKR
O002686,C00379,S001,2026-08-22 10:13:09,2026-08-22 20:40:09,completed,store,,5215,0.0,260.75,5475.75,PKR
O002687,C00516,S005,2026-08-16 21:13:09,2026-08-16 22:33:09,completed,online,,1775,0.0,88.75,1863.75,PKR
O002688,C00428,S001,2026-08-28 20:11:40,2026-08-29 08:06:40,completed,store,,1400,0.0,70.0,1470.0,PKR
O002689,C00599,S001,2026-06-14 09:15:00,2026-06-14 13:16:00,returned,store,PR002,2140,171.2,98.44,2067.24,PKR
O002690,C00259,S006,2026-07-06 22:14:37,2026-07-07 01:13:37,completed,store,,260,0.0,13.0,273.0,PKR
O002691,C00136,S002,2026-08-25 00:21:48,2026-08-25 07:25:48,completed,store,PR001,3285,328.5,147.83,3104.33,PKR
O002692,C00215,S001,2026-06-24 00:30:23,2026-06-24 08:19:23,completed,store,,5525,0.0,276.25,5801.25,PKR
O002693,C00178,S006,2026-08-18 22:29:36,2026-08-19 06:51:36,completed,store,PR009,6340,300.0,302.0,6342.0,PKR
O002694,C00142,S005,2026-07-21 21:33:24,2026-07-22 02:50:24,completed,online,PR015,2515,400.0,105.75,2220.75,PKR
O002695,C00276,S004,2026-06-20 12:04:57,2026-06-20 19:32:57,completed,store,,7285,0.0,364.25,7649.25,PKR
O002696,C00361,S003,2026-07-01 10:15:28,2026-07-01 12:46:28,completed,store,,2820,0.0,141.0,2961.0,PKR
O002697,C00175,S006,2026-08-11 23:02:12,2026-08-12 04:43:12,completed,store,PR013,1000,40.0,48.0,1008.0,PKR
O002698,C00426,S005,2026-06-04 21:40:38,2026-06-05 03:36:38,completed,store,PR008,1570,250.0,66.0,1386.0,PKR
O002699,C00152,S005,2026-06-09 02:41:13,2026-06-09 13:47:13,completed,store,PR008,7015,250.0,338.25,7103.25,PKR
O002700,C00116,S004,2026-06-24 08:27:38,2026-06-24 08:29:38,completed,online,,3265,0.0,163.25,3428.25,PKR
O002701,C00055,S005,2026-07-03 20:54:43,2026-07-04 05:11:43,completed,store,,1395,0.0,69.75,1464.75,PKR
O002702,C00330,S004,2026-06-12 15:04:03,2026-06-12 17:35:03,completed,store,PR005,6075,425.25,282.49,5932.24,PKR
O002703,C00142,S004,2026-08-12 20:41:45,2026-08-13 08:29:45,completed,store,,1650,0.0,82.5,1732.5,PKR
O002704,C00186,S001,2026-08-08 22:28:04,2026-08-09 05:40:04,completed,store,,1915,0.0,95.75,2010.75,PKR
O002705,C00203,S002,2026-08-28 02:30:52,2026-08-28 12:26:52,completed,store,,3835,0.0,191.75,4026.75,PKR
O002706,C00454,S005,2026-07-18 07:13:52,2026-07-18 18:23:52,completed,online,PR010,1555,300.0,62.75,1317.75,PKR
O002707,C00208,S003,2026-07-01 19:12:29,2026-07-01 19:57:29,completed,online,,4285,0.0,214.25,4499.25,PKR
O002708,C00744,S002,2026-07-25 10:32:20,2026-07-25 17:36:20,completed,store,PR013,4170,166.8,200.16,4203.36,PKR
O002709,C00403,S003,2026-06-06 18:13:25,2026-06-07 04:12:25,completed,store,PR003,6905,828.6,303.82,6380.22,PKR
O002710,C00179,S006,2026-07-07 07:26:47,2026-07-07 14:59:47,completed,store,,4070,0.0,203.5,4273.5,PKR
O002711,C00472,S006,2026-06-20 15:12:11,2026-06-20 19:08:11,completed,online,PR004,2255,338.25,95.84,2012.59,PKR
O002712,C00098,S005,2026-06-24 06:02:48,2026-06-24 06:18:48,completed,store,,2555,0.0,127.75,2682.75,PKR
O002713,C00201,S004,2026-08-25 20:12:30,2026-08-26 05:14:30,completed,store,,1655,0.0,82.75,1737.75,PKR
O002714,C00159,S006,2026-08-02 07:33:26,2026-08-02 17:29:26,completed,store,PR013,620,24.8,29.76,624.96,PKR
O002715,C00654,S004,2026-08-04 17:11:57,2026-08-04 18:26:57,completed,store,,390,0.0,19.5,409.5,PKR
O002716,C00527,S003,2026-08-21 06:15:03,2026-08-21 12:17:03,completed,store,,3085,0.0,154.25,3239.25,PKR
O002717,C00423,S002,2026-08-06 02:08:25,2026-08-06 07:26:25,completed,store,PR013,4990,199.6,239.52,5029.92,PKR
O002718,C00234,S001,2026-07-24 13:25:40,2026-07-24 22:43:40,completed,store,,5895,0.0,294.75,6189.75,PKR
O002719,C00334,S004,2026-08-17 06:53:39,2026-08-17 11:28:39,completed,store,PR001,6840,684.0,307.8,6463.8,PKR
O002720,C00387,S002,2026-07-06 08:16:58,2026-07-06 15:02:58,completed,store,,1000,0.0,50.0,1050.0,PKR
O002721,C00348,S003,2026-08-10 09:24:48,2026-08-10 10:14:48,completed,store,,5565,0.0,278.25,5843.25,PKR
O002722,C00273,S005,2026-08-01 16:19:01,2026-08-02 03:07:01,completed,store,PR006,2605,260.5,117.23,2461.73,PKR
O002723,C00227,S005,2026-06-19 18:29:37,2026-06-20 05:05:37,completed,online,PR003,2325,279.0,102.3,2148.3,PKR
O002724,C00266,S004,2026-06-28 22:37:30,2026-06-29 08:06:30,cancelled,store,PR002,3795,303.6,174.57,3665.97,PKR
O002725,C00288,S005,2026-07-03 12:21:55,2026-07-03 20:39:55,completed,store,,605,0.0,30.25,635.25,PKR
O002726,C00236,S005,2026-07-19 22:00:36,2026-07-20 09:34:36,completed,online,PR012,760,38.0,36.1,758.1,PKR
O002727,C00422,S001,2026-08-28 15:16:56,2026-08-28 19:52:56,completed,store,,7425,0.0,371.25,7796.25,PKR
O002728,C00659,S005,2026-08-21 07:29:26,2026-08-21 13:37:26,completed,store,PR009,8035,300.0,386.75,8121.75,PKR
O002729,C00613,S006,2026-06-05 09:24:53,2026-06-05 19:15:53,completed,store,,440,0.0,22.0,462.0,PKR
O002730,C00015,S003,2026-07-18 07:04:53,2026-07-18 15:14:53,completed,store,,4105,0.0,205.25,4310.25,PKR
O002731,C00296,S005,2026-07-08 04:30:12,2026-07-08 12:41:12,completed,store,,10110,0.0,505.5,10615.5,PKR
O002732,C00117,S006,2026-08-02 06:59:14,2026-08-02 10:09:14,completed,online,,3235,0.0,161.75,3396.75,PKR
O002733,C00637,S004,2026-07-11 01:15:19,2026-07-11 11:48:19,completed,store,,2240,0.0,112.0,2352.0,PKR
O002734,C00429,S005,2026-08-25 22:09:34,2026-08-25 23:40:34,completed,online,,5855,0.0,292.75,6147.75,PKR
O002735,C00382,S001,2026-06-15 00:10:55,2026-06-15 02:09:55,completed,store,PR002,1680,134.4,77.28,1622.88,PKR
O002736,C00427,S004,2026-07-11 05:33:50,2026-07-11 09:04:50,completed,store,,2405,0.0,120.25,2525.25,PKR
O002737,C00203,S004,2026-07-18 12:13:19,2026-07-18 22:58:19,completed,store,PR012,3135,156.75,148.91,3127.16,PKR
O002738,C00157,S002,2026-06-17 13:15:53,2026-06-17 20:27:53,completed,store,,530,0.0,26.5,556.5,PKR
O002739,C00411,S004,2026-08-20 14:42:25,2026-08-20 18:19:25,cancelled,store,,3440,0.0,172.0,3612.0,PKR
O002740,C00225,S004,2026-08-20 05:17:23,2026-08-20 14:01:23,completed,store,,5010,0.0,250.5,5260.5,PKR
O002741,C00650,S004,2026-08-14 22:48:44,2026-08-15 07:52:44,completed,online,,1815,0.0,90.75,1905.75,PKR
O002742,C00160,S006,2026-06-08 14:30:51,2026-06-08 18:22:51,completed,online,,6180,0.0,309.0,6489.0,PKR
O002743,C00227,S002,2026-08-22 22:23:12,2026-08-22 23:34:12,completed,store,PR009,5630,300.0,266.5,5596.5,PKR
O002744,C00105,S004,2026-06-08 03:48:30,2026-06-08 04:35:30,completed,online,PR014,2175,239.25,96.79,2032.54,PKR
O002745,C00680,S004,2026-07-25 08:16:55,2026-07-25 17:21:55,completed,store,,4440,0.0,222.0,4662.0,PKR
O002746,C00595,S001,2026-07-20 17:09:51,2026-07-20 18:53:51,completed,store,PR015,3290,400.0,144.5,3034.5,PKR
O002747,C00231,S001,2026-07-03 17:15:03,2026-07-04 02:57:03,completed,store,PR007,3185,286.65,144.92,3043.27,PKR
O002748,C00469,S003,2026-06-30 11:42:07,2026-06-30 19:33:07,completed,store,,5475,0.0,273.75,5748.75,PKR
O002749,C00126,S001,2026-06-01 21:38:15,2026-06-02 08:32:15,completed,store,PR008,1125,250.0,43.75,918.75,PKR
O002750,C00118,S002,2026-07-26 00:44:55,2026-07-26 09:07:55,completed,store,,4440,0.0,222.0,4662.0,PKR
O002751,C00554,S001,2026-07-13 19:04:22,2026-07-13 21:05:22,completed,store,PR012,3345,167.25,158.89,3336.64,PKR
O002752,C00210,S002,2026-08-31 15:26:07,2026-08-31 22:05:07,completed,online,,825,0.0,41.25,866.25,PKR
O002753,C00153,S001,2026-07-23 10:27:24,2026-07-23 21:54:24,completed,store,,2435,0.0,121.75,2556.75,PKR
O002754,C00459,S002,2026-06-16 22:38:42,2026-06-17 00:35:42,completed,online,,7355,0.0,367.75,7722.75,PKR
O002755,C00559,S006,2026-08-26 10:37:26,2026-08-26 11:57:26,completed,store,,7415,0.0,370.75,7785.75,PKR
O002756,C00581,S003,2026-08-05 13:42:33,2026-08-05 23:35:33,completed,store,,8340,0.0,417.0,8757.0,PKR
O002757,C00090,S002,2026-07-07 04:43:34,2026-07-07 12:32:34,completed,online,PR012,2880,144.0,136.8,2872.8,PKR
O002758,C00183,S004,2026-06-09 23:51:33,2026-06-10 02:36:33,completed,store,,1485,0.0,74.25,1559.25,PKR
O002759,C00379,S002,2026-07-22 03:52:01,2026-07-22 11:43:01,completed,store,PR012,3540,177.0,168.15,3531.15,PKR
O002760,C00440,S002,2026-08-07 13:24:03,2026-08-07 22:03:03,completed,store,,540,0.0,27.0,567.0,PKR
O002761,C00195,S001,2026-06-14 20:55:47,2026-06-15 01:44:47,completed,store,PR005,1060,74.2,49.29,1035.09,PKR
O002762,C00333,S001,2026-07-18 21:57:20,2026-07-19 00:37:20,completed,store,,3395,0.0,169.75,3564.75,PKR
O002763,C00634,S003,2026-06-22 00:56:46,2026-06-22 10:28:46,completed,store,,2950,0.0,147.5,3097.5,PKR
O002764,C00415,S006,2026-07-23 04:36:34,2026-07-23 06:46:34,completed,store,,1635,0.0,81.75,1716.75,PKR
O002765,C00689,S004,2026-06-19 11:31:58,2026-06-19 22:40:58,completed,store,,2450,0.0,122.5,2572.5,PKR
O002766,C00132,S004,2026-08-15 14:47:25,2026-08-15 23:11:25,completed,store,,1895,0.0,94.75,1989.75,PKR
O002767,C00410,S003,2026-08-21 17:18:15,2026-08-22 04:12:15,completed,store,PR001,3270,327.0,147.15,3090.15,PKR
O002768,C00371,S005,2026-07-31 16:48:13,2026-08-01 02:10:13,completed,store,PR013,3810,152.4,182.88,3840.48,PKR
O002769,C00724,S002,2026-07-09 10:27:01,2026-07-09 20:17:01,completed,store,,3310,0.0,165.5,3475.5,PKR
O002770,C00614,S004,2026-06-29 00:39:08,2026-06-29 09:01:08,completed,store,,1730,0.0,86.5,1816.5,PKR
O002771,C00326,S005,2026-08-27 05:09:07,2026-08-27 15:43:07,completed,store,,5780,0.0,289.0,6069.0,PKR
O002772,C00494,S006,2026-06-02 05:35:15,2026-06-02 09:00:15,completed,store,,730,0.0,36.5,766.5,PKR
O002773,C00711,S004,2026-08-12 02:30:46,2026-08-12 11:19:46,completed,store,,1835,0.0,91.75,1926.75,PKR
O002774,C00193,S003,2026-08-10 08:56:49,2026-08-10 13:47:49,completed,store,PR013,1100,44.0,52.8,1108.8,PKR
O002775,C00137,S005,2026-07-07 12:30:25,2026-07-07 21:37:25,completed,online,,6730,0.0,336.5,7066.5,PKR
O002776,C00634,S004,2026-06-09 06:25:27,2026-06-09 13:18:27,completed,store,PR014,2675,294.25,119.04,2499.79,PKR
O002777,C00001,S003,2026-06-13 23:14:05,2026-06-13 23:31:05,completed,store,,3375,0.0,168.75,3543.75,PKR
O002778,C00511,S006,2026-08-09 11:05:06,2026-08-09 14:02:06,completed,store,,1930,0.0,96.5,2026.5,PKR
O002779,C00422,S005,2026-07-25 21:23:37,2026-07-26 00:15:37,completed,online,,1110,0.0,55.5,1165.5,PKR
O002780,C00527,S002,2026-07-21 04:05:15,2026-07-21 08:48:15,completed,store,,1930,0.0,96.5,2026.5,PKR
O002781,C00391,S001,2026-08-10 15:43:24,2026-08-10 22:37:24,completed,store,PR013,2465,98.6,118.32,2484.72,PKR
O002782,C00034,S005,2026-07-22 15:21:16,2026-07-22 23:36:16,completed,store,,4415,0.0,220.75,4635.75,PKR
O002783,C00036,S005,2026-08-06 23:36:42,2026-08-07 00:32:42,completed,store,,1755,0.0,87.75,1842.75,PKR
O002784,C00466,S005,2026-08-28 11:03:39,2026-08-28 18:37:39,completed,store,,5260,0.0,263.0,5523.0,PKR
O002785,C00023,S001,2026-08-03 02:17:10,2026-08-03 06:49:10,completed,online,,450,0.0,22.5,472.5,PKR
O002786,C00660,S003,2026-07-18 07:44:23,2026-07-18 17:46:23,completed,store,,955,0.0,47.75,1002.75,PKR
O002787,C00282,S006,2026-07-15 03:47:04,2026-07-15 11:41:04,completed,store,PR012,7290,364.5,346.28,7271.78,PKR
O002788,C00082,S005,2026-07-10 16:05:47,2026-07-11 01:16:47,completed,store,,4825,0.0,241.25,5066.25,PKR
O002789,C00671,S005,2026-08-19 12:50:05,2026-08-19 19:54:05,completed,store,PR009,185,46.25,6.94,145.69,PKR
O002790,C00598,S003,2026-07-11 14:50:07,2026-07-11 17:02:07,completed,online,,2910,0.0,145.5,3055.5,PKR
O002791,C00233,S006,2026-07-05 22:55:32,2026-07-06 09:27:32,completed,online,PR012,1620,81.0,76.95,1615.95,PKR
O002792,C00446,S006,2026-06-02 17:20:32,2026-06-02 19:27:32,completed,store,PR008,2030,250.0,89.0,1869.0,PKR
O002793,C00620,S005,2026-08-16 20:24:26,2026-08-17 05:00:26,completed,store,,8725,0.0,436.25,9161.25,PKR
O002794,C00620,S005,2026-07-19 11:34:41,2026-07-19 18:57:41,completed,store,,5045,0.0,252.25,5297.25,PKR
O002795,C00456,S006,2026-08-05 23:06:39,2026-08-06 08:58:39,completed,store,,5455,0.0,272.75,5727.75,PKR
O002796,C00213,S002,2026-06-13 18:30:35,2026-06-13 21:16:35,completed,store,,1945,0.0,97.25,2042.25,PKR
O002797,C00498,S002,2026-07-22 12:47:06,2026-07-22 16:42:06,completed,store,,6075,0.0,303.75,6378.75,PKR
O002798,C00674,S006,2026-07-18 14:56:52,2026-07-18 14:57:52,completed,online,,910,0.0,45.5,955.5,PKR
O002799,C00248,S001,2026-06-06 20:02:25,2026-06-06 21:26:25,completed,store,,2425,0.0,121.25,2546.25,PKR
O002800,C00732,S003,2026-08-24 09:40:29,2026-08-24 14:30:29,completed,online,,1530,0.0,76.5,1606.5,PKR
O002801,C00135,S003,2026-07-09 17:25:04,2026-07-10 05:13:04,completed,store,,6620,0.0,331.0,6951.0,PKR
O002802,C00712,S002,2026-06-24 02:46:51,2026-06-24 11:05:51,completed,store,,5220,0.0,261.0,5481.0,PKR
O002803,C00309,S002,2026-06-20 15:55:48,2026-06-21 03:38:48,completed,store,,2525,0.0,126.25,2651.25,PKR
O002804,C00070,S004,2026-08-12 07:54:45,2026-08-12 12:59:45,completed,store,,2430,0.0,121.5,2551.5,PKR
O002805,C00259,S004,2026-06-24 14:48:51,2026-06-25 02:17:51,completed,store,,1090,0.0,54.5,1144.5,PKR
O002806,C00241,S005,2026-06-16 01:07:22,2026-06-16 04:16:22,completed,store,PR005,385,26.95,17.9,375.95,PKR
O002807,C00441,S003,2026-08-11 05:15:10,2026-08-11 11:15:10,completed,store,,1260,0.0,63.0,1323.0,PKR
O002808,C00450,S003,2026-08-07 15:12:37,2026-08-07 17:26:37,completed,store,PR013,10375,415.0,498.0,10458.0,PKR
O002809,C00473,S001,2026-08-19 09:46:59,2026-08-19 17:16:59,completed,online,,3640,0.0,182.0,3822.0,PKR
O002810,C00287,S006,2026-07-28 23:29:04,2026-07-29 11:18:04,completed,store,,3420,0.0,171.0,3591.0,PKR
O002811,C00187,S003,2026-07-21 21:49:05,2026-07-22 07:49:05,completed,store,PR012,7000,350.0,332.5,6982.5,PKR
O002812,C00642,S001,2026-07-07 07:32:27,2026-07-07 16:24:27,returned,store,,3640,0.0,182.0,3822.0,PKR
O002813,C00193,S003,2026-08-01 08:32:37,2026-08-01 11:32:37,completed,store,PR013,4110,164.4,197.28,4142.88,PKR
O002814,C00734,S002,2026-07-09 00:03:56,2026-07-09 01:10:56,completed,store,PR012,4335,216.75,205.91,4324.16,PKR
O002815,C00570,S001,2026-06-28 12:38:33,2026-06-28 14:20:33,completed,store,PR002,4720,377.6,217.12,4559.52,PKR
O002816,C00587,S004,2026-07-23 07:04:49,2026-07-23 10:45:49,completed,store,PR015,1060,265.0,39.75,834.75,PKR
O002817,C00409,S002,2026-06-15 04:53:56,2026-06-15 07:48:56,completed,online,PR014,4045,444.95,180.0,3780.05,PKR
O002818,C00505,S004,2026-06-28 14:25:22,2026-06-28 22:28:22,completed,online,,3935,0.0,196.75,4131.75,PKR
O002819,C00352,S005,2026-06-22 15:31:41,2026-06-23 00:15:41,cancelled,store,,3070,0.0,153.5,3223.5,PKR
O002820,C00749,S006,2026-08-01 15:01:33,2026-08-01 21:15:33,completed,store,PR013,9180,367.2,440.64,9253.44,PKR
O002821,C00082,S001,2026-08-16 19:22:46,2026-08-17 00:22:46,completed,online,PR009,7530,300.0,361.5,7591.5,PKR
O002822,C00450,S005,2026-08-16 11:57:42,2026-08-16 14:26:42,completed,store,PR001,1860,186.0,83.7,1757.7,PKR
O002823,C00696,S005,2026-07-03 17:58:30,2026-07-03 22:30:30,completed,store,,5975,0.0,298.75,6273.75,PKR
O002824,C00521,S003,2026-06-01 22:01:16,2026-06-02 04:01:16,completed,store,,970,0.0,48.5,1018.5,PKR
O002825,C00461,S001,2026-08-16 20:12:48,2026-08-17 03:09:48,completed,store,PR001,11730,1173.0,527.85,11084.85,PKR
O002826,C00409,S006,2026-07-11 23:39:14,2026-07-12 08:56:14,completed,store,,1700,0.0,85.0,1785.0,PKR
O002827,C00342,S004,2026-08-25 02:11:29,2026-08-25 05:03:29,completed,store,PR009,3885,300.0,179.25,3764.25,PKR
O002828,C00061,S002,2026-08-11 09:21:19,2026-08-11 15:04:19,completed,store,,1860,0.0,93.0,1953.0,PKR
O002829,C00350,S001,2026-06-02 13:07:56,2026-06-02 22:46:56,completed,store,,8300,0.0,415.0,8715.0,PKR
O002830,C00144,S002,2026-08-20 23:11:51,2026-08-21 04:59:51,completed,online,,5810,0.0,290.5,6100.5,PKR
O002831,C00408,S005,2026-07-21 19:59:04,2026-07-22 04:31:04,completed,store,,2045,0.0,102.25,2147.25,PKR
O002832,C00099,S001,2026-08-10 23:01:05,2026-08-10 23:26:05,completed,store,,3980,0.0,199.0,4179.0,PKR
O002833,C00489,S004,2026-06-16 00:56:27,2026-06-16 08:49:27,completed,store,,1025,0.0,51.25,1076.25,PKR
O002834,C00636,S006,2026-06-02 07:02:06,2026-06-02 14:50:06,completed,store,,2915,0.0,145.75,3060.75,PKR
O002835,C00501,S001,2026-07-02 11:05:02,2026-07-02 17:24:02,completed,online,PR002,6285,502.8,289.11,6071.31,PKR
O002836,C00229,S006,2026-07-23 21:52:16,2026-07-24 09:25:16,completed,store,,6535,0.0,326.75,6861.75,PKR
O002837,C00399,S005,2026-08-14 23:32:27,2026-08-15 10:18:27,completed,online,PR009,4665,300.0,218.25,4583.25,PKR
O002838,C00501,S005,2026-08-22 21:54:15,2026-08-23 03:34:15,completed,store,,4635,0.0,231.75,4866.75,PKR
O002839,C00734,S001,2026-08-13 17:10:34,2026-08-13 22:28:34,completed,store,PR009,1805,300.0,75.25,1580.25,PKR
O002840,C00624,S004,2026-06-15 04:35:55,2026-06-15 08:29:55,completed,store,,2460,0.0,123.0,2583.0,PKR
O002841,C00661,S003,2026-07-22 04:46:10,2026-07-22 11:50:10,completed,store,,185,0.0,9.25,194.25,PKR
O002842,C00460,S003,2026-06-03 10:24:01,2026-06-03 16:05:01,completed,store,PR014,3215,353.65,143.07,3004.42,PKR
O002843,C00624,S005,2026-06-09 09:41:07,2026-06-09 14:38:07,completed,store,,3395,0.0,169.75,3564.75,PKR
O002844,C00451,S006,2026-06-24 04:53:09,2026-06-24 11:19:09,completed,store,,4380,0.0,219.0,4599.0,PKR
O002845,C00465,S004,2026-08-02 00:19:38,2026-08-02 02:41:38,completed,online,PR013,2970,118.8,142.56,2993.76,PKR
O002846,C00027,S002,2026-06-22 01:12:47,2026-06-22 01:29:47,completed,store,,1785,0.0,89.25,1874.25,PKR
O002847,C00212,S001,2026-06-24 15:50:48,2026-06-24 22:08:48,completed,store,,3075,0.0,153.75,3228.75,PKR
O002848,C00475,S002,2026-08-17 13:59:52,2026-08-17 22:00:52,completed,store,,1110,0.0,55.5,1165.5,PKR
O002849,C00168,S005,2026-07-13 09:41:14,2026-07-13 19:07:14,completed,store,,2885,0.0,144.25,3029.25,PKR
O002850,C00672,S003,2026-08-11 14:31:49,2026-08-12 02:19:49,completed,store,,4120,0.0,206.0,4326.0,PKR
O002851,C00712,S004,2026-07-23 12:12:59,2026-07-23 22:19:59,completed,store,PR015,4930,400.0,226.5,4756.5,PKR
O002852,C00512,S001,2026-06-23 04:55:45,2026-06-23 06:17:45,returned,online,,3685,0.0,184.25,3869.25,PKR
O002853,C00252,S002,2026-07-14 15:30:02,2026-07-14 17:13:02,completed,store,,600,0.0,30.0,630.0,PKR
O002854,C00528,S005,2026-08-15 08:58:09,2026-08-15 13:38:09,completed,store,,1145,0.0,57.25,1202.25,PKR
O002855,C00676,S004,2026-06-20 17:05:51,2026-06-21 03:43:51,completed,store,,1470,0.0,73.5,1543.5,PKR
O002856,C00659,S006,2026-08-23 11:28:50,2026-08-23 19:02:50,completed,store,,1930,0.0,96.5,2026.5,PKR
O002857,C00164,S001,2026-06-25 17:10:40,2026-06-25 22:32:40,completed,store,PR002,1840,147.2,84.64,1777.44,PKR
O002858,C00327,S002,2026-07-30 15:40:06,2026-07-30 18:58:06,completed,store,,1495,0.0,74.75,1569.75,PKR
O002859,C00015,S001,2026-06-27 21:58:37,2026-06-28 08:38:37,completed,store,,2205,0.0,110.25,2315.25,PKR
O002860,C00702,S001,2026-08-28 01:23:41,2026-08-28 10:54:41,completed,store,,1955,0.0,97.75,2052.75,PKR
O002861,C00097,S005,2026-08-23 10:15:23,2026-08-23 18:20:23,completed,online,PR001,3640,364.0,163.8,3439.8,PKR
O002862,C00037,S003,2026-07-24 04:38:04,2026-07-24 12:16:04,completed,online,,2520,0.0,126.0,2646.0,PKR
O002863,C00231,S006,2026-08-15 22:43:06,2026-08-15 23:31:06,cancelled,store,PR009,1690,300.0,69.5,1459.5,PKR
O002864,C00399,S001,2026-07-13 01:53:08,2026-07-13 07:18:08,completed,store,,3675,0.0,183.75,3858.75,PKR
O002865,C00197,S005,2026-06-06 03:38:33,2026-06-06 05:39:33,completed,store,,3225,0.0,161.25,3386.25,PKR
O002866,C00312,S002,2026-06-13 19:31:56,2026-06-13 21:51:56,completed,store,,225,0.0,11.25,236.25,PKR
O002867,C00545,S002,2026-07-25 00:47:30,2026-07-25 07:42:30,completed,store,,4520,0.0,226.0,4746.0,PKR
O002868,C00630,S002,2026-08-25 06:05:14,2026-08-25 09:14:14,cancelled,store,PR001,6575,657.5,295.88,6213.38,PKR
O002869,C00348,S004,2026-08-12 09:00:43,2026-08-12 12:37:43,completed,store,PR006,4205,420.5,189.23,3973.73,PKR
O002870,C00396,S004,2026-06-04 09:23:02,2026-06-04 11:45:02,completed,store,PR008,4230,250.0,199.0,4179.0,PKR
O002871,C00142,S005,2026-06-24 07:09:34,2026-06-24 12:33:34,completed,online,,1445,0.0,72.25,1517.25,PKR
O002872,C00576,S002,2026-08-14 06:02:30,2026-08-14 08:43:30,completed,store,PR001,1995,199.5,89.78,1885.28,PKR
O002873,C00607,S001,2026-07-24 23:40:53,2026-07-25 06:39:53,completed,store,PR015,4360,400.0,198.0,4158.0,PKR
O002874,C00418,S006,2026-06-30 06:38:53,2026-06-30 15:38:53,completed,store,,9015,0.0,450.75,9465.75,PKR
O002875,C00180,S005,2026-06-15 07:47:51,2026-06-15 11:46:51,completed,store,,8720,0.0,436.0,9156.0,PKR
O002876,C00171,S003,2026-07-19 06:08:20,2026-07-19 13:06:20,completed,store,,5155,0.0,257.75,5412.75,PKR
O002877,C00656,S006,2026-06-02 11:39:30,2026-06-02 19:48:30,completed,store,PR005,2445,171.15,113.69,2387.54,PKR
O002878,C00333,S001,2026-08-27 11:35:32,2026-08-27 21:58:32,completed,store,,2020,0.0,101.0,2121.0,PKR
O002879,C00134,S006,2026-07-14 07:10:38,2026-07-14 16:06:38,completed,store,,1530,0.0,76.5,1606.5,PKR
O002880,C00081,S001,2026-08-22 08:32:18,2026-08-22 09:17:18,completed,store,,1260,0.0,63.0,1323.0,PKR
O002881,C00527,S002,2026-06-04 02:33:43,2026-06-04 05:46:43,completed,store,,7740,0.0,387.0,8127.0,PKR
O002882,C00571,S002,2026-08-01 16:34:12,2026-08-01 21:49:12,completed,store,,545,0.0,27.25,572.25,PKR
O002883,C00083,S003,2026-07-14 05:21:25,2026-07-14 14:00:25,completed,store,PR015,6680,400.0,314.0,6594.0,PKR
O002884,C00423,S002,2026-06-11 10:02:43,2026-06-11 21:03:43,completed,store,,905,0.0,45.25,950.25,PKR
O002885,C00529,S001,2026-07-22 01:48:20,2026-07-22 08:47:20,cancelled,store,,6955,0.0,347.75,7302.75,PKR
O002886,C00196,S004,2026-07-10 02:56:49,2026-07-10 10:59:49,completed,store,,1300,0.0,65.0,1365.0,PKR
O002887,C00277,S005,2026-06-21 05:23:45,2026-06-21 15:04:45,completed,store,,2660,0.0,133.0,2793.0,PKR
O002888,C00291,S006,2026-06-29 11:24:18,2026-06-29 11:35:18,returned,store,,855,0.0,42.75,897.75,PKR
O002889,C00016,S002,2026-08-09 23:24:59,2026-08-10 10:49:59,completed,store,,3250,0.0,162.5,3412.5,PKR
O002890,C00532,S005,2026-06-19 19:46:07,2026-06-20 01:32:07,completed,store,PR002,1675,134.0,77.05,1618.05,PKR
O002891,C00684,S005,2026-07-05 15:18:48,2026-07-05 19:01:48,completed,store,,5235,0.0,261.75,5496.75,PKR
O002892,C00420,S002,2026-06-10 20:46:37,2026-06-11 04:18:37,completed,store,PR008,1700,250.0,72.5,1522.5,PKR
O002893,C00384,S005,2026-07-07 12:19:43,2026-07-07 15:38:43,completed,store,PR011,760,45.6,35.72,750.12,PKR
O002894,C00354,S003,2026-07-11 06:43:01,2026-07-11 09:57:01,completed,store,,9255,0.0,462.75,9717.75,PKR
O002895,C00178,S004,2026-06-21 04:03:45,2026-06-21 13:58:45,completed,store,,1110,0.0,55.5,1165.5,PKR
O002896,C00631,S001,2026-07-21 05:47:13,2026-07-21 14:13:13,completed,store,,1630,0.0,81.5,1711.5,PKR
O002897,C00247,S006,2026-06-30 23:58:22,2026-07-01 11:26:22,completed,online,,4735,0.0,236.75,4971.75,PKR
O002898,C00574,S001,2026-08-02 15:43:34,2026-08-02 18:04:34,completed,store,,7630,0.0,381.5,8011.5,PKR
O002899,C00430,S004,2026-07-31 15:20:52,2026-07-31 17:00:52,completed,store,,5015,0.0,250.75,5265.75,PKR
O002900,C00102,S003,2026-06-17 03:27:22,2026-06-17 04:51:22,completed,store,PR014,2340,257.4,104.13,2186.73,PKR
O002901,C00529,S001,2026-06-21 19:19:02,2026-06-22 06:56:02,completed,store,PR005,935,65.45,43.48,913.03,PKR
O002902,C00486,S006,2026-08-12 06:35:55,2026-08-12 16:06:55,completed,store,,3785,0.0,189.25,3974.25,PKR
O002903,C00320,S006,2026-08-31 10:25:35,2026-08-31 12:49:35,completed,store,,5545,0.0,277.25,5822.25,PKR
O002904,C00283,S006,2026-07-29 03:08:46,2026-07-29 13:09:46,completed,store,PR013,4060,162.4,194.88,4092.48,PKR
O002905,C00560,S002,2026-06-30 11:53:33,2026-06-30 22:46:33,completed,online,,8790,0.0,439.5,9229.5,PKR
O002906,C00597,S006,2026-07-21 18:57:12,2026-07-22 06:00:12,completed,store,PR015,1740,400.0,67.0,1407.0,PKR
O002907,C00154,S006,2026-07-26 20:32:48,2026-07-27 00:54:48,completed,online,PR015,5510,400.0,255.5,5365.5,PKR
O002908,C00201,S006,2026-08-07 21:25:40,2026-08-08 07:05:40,completed,store,PR013,2100,84.0,100.8,2116.8,PKR
O002909,C00613,S006,2026-07-25 00:52:01,2026-07-25 06:36:01,completed,store,PR012,1885,94.25,89.54,1880.29,PKR
O002910,C00187,S001,2026-06-28 17:10:47,2026-06-29 01:44:47,completed,store,,7110,0.0,355.5,7465.5,PKR
O002911,C00534,S004,2026-06-19 05:06:42,2026-06-19 11:48:42,cancelled,store,,1440,0.0,72.0,1512.0,PKR
O002912,C00073,S006,2026-07-06 20:12:25,2026-07-07 05:04:25,completed,store,,4155,0.0,207.75,4362.75,PKR
O002913,C00207,S002,2026-08-25 13:04:26,2026-08-25 18:12:26,completed,store,PR001,215,21.5,9.68,203.18,PKR
O002914,C00170,S003,2026-07-11 23:55:02,2026-07-12 07:58:02,completed,store,,1145,0.0,57.25,1202.25,PKR
O002915,C00090,S003,2026-07-07 00:45:58,2026-07-07 05:57:58,completed,online,,4020,0.0,201.0,4221.0,PKR
O002916,C00746,S002,2026-06-06 22:13:06,2026-06-07 04:04:06,completed,store,PR003,12570,1508.4,553.08,11614.68,PKR
O002917,C00275,S006,2026-08-27 14:32:19,2026-08-27 19:02:19,completed,store,PR001,9095,909.5,409.28,8594.78,PKR
O002918,C00191,S004,2026-07-15 04:00:44,2026-07-15 13:18:44,completed,online,,1490,0.0,74.5,1564.5,PKR
O002919,C00463,S006,2026-06-24 04:47:35,2026-06-24 09:23:35,completed,store,,1425,0.0,71.25,1496.25,PKR
O002920,C00507,S006,2026-08-13 12:40:23,2026-08-13 19:19:23,completed,store,,2020,0.0,101.0,2121.0,PKR
O002921,C00175,S002,2026-06-28 23:24:19,2026-06-29 08:24:19,completed,store,,2545,0.0,127.25,2672.25,PKR
O002922,C00531,S003,2026-08-31 21:20:15,2026-08-31 22:44:15,completed,store,PR009,4165,300.0,193.25,4058.25,PKR
O002923,C00660,S006,2026-07-11 14:53:42,2026-07-11 22:40:42,completed,store,,3920,0.0,196.0,4116.0,PKR
O002924,C00586,S004,2026-07-22 21:15:43,2026-07-23 04:34:43,completed,store,,2445,0.0,122.25,2567.25,PKR
O002925,C00735,S006,2026-08-05 07:32:42,2026-08-05 16:46:42,completed,online,,845,0.0,42.25,887.25,PKR
O002926,C00576,S004,2026-06-07 15:37:14,2026-06-07 19:17:14,completed,online,,595,0.0,29.75,624.75,PKR
O002927,C00667,S001,2026-08-27 14:49:53,2026-08-27 19:59:53,completed,online,PR001,5280,528.0,237.6,4989.6,PKR
O002928,C00144,S003,2026-06-26 22:10:50,2026-06-27 05:08:50,completed,online,,1805,0.0,90.25,1895.25,PKR
O002929,C00105,S006,2026-06-08 23:41:36,2026-06-09 11:23:36,completed,store,PR014,3870,425.7,172.22,3616.52,PKR
O002930,C00361,S006,2026-07-05 08:24:17,2026-07-05 15:04:17,completed,store,,1395,0.0,69.75,1464.75,PKR
O002931,C00711,S006,2026-06-30 10:57:31,2026-06-30 13:47:31,completed,store,,4245,0.0,212.25,4457.25,PKR
O002932,C00454,S004,2026-08-26 13:37:39,2026-08-26 15:37:39,returned,store,PR009,6785,300.0,324.25,6809.25,PKR
O002933,C00546,S006,2026-06-04 07:36:21,2026-06-04 13:03:21,completed,store,,1960,0.0,98.0,2058.0,PKR
O002934,C00720,S004,2026-08-21 05:51:52,2026-08-21 06:53:52,completed,store,,4300,0.0,215.0,4515.0,PKR
O002935,C00271,S003,2026-07-10 12:51:11,2026-07-10 19:43:11,completed,store,,980,0.0,49.0,1029.0,PKR
O002936,C00668,S006,2026-08-08 04:47:30,2026-08-08 13:14:30,completed,store,PR013,8925,357.0,428.4,8996.4,PKR
O002937,C00589,S002,2026-06-28 14:00:52,2026-06-29 00:22:52,completed,store,,1675,0.0,83.75,1758.75,PKR
O002938,C00521,S001,2026-07-02 04:07:17,2026-07-02 07:17:17,completed,store,,5810,0.0,290.5,6100.5,PKR
O002939,C00577,S001,2026-06-21 23:04:56,2026-06-22 01:07:56,completed,online,,6010,0.0,300.5,6310.5,PKR
O002940,C00121,S002,2026-06-11 18:16:10,2026-06-12 04:26:10,completed,store,,2930,0.0,146.5,3076.5,PKR
O002941,C00280,S005,2026-08-12 00:56:23,2026-08-12 10:56:23,completed,store,,5080,0.0,254.0,5334.0,PKR
O002942,C00404,S004,2026-08-20 19:16:16,2026-08-21 02:59:16,completed,store,,2530,0.0,126.5,2656.5,PKR
O002943,C00692,S006,2026-06-23 19:08:22,2026-06-24 01:12:22,completed,store,,3860,0.0,193.0,4053.0,PKR
O002944,C00658,S002,2026-08-01 16:33:03,2026-08-02 03:28:03,completed,store,,9090,0.0,454.5,9544.5,PKR
O002945,C00705,S003,2026-08-02 18:32:26,2026-08-02 18:49:26,completed,store,,1870,0.0,93.5,1963.5,PKR
O002946,C00233,S004,2026-08-02 10:14:42,2026-08-02 18:47:42,completed,online,PR006,5090,509.0,229.05,4810.05,PKR
O002947,C00570,S005,2026-06-12 01:42:10,2026-06-12 09:45:10,completed,store,,7925,0.0,396.25,8321.25,PKR
O002948,C00041,S006,2026-08-19 09:42:27,2026-08-19 13:40:27,completed,store,,1020,0.0,51.0,1071.0,PKR
O002949,C00635,S006,2026-08-21 22:23:06,2026-08-22 06:30:06,cancelled,store,PR001,2785,278.5,125.33,2631.83,PKR
O002950,C00018,S004,2026-08-30 05:32:13,2026-08-30 15:13:13,completed,online,PR009,3445,300.0,157.25,3302.25,PKR
O002951,C00174,S003,2026-08-28 00:58:41,2026-08-28 05:59:41,completed,store,,4810,0.0,240.5,5050.5,PKR
O002952,C00226,S005,2026-06-16 18:39:03,2026-06-17 01:26:03,completed,store,,4265,0.0,213.25,4478.25,PKR
O002953,C00638,S004,2026-08-04 05:55:58,2026-08-04 13:22:58,completed,store,PR013,12420,496.8,596.16,12519.36,PKR
O002954,C00679,S004,2026-08-06 01:25:38,2026-08-06 08:22:38,completed,store,PR013,815,32.6,39.12,821.52,PKR
O002955,C00648,S003,2026-07-17 10:09:20,2026-07-17 13:22:20,completed,store,,8950,0.0,447.5,9397.5,PKR
O002956,C00015,S001,2026-08-24 01:58:45,2026-08-24 06:39:45,completed,store,,4055,0.0,202.75,4257.75,PKR
O002957,C00015,S001,2026-08-21 05:26:10,2026-08-21 15:01:10,completed,store,PR009,4470,300.0,208.5,4378.5,PKR
O002958,C00330,S001,2026-08-26 09:36:01,2026-08-26 09:43:01,completed,online,,3110,0.0,155.5,3265.5,PKR
O002959,C00409,S002,2026-07-14 14:35:00,2026-07-14 20:14:00,completed,store,,3550,0.0,177.5,3727.5,PKR
O002960,C00167,S003,2026-06-24 04:50:13,2026-06-24 05:41:13,returned,online,,1800,0.0,90.0,1890.0,PKR
O002961,C00134,S003,2026-07-27 17:11:50,2026-07-27 23:48:50,completed,store,,2425,0.0,121.25,2546.25,PKR
O002962,C00230,S003,2026-06-25 12:46:03,2026-06-25 17:49:03,completed,store,,4865,0.0,243.25,5108.25,PKR
O002963,C00072,S001,2026-08-27 01:04:57,2026-08-27 11:07:57,completed,store,PR009,1700,300.0,70.0,1470.0,PKR
O002964,C00356,S001,2026-07-23 20:38:45,2026-07-24 00:55:45,completed,store,,600,0.0,30.0,630.0,PKR
O002965,C00616,S002,2026-07-04 18:29:11,2026-07-05 03:04:11,completed,store,,815,0.0,40.75,855.75,PKR
O002966,C00337,S005,2026-07-22 16:41:45,2026-07-22 22:55:45,completed,store,,4935,0.0,246.75,5181.75,PKR
O002967,C00291,S003,2026-07-27 03:45:01,2026-07-27 09:03:01,completed,store,,1845,0.0,92.25,1937.25,PKR
O002968,C00712,S004,2026-08-11 05:00:03,2026-08-11 07:21:03,completed,online,,3790,0.0,189.5,3979.5,PKR
O002969,C00620,S004,2026-08-05 03:49:18,2026-08-05 05:42:18,completed,store,,1655,0.0,82.75,1737.75,PKR
O002970,C00564,S005,2026-07-03 01:41:25,2026-07-03 07:13:25,completed,store,PR002,4140,331.2,190.44,3999.24,PKR
O002971,C00543,S004,2026-06-18 04:28:34,2026-06-18 09:18:34,completed,online,,2190,0.0,109.5,2299.5,PKR
O002972,C00644,S004,2026-06-16 11:31:15,2026-06-16 19:56:15,completed,store,,6020,0.0,301.0,6321.0,PKR
O002973,C00256,S002,2026-06-18 06:27:28,2026-06-18 10:38:28,completed,store,,3580,0.0,179.0,3759.0,PKR
O002974,C00118,S002,2026-07-08 15:22:09,2026-07-08 21:40:09,completed,store,PR015,2330,400.0,96.5,2026.5,PKR
O002975,C00207,S006,2026-06-25 11:40:18,2026-06-25 19:50:18,completed,store,,4355,0.0,217.75,4572.75,PKR
O002976,C00178,S006,2026-08-16 09:36:27,2026-08-16 20:20:27,completed,store,PR001,2150,215.0,96.75,2031.75,PKR
O002977,C00427,S006,2026-06-08 07:34:17,2026-06-08 19:32:17,completed,store,PR005,11000,770.0,511.5,10741.5,PKR
O002978,C00686,S006,2026-07-07 15:41:54,2026-07-07 17:54:54,completed,store,,5875,0.0,293.75,6168.75,PKR
O002979,C00410,S006,2026-07-02 19:57:21,2026-07-03 03:26:21,completed,store,,1595,0.0,79.75,1674.75,PKR
O002980,C00289,S002,2026-06-20 05:32:51,2026-06-20 12:24:51,completed,store,,2790,0.0,139.5,2929.5,PKR
O002981,C00303,S003,2026-08-11 06:07:12,2026-08-11 13:00:12,completed,online,,4240,0.0,212.0,4452.0,PKR
O002982,C00661,S003,2026-06-01 19:42:02,2026-06-02 04:49:02,completed,store,PR008,9360,250.0,455.5,9565.5,PKR
O002983,C00051,S001,2026-06-11 18:23:59,2026-06-12 00:24:59,completed,store,,1350,0.0,67.5,1417.5,PKR
O002984,C00150,S004,2026-06-17 09:13:43,2026-06-17 15:09:43,cancelled,store,PR014,1315,144.65,58.52,1228.87,PKR
O002985,C00293,S005,2026-06-25 04:48:38,2026-06-25 07:54:38,cancelled,online,PR002,10735,858.8,493.81,10370.01,PKR
O002986,C00051,S002,2026-08-14 20:03:18,2026-08-15 03:01:18,returned,store,,2665,0.0,133.25,2798.25,PKR
O002987,C00394,S006,2026-06-19 04:44:01,2026-06-19 16:02:01,completed,store,,3490,0.0,174.5,3664.5,PKR
O002988,C00572,S006,2026-06-13 00:53:40,2026-06-13 04:35:40,completed,store,,1560,0.0,78.0,1638.0,PKR
O002989,C00271,S003,2026-06-02 02:55:03,2026-06-02 09:13:03,completed,store,,1225,0.0,61.25,1286.25,PKR
O002990,C00449,S003,2026-06-07 05:18:22,2026-06-07 07:34:22,cancelled,store,PR014,2350,258.5,104.58,2196.08,PKR
O002991,C00290,S005,2026-07-02 20:14:13,2026-07-03 00:56:13,completed,store,,3505,0.0,175.25,3680.25,PKR
O002992,C00677,S001,2026-06-25 12:52:31,2026-06-25 20:58:31,completed,store,,3490,0.0,174.5,3664.5,PKR
O002993,C00474,S001,2026-07-03 04:53:39,2026-07-03 07:08:39,cancelled,online,,5370,0.0,268.5,5638.5,PKR
O002994,C00561,S004,2026-07-13 18:48:41,2026-07-14 03:09:41,completed,store,,4550,0.0,227.5,4777.5,PKR
O002995,C00634,S004,2026-08-15 09:17:33,2026-08-15 14:21:33,completed,store,,4290,0.0,214.5,4504.5,PKR
O002996,C00207,S006,2026-08-11 13:47:42,2026-08-11 18:19:42,completed,store,,1080,0.0,54.0,1134.0,PKR
O002997,C00050,S002,2026-08-08 04:29:55,2026-08-08 04:48:55,completed,store,,1700,0.0,85.0,1785.0,PKR
O002998,C00508,S002,2026-06-05 13:41:28,2026-06-05 20:56:28,completed,online,,1635,0.0,81.75,1716.75,PKR
O002999,C00434,S003,2026-06-07 21:15:53,2026-06-08 01:53:53,completed,store,PR008,545,136.25,20.44,429.19,PKR
O003000,C00504,S002,2026-06-11 02:24:24,2026-06-11 10:16:24,completed,store,PR005,10680,747.6,496.62,10429.02,PKR
O003001,C00334,S003,2026-08-11 03:06:18,2026-08-11 14:32:18,completed,store,,4240,0.0,212.0,4452.0,PKR
O003002,C00737,S005,2026-07-04 15:29:22,2026-07-04 21:16:22,completed,store,PR012,2250,112.5,106.88,2244.38,PKR
O003003,C00537,S003,2026-08-30 23:42:09,2026-08-31 08:39:09,completed,store,,2260,0.0,113.0,2373.0,PKR
O003004,C00641,S006,2026-06-11 17:56:24,2026-06-11 19:11:24,completed,online,,5190,0.0,259.5,5449.5,PKR
O003005,C00615,S006,2026-06-20 04:52:25,2026-06-20 05:52:25,completed,store,,2445,0.0,122.25,2567.25,PKR
O003006,C00738,S003,2026-06-05 16:38:41,2026-06-06 01:32:41,completed,store,,4170,0.0,208.5,4378.5,PKR
O003007,C00072,S004,2026-07-09 17:53:51,2026-07-09 19:09:51,completed,store,PR011,855,51.3,40.19,843.89,PKR
O003008,C00709,S005,2026-08-19 05:47:07,2026-08-19 08:07:07,completed,store,PR001,6245,624.5,281.03,5901.53,PKR
O003009,C00233,S005,2026-06-06 14:09:33,2026-06-07 00:58:33,completed,store,,1190,0.0,59.5,1249.5,PKR
O003010,C00665,S005,2026-08-19 08:37:11,2026-08-19 10:38:11,completed,store,PR001,2445,244.5,110.03,2310.53,PKR
O003011,C00605,S001,2026-07-07 09:20:00,2026-07-07 21:02:00,completed,store,,1200,0.0,60.0,1260.0,PKR
O003012,C00012,S005,2026-08-01 07:43:40,2026-08-01 18:39:40,completed,store,PR006,4845,484.5,218.03,4578.53,PKR
O003013,C00630,S002,2026-08-11 22:31:05,2026-08-12 10:04:05,completed,store,PR006,12250,1225.0,551.25,11576.25,PKR
O003014,C00740,S006,2026-08-01 21:38:21,2026-08-02 08:50:21,completed,store,PR013,7915,316.6,379.92,7978.32,PKR
O003015,C00724,S001,2026-06-09 05:49:48,2026-06-09 15:04:48,completed,store,,4070,0.0,203.5,4273.5,PKR
O003016,C00056,S005,2026-07-31 02:54:50,2026-07-31 11:16:50,returned,store,,3655,0.0,182.75,3837.75,PKR
O003017,C00506,S003,2026-07-06 00:20:51,2026-07-06 04:11:51,completed,store,,1185,0.0,59.25,1244.25,PKR
O003018,C00482,S005,2026-07-16 01:53:24,2026-07-16 05:58:24,completed,online,,5905,0.0,295.25,6200.25,PKR
O003019,C00702,S004,2026-08-28 18:27:29,2026-08-28 22:02:29,completed,store,,1925,0.0,96.25,2021.25,PKR
O003020,C00338,S005,2026-08-17 19:36:29,2026-08-17 21:45:29,completed,store,PR001,720,72.0,32.4,680.4,PKR
O003021,C00419,S001,2026-08-24 02:55:55,2026-08-24 08:46:55,completed,store,,2850,0.0,142.5,2992.5,PKR
O003022,C00016,S003,2026-08-14 13:21:11,2026-08-14 23:01:11,completed,store,,5900,0.0,295.0,6195.0,PKR
O003023,C00470,S006,2026-07-17 19:32:47,2026-07-18 02:31:47,completed,store,PR010,3140,300.0,142.0,2982.0,PKR
O003024,C00070,S001,2026-07-18 10:55:28,2026-07-18 15:55:28,completed,store,,4365,0.0,218.25,4583.25,PKR
O003025,C00276,S001,2026-07-05 20:20:21,2026-07-06 05:22:21,completed,online,PR012,3795,189.75,180.26,3785.51,PKR
O003026,C00452,S003,2026-07-30 19:29:33,2026-07-31 03:02:33,completed,online,,1205,0.0,60.25,1265.25,PKR
O003027,C00713,S002,2026-06-11 05:57:57,2026-06-11 15:13:57,completed,store,PR005,4885,341.95,227.15,4770.2,PKR
O003028,C00144,S001,2026-08-27 18:05:45,2026-08-27 18:11:45,completed,store,,3010,0.0,150.5,3160.5,PKR
O003029,C00351,S004,2026-08-13 14:59:15,2026-08-13 18:04:15,returned,online,,6200,0.0,310.0,6510.0,PKR
O003030,C00034,S004,2026-06-03 02:35:45,2026-06-03 13:23:45,completed,online,,3060,0.0,153.0,3213.0,PKR
O003031,C00694,S005,2026-08-11 08:30:35,2026-08-11 14:04:35,completed,store,,3060,0.0,153.0,3213.0,PKR
O003032,C00054,S005,2026-08-14 13:40:10,2026-08-14 17:16:10,completed,online,PR009,1240,300.0,47.0,987.0,PKR
O003033,C00646,S005,2026-06-20 03:25:17,2026-06-20 15:17:17,completed,store,,5205,0.0,260.25,5465.25,PKR
O003034,C00627,S005,2026-08-20 18:23:49,2026-08-21 01:27:49,completed,store,,9145,0.0,457.25,9602.25,PKR
O003035,C00014,S002,2026-07-25 20:57:15,2026-07-26 04:49:15,completed,online,PR012,1680,84.0,79.8,1675.8,PKR
O003036,C00081,S006,2026-07-14 17:50:43,2026-07-14 21:05:43,completed,online,,2150,0.0,107.5,2257.5,PKR
O003037,C00726,S003,2026-06-26 02:44:53,2026-06-26 14:06:53,completed,online,,1570,0.0,78.5,1648.5,PKR
O003038,C00149,S005,2026-07-12 22:21:59,2026-07-13 04:14:59,completed,online,PR015,2540,400.0,107.0,2247.0,PKR
O003039,C00107,S004,2026-08-20 20:34:56,2026-08-21 02:14:56,cancelled,store,,3850,0.0,192.5,4042.5,PKR
O003040,C00410,S006,2026-08-20 01:09:13,2026-08-20 05:48:13,completed,store,,545,0.0,27.25,572.25,PKR
O003041,C00538,S002,2026-08-18 03:58:31,2026-08-18 08:54:31,completed,online,,235,0.0,11.75,246.75,PKR
O003042,C00268,S003,2026-08-18 05:12:52,2026-08-18 12:30:52,completed,store,PR001,1305,130.5,58.73,1233.23,PKR
O003043,C00743,S001,2026-06-27 04:31:23,2026-06-27 13:59:23,completed,store,,4575,0.0,228.75,4803.75,PKR
O003044,C00624,S001,2026-06-18 15:02:58,2026-06-18 18:17:58,completed,store,,3110,0.0,155.5,3265.5,PKR
O003045,C00304,S003,2026-08-07 18:53:26,2026-08-08 00:00:26,completed,store,,2325,0.0,116.25,2441.25,PKR
O003046,C00195,S002,2026-06-09 01:30:27,2026-06-09 03:25:27,completed,store,,3105,0.0,155.25,3260.25,PKR
O003047,C00127,S001,2026-08-22 01:11:41,2026-08-22 01:41:41,returned,store,,6840,0.0,342.0,7182.0,PKR
O003048,C00397,S005,2026-06-28 15:47:55,2026-06-28 17:47:55,completed,store,,5900,0.0,295.0,6195.0,PKR
O003049,C00006,S004,2026-07-23 03:00:00,2026-07-23 05:58:00,completed,online,,2240,0.0,112.0,2352.0,PKR
O003050,C00181,S006,2026-07-04 21:25:51,2026-07-05 00:39:51,completed,store,,4870,0.0,243.5,5113.5,PKR
O003051,C00555,S006,2026-08-18 20:24:12,2026-08-18 22:18:12,completed,store,,1805,0.0,90.25,1895.25,PKR
O003052,C00337,S004,2026-07-02 22:40:53,2026-07-03 03:43:53,completed,store,,4985,0.0,249.25,5234.25,PKR
O003053,C00576,S004,2026-07-05 04:11:35,2026-07-05 13:21:35,completed,online,PR002,5365,429.2,246.79,5182.59,PKR
O003054,C00490,S004,2026-07-22 11:30:38,2026-07-22 13:12:38,completed,online,PR013,2235,89.4,107.28,2252.88,PKR
O003055,C00571,S001,2026-08-29 14:45:14,2026-08-29 19:09:14,completed,store,,3000,0.0,150.0,3150.0,PKR
O003056,C00093,S005,2026-07-10 17:04:20,2026-07-10 22:22:20,completed,store,,5950,0.0,297.5,6247.5,PKR
O003057,C00595,S003,2026-08-24 17:58:27,2026-08-25 00:07:27,cancelled,store,,4450,0.0,222.5,4672.5,PKR
O003058,C00416,S003,2026-08-22 06:19:49,2026-08-22 16:05:49,completed,store,,5405,0.0,270.25,5675.25,PKR
O003059,C00277,S001,2026-06-29 04:18:46,2026-06-29 09:25:46,completed,store,,715,0.0,35.75,750.75,PKR
O003060,C00079,S005,2026-06-09 10:35:51,2026-06-09 20:11:51,completed,store,PR005,2355,164.85,109.51,2299.66,PKR
O003061,C00100,S001,2026-08-26 19:12:36,2026-08-26 23:53:36,completed,store,PR009,1270,300.0,48.5,1018.5,PKR
O003062,C00565,S006,2026-08-04 17:26:43,2026-08-04 20:26:43,completed,online,PR013,5080,203.2,243.84,5120.64,PKR
O003063,C00304,S002,2026-08-15 07:49:03,2026-08-15 16:21:03,completed,store,,2280,0.0,114.0,2394.0,PKR
O003064,C00230,S006,2026-07-15 19:45:13,2026-07-16 00:04:13,returned,store,,11515,0.0,575.75,12090.75,PKR
O003065,C00219,S002,2026-06-04 10:59:56,2026-06-04 17:03:56,completed,online,,2910,0.0,145.5,3055.5,PKR
O003066,C00318,S003,2026-06-06 00:25:01,2026-06-06 11:05:01,completed,store,PR005,9990,699.3,464.54,9755.24,PKR
O003067,C00216,S002,2026-07-06 12:24:32,2026-07-06 20:11:32,completed,store,PR011,5330,319.8,250.51,5260.71,PKR
O003068,C00115,S002,2026-06-03 03:12:21,2026-06-03 13:10:21,completed,store,,6230,0.0,311.5,6541.5,PKR
O003069,C00129,S002,2026-06-06 03:39:21,2026-06-06 10:52:21,completed,store,PR008,5470,250.0,261.0,5481.0,PKR
O003070,C00493,S004,2026-06-14 06:55:03,2026-06-14 10:19:03,completed,store,,2200,0.0,110.0,2310.0,PKR
O003071,C00230,S003,2026-07-17 09:33:44,2026-07-17 17:25:44,completed,store,,2060,0.0,103.0,2163.0,PKR
O003072,C00445,S004,2026-08-16 19:27:34,2026-08-16 20:19:34,completed,store,PR009,4350,300.0,202.5,4252.5,PKR
O003073,C00115,S006,2026-07-14 10:37:06,2026-07-14 12:23:06,completed,store,PR012,7645,382.25,363.14,7625.89,PKR
O003074,C00003,S003,2026-08-17 21:06:41,2026-08-18 03:44:41,cancelled,store,PR001,1905,190.5,85.73,1800.23,PKR
O003075,C00138,S006,2026-08-24 19:21:31,2026-08-24 23:42:31,completed,store,PR001,4375,437.5,196.88,4134.38,PKR
O003076,C00183,S006,2026-07-07 23:01:40,2026-07-08 06:17:40,completed,online,,1260,0.0,63.0,1323.0,PKR
O003077,C00476,S001,2026-08-11 16:59:46,2026-08-11 21:20:46,completed,store,,1700,0.0,85.0,1785.0,PKR
O003078,C00404,S002,2026-06-05 09:22:33,2026-06-05 17:53:33,completed,store,,8190,0.0,409.5,8599.5,PKR
O003079,C00093,S001,2026-07-24 07:01:26,2026-07-24 09:08:26,completed,online,PR015,720,180.0,27.0,567.0,PKR
O003080,C00715,S003,2026-07-25 15:27:13,2026-07-25 19:06:13,completed,store,,2380,0.0,119.0,2499.0,PKR
O003081,C00422,S004,2026-07-19 17:19:43,2026-07-19 21:56:43,completed,store,,225,0.0,11.25,236.25,PKR
O003082,C00188,S004,2026-08-20 15:23:14,2026-08-20 22:58:14,completed,store,PR009,2580,300.0,114.0,2394.0,PKR
O003083,C00432,S003,2026-07-21 20:10:06,2026-07-21 20:36:06,completed,store,,1515,0.0,75.75,1590.75,PKR
O003084,C00166,S006,2026-07-26 20:02:13,2026-07-27 01:47:13,completed,online,,4555,0.0,227.75,4782.75,PKR
O003085,C00585,S005,2026-06-19 02:59:47,2026-06-19 10:54:47,completed,store,,5230,0.0,261.5,5491.5,PKR
O003086,C00170,S005,2026-08-06 19:45:12,2026-08-06 23:05:12,completed,store,PR013,770,30.8,36.96,776.16,PKR
O003087,C00731,S005,2026-06-10 03:10:41,2026-06-10 07:32:41,completed,online,,4070,0.0,203.5,4273.5,PKR
O003088,C00254,S001,2026-07-08 07:25:53,2026-07-08 15:38:53,completed,store,PR015,4350,400.0,197.5,4147.5,PKR
O003089,C00362,S005,2026-08-05 12:24:23,2026-08-05 18:30:23,completed,store,,4230,0.0,211.5,4441.5,PKR
O003090,C00672,S003,2026-08-28 16:16:28,2026-08-28 22:59:28,completed,store,,1810,0.0,90.5,1900.5,PKR
O003091,C00396,S004,2026-06-17 08:53:02,2026-06-17 20:11:02,completed,store,,3170,0.0,158.5,3328.5,PKR
O003092,C00478,S005,2026-07-12 22:24:46,2026-07-13 06:48:46,completed,online,PR011,2250,135.0,105.75,2220.75,PKR
O003093,C00605,S005,2026-08-31 10:22:23,2026-08-31 10:39:23,completed,store,,7010,0.0,350.5,7360.5,PKR
O003094,C00419,S004,2026-08-24 18:15:42,2026-08-24 18:21:42,completed,store,PR001,3860,386.0,173.7,3647.7,PKR
O003095,C00168,S001,2026-06-20 03:49:51,2026-06-20 13:56:51,completed,store,,385,0.0,19.25,404.25,PKR
O003096,C00423,S005,2026-08-25 03:26:17,2026-08-25 10:04:17,completed,store,,1400,0.0,70.0,1470.0,PKR
O003097,C00351,S004,2026-07-04 03:04:41,2026-07-04 06:31:41,completed,store,PR012,3090,154.5,146.78,3082.28,PKR
O003098,C00127,S006,2026-07-27 03:37:13,2026-07-27 07:00:13,cancelled,online,,1755,0.0,87.75,1842.75,PKR
O003099,C00078,S003,2026-06-03 18:46:33,2026-06-04 00:08:33,completed,store,PR014,1690,185.9,75.2,1579.3,PKR
O003100,C00592,S003,2026-08-16 11:48:28,2026-08-16 15:35:28,completed,store,PR001,4930,493.0,221.85,4658.85,PKR
O003101,C00248,S005,2026-07-20 03:52:50,2026-07-20 13:30:50,completed,store,,2655,0.0,132.75,2787.75,PKR
O003102,C00289,S006,2026-07-13 23:42:07,2026-07-14 09:14:07,completed,store,,8915,0.0,445.75,9360.75,PKR
O003103,C00690,S003,2026-06-12 08:58:31,2026-06-12 20:36:31,completed,store,PR005,850,59.5,39.53,830.03,PKR
O003104,C00450,S004,2026-06-30 23:11:52,2026-07-01 06:45:52,completed,store,,720,0.0,36.0,756.0,PKR
O003105,C00272,S003,2026-06-25 01:31:33,2026-06-25 09:15:33,completed,store,PR002,1495,119.6,68.77,1444.17,PKR
O003106,C00066,S004,2026-06-01 11:24:53,2026-06-01 18:21:53,completed,store,PR008,2695,250.0,122.25,2567.25,PKR
O003107,C00334,S006,2026-08-12 08:54:38,2026-08-12 20:26:38,completed,store,,3465,0.0,173.25,3638.25,PKR
O003108,C00146,S003,2026-08-25 04:28:12,2026-08-25 09:16:12,completed,store,PR001,220,22.0,9.9,207.9,PKR
O003109,C00703,S004,2026-07-02 12:29:38,2026-07-02 20:29:38,completed,store,,6955,0.0,347.75,7302.75,PKR
O003110,C00165,S002,2026-07-24 20:09:58,2026-07-25 06:32:58,returned,store,PR015,2705,400.0,115.25,2420.25,PKR
O003111,C00462,S004,2026-08-26 15:18:39,2026-08-27 02:05:39,completed,store,PR009,2740,300.0,122.0,2562.0,PKR
O003112,C00288,S001,2026-07-14 04:16:32,2026-07-14 04:33:32,cancelled,store,,1865,0.0,93.25,1958.25,PKR
O003113,C00379,S003,2026-06-29 15:36:07,2026-06-29 17:50:07,completed,store,,1075,0.0,53.75,1128.75,PKR
O003114,C00460,S004,2026-08-29 17:16:44,2026-08-29 21:52:44,completed,store,,1405,0.0,70.25,1475.25,PKR
O003115,C00239,S002,2026-06-30 04:05:07,2026-06-30 04:12:07,completed,store,,5300,0.0,265.0,5565.0,PKR
O003116,C00169,S005,2026-06-16 14:07:49,2026-06-17 00:47:49,completed,online,PR014,4530,498.3,201.59,4233.29,PKR
O003117,C00437,S001,2026-07-07 20:26:09,2026-07-08 07:56:09,completed,store,PR012,2675,133.75,127.06,2668.31,PKR
O003118,C00375,S006,2026-07-22 08:50:26,2026-07-22 18:03:26,completed,store,PR015,4760,400.0,218.0,4578.0,PKR
O003119,C00064,S006,2026-07-01 23:29:05,2026-07-02 02:37:05,completed,online,,205,0.0,10.25,215.25,PKR
O003120,C00214,S004,2026-07-16 03:32:26,2026-07-16 07:00:26,cancelled,store,PR010,1865,300.0,78.25,1643.25,PKR
O003121,C00567,S005,2026-07-19 08:27:16,2026-07-19 16:08:16,completed,store,,5330,0.0,266.5,5596.5,PKR
O003122,C00718,S004,2026-06-24 15:41:21,2026-06-24 21:31:21,completed,store,,2430,0.0,121.5,2551.5,PKR
O003123,C00547,S003,2026-07-23 09:51:13,2026-07-23 11:58:13,completed,store,,530,0.0,26.5,556.5,PKR
O003124,C00529,S004,2026-08-10 08:17:24,2026-08-10 14:11:24,completed,store,,10195,0.0,509.75,10704.75,PKR
O003125,C00687,S001,2026-08-10 09:35:08,2026-08-10 09:51:08,completed,online,,1075,0.0,53.75,1128.75,PKR
O003126,C00241,S005,2026-08-04 16:50:41,2026-08-04 18:12:41,completed,store,,260,0.0,13.0,273.0,PKR
O003127,C00680,S006,2026-06-15 14:32:13,2026-06-15 18:35:13,completed,store,,2155,0.0,107.75,2262.75,PKR
O003128,C00498,S005,2026-07-04 05:15:04,2026-07-04 10:21:04,completed,store,PR007,3345,301.05,152.2,3196.15,PKR
O003129,C00413,S001,2026-08-17 05:38:30,2026-08-17 07:19:30,completed,store,PR009,1970,300.0,83.5,1753.5,PKR
O003130,C00023,S001,2026-07-25 21:48:24,2026-07-26 05:03:24,completed,store,PR013,550,22.0,26.4,554.4,PKR
O003131,C00666,S005,2026-06-04 14:28:07,2026-06-04 23:54:07,completed,online,,7000,0.0,350.0,7350.0,PKR
O003132,C00626,S004,2026-07-10 00:19:02,2026-07-10 03:06:02,returned,store,,7165,0.0,358.25,7523.25,PKR
O003133,C00235,S001,2026-08-31 00:13:56,2026-08-31 05:22:56,completed,store,,1930,0.0,96.5,2026.5,PKR
O003134,C00413,S004,2026-07-23 23:47:05,2026-07-24 07:23:05,completed,store,PR015,3285,400.0,144.25,3029.25,PKR
O003135,C00444,S003,2026-08-07 22:24:31,2026-08-08 10:14:31,completed,store,,2210,0.0,110.5,2320.5,PKR
O003136,C00401,S004,2026-06-27 15:10:44,2026-06-28 00:44:44,completed,store,,4180,0.0,209.0,4389.0,PKR
O003137,C00615,S002,2026-08-05 03:56:28,2026-08-05 08:23:28,completed,store,PR013,2880,115.2,138.24,2903.04,PKR
O003138,C00165,S005,2026-07-26 14:05:31,2026-07-26 18:30:31,completed,store,PR012,7740,387.0,367.65,7720.65,PKR
O003139,C00513,S002,2026-07-08 10:54:46,2026-07-08 16:31:46,completed,store,PR015,7155,400.0,337.75,7092.75,PKR
O003140,C00393,S005,2026-08-10 12:35:36,2026-08-10 22:18:36,completed,store,PR013,4105,164.2,197.04,4137.84,PKR
O003141,C00069,S006,2026-07-15 23:49:07,2026-07-16 01:54:07,completed,store,,1930,0.0,96.5,2026.5,PKR
O003142,C00411,S001,2026-08-24 23:15:53,2026-08-25 06:28:53,completed,store,,7950,0.0,397.5,8347.5,PKR
O003143,C00552,S006,2026-07-11 02:09:15,2026-07-11 04:35:15,completed,store,,385,0.0,19.25,404.25,PKR
O003144,C00453,S006,2026-07-25 15:30:09,2026-07-25 19:55:09,completed,store,,1710,0.0,85.5,1795.5,PKR
O003145,C00448,S001,2026-07-23 22:41:55,2026-07-24 06:28:55,completed,store,PR015,8495,400.0,404.75,8499.75,PKR
O003146,C00407,S002,2026-07-24 06:13:31,2026-07-24 15:46:31,completed,store,PR013,6480,259.2,311.04,6531.84,PKR
O003147,C00655,S005,2026-06-26 21:42:18,2026-06-27 03:46:18,completed,online,,2510,0.0,125.5,2635.5,PKR
O003148,C00560,S004,2026-08-24 18:08:34,2026-08-24 21:42:34,cancelled,store,,645,0.0,32.25,677.25,PKR
O003149,C00150,S004,2026-07-04 05:53:05,2026-07-04 10:05:05,completed,store,PR012,1785,89.25,84.79,1780.54,PKR
O003150,C00721,S001,2026-08-19 14:10:35,2026-08-19 20:01:35,completed,store,PR001,1355,135.5,60.98,1280.48,PKR
O003151,C00156,S006,2026-07-18 14:16:35,2026-07-18 16:46:35,completed,store,,2395,0.0,119.75,2514.75,PKR
O003152,C00571,S002,2026-07-18 13:54:36,2026-07-18 15:54:36,completed,store,PR010,595,148.75,22.31,468.56,PKR
O003153,C00632,S003,2026-07-06 11:56:23,2026-07-06 23:02:23,completed,online,,3520,0.0,176.0,3696.0,PKR
O003154,C00122,S002,2026-06-17 09:30:06,2026-06-17 19:33:06,completed,store,,6820,0.0,341.0,7161.0,PKR
O003155,C00672,S005,2026-07-10 02:57:18,2026-07-10 14:51:18,completed,store,,1590,0.0,79.5,1669.5,PKR
O003156,C00351,S003,2026-07-17 15:37:02,2026-07-17 17:54:02,completed,store,PR011,5945,356.7,279.42,5867.72,PKR
O003157,C00052,S004,2026-06-23 02:57:02,2026-06-23 05:48:02,completed,store,PR003,3740,448.8,164.56,3455.76,PKR
O003158,C00548,S003,2026-06-30 07:50:53,2026-06-30 15:14:53,completed,store,,6960,0.0,348.0,7308.0,PKR
O003159,C00448,S005,2026-07-18 21:44:01,2026-07-19 04:02:01,returned,store,PR012,5730,286.5,272.18,5715.68,PKR
O003160,C00685,S005,2026-07-27 19:37:17,2026-07-28 01:20:17,cancelled,store,,2800,0.0,140.0,2940.0,PKR
O003161,C00249,S006,2026-08-19 02:36:32,2026-08-19 14:35:32,completed,store,PR001,1875,187.5,84.38,1771.88,PKR
O003162,C00659,S002,2026-08-03 07:42:52,2026-08-03 10:38:52,completed,store,,3180,0.0,159.0,3339.0,PKR
O003163,C00406,S001,2026-08-09 03:41:04,2026-08-09 04:37:04,completed,store,,5050,0.0,252.5,5302.5,PKR
O003164,C00556,S004,2026-08-20 23:07:33,2026-08-21 07:19:33,completed,store,,785,0.0,39.25,824.25,PKR
O003165,C00096,S001,2026-07-09 15:06:04,2026-07-09 21:08:04,completed,store,PR015,1940,400.0,77.0,1617.0,PKR
O003166,C00688,S002,2026-08-10 11:38:32,2026-08-10 13:36:32,completed,store,PR013,4580,183.2,219.84,4616.64,PKR
O003167,C00555,S002,2026-06-15 15:59:44,2026-06-16 03:15:44,completed,store,,1205,0.0,60.25,1265.25,PKR
O003168,C00051,S006,2026-06-06 04:50:58,2026-06-06 15:42:58,completed,online,,3360,0.0,168.0,3528.0,PKR
O003169,C00004,S003,2026-06-13 10:52:11,2026-06-13 21:09:11,completed,online,,1685,0.0,84.25,1769.25,PKR
O003170,C00203,S004,2026-06-29 02:19:07,2026-06-29 13:21:07,completed,store,,1535,0.0,76.75,1611.75,PKR
O003171,C00262,S004,2026-08-31 16:59:32,2026-09-01 01:08:32,completed,store,PR001,3010,301.0,135.45,2844.45,PKR
O003172,C00005,S002,2026-06-03 02:43:09,2026-06-03 13:56:09,completed,store,,1975,0.0,98.75,2073.75,PKR
O003173,C00301,S003,2026-07-12 08:07:44,2026-07-12 17:27:44,completed,store,,7335,0.0,366.75,7701.75,PKR
O003174,C00305,S002,2026-06-01 17:37:46,2026-06-01 22:28:46,completed,store,PR005,3095,216.65,143.92,3022.27,PKR
O003175,C00723,S002,2026-06-14 23:14:48,2026-06-15 02:45:48,completed,store,PR003,4965,595.8,218.46,4587.66,PKR
O003176,C00457,S004,2026-06-03 02:09:04,2026-06-03 04:58:04,completed,store,,3120,0.0,156.0,3276.0,PKR
O003177,C00051,S002,2026-08-20 00:01:13,2026-08-20 09:37:13,completed,store,PR009,265,66.25,9.94,208.69,PKR
O003178,C00707,S002,2026-08-02 15:58:43,2026-08-02 23:33:43,completed,store,,770,0.0,38.5,808.5,PKR
O003179,C00105,S006,2026-06-22 19:46:40,2026-06-23 04:11:40,completed,store,,1690,0.0,84.5,1774.5,PKR
O003180,C00333,S006,2026-07-23 04:31:36,2026-07-23 12:15:36,completed,store,,555,0.0,27.75,582.75,PKR
O003181,C00209,S006,2026-07-10 20:43:05,2026-07-11 07:10:05,completed,store,,4140,0.0,207.0,4347.0,PKR
O003182,C00299,S004,2026-06-12 07:55:00,2026-06-12 09:35:00,completed,store,PR005,1100,77.0,51.15,1074.15,PKR
O003183,C00582,S005,2026-07-20 01:13:04,2026-07-20 04:19:04,completed,store,PR015,5580,400.0,259.0,5439.0,PKR
O003184,C00174,S001,2026-07-04 18:31:38,2026-07-05 05:05:38,completed,store,PR007,1175,105.75,53.46,1122.71,PKR
O003185,C00562,S004,2026-06-03 20:43:53,2026-06-04 01:38:53,completed,online,,1825,0.0,91.25,1916.25,PKR
O003186,C00598,S001,2026-08-07 17:41:29,2026-08-07 20:08:29,completed,online,PR013,4385,175.4,210.48,4420.08,PKR
O003187,C00251,S002,2026-06-28 18:02:45,2026-06-28 19:09:45,completed,store,,385,0.0,19.25,404.25,PKR
O003188,C00646,S005,2026-07-17 03:39:38,2026-07-17 09:13:38,cancelled,store,PR010,2885,300.0,129.25,2714.25,PKR
O003189,C00734,S006,2026-08-15 10:47:50,2026-08-15 17:39:50,completed,store,PR001,1570,157.0,70.65,1483.65,PKR
O003190,C00318,S005,2026-08-10 05:39:28,2026-08-10 08:12:28,completed,store,,3860,0.0,193.0,4053.0,PKR
O003191,C00584,S005,2026-06-25 17:30:17,2026-06-25 20:36:17,completed,store,,5415,0.0,270.75,5685.75,PKR
O003192,C00148,S006,2026-08-02 01:34:01,2026-08-02 08:13:01,completed,store,,3830,0.0,191.5,4021.5,PKR
O003193,C00574,S005,2026-07-14 02:02:48,2026-07-14 05:50:48,completed,online,,6640,0.0,332.0,6972.0,PKR
O003194,C00232,S002,2026-08-23 00:51:13,2026-08-23 07:19:13,completed,store,,5040,0.0,252.0,5292.0,PKR
O003195,C00401,S001,2026-08-28 01:23:42,2026-08-28 07:54:42,completed,store,PR009,1230,300.0,46.5,976.5,PKR
O003196,C00041,S004,2026-08-23 22:40:27,2026-08-24 08:31:27,returned,store,,4140,0.0,207.0,4347.0,PKR
O003197,C00581,S005,2026-07-08 08:13:58,2026-07-08 09:41:58,completed,store,PR015,540,135.0,20.25,425.25,PKR
O003198,C00116,S002,2026-07-01 18:52:14,2026-07-01 22:05:14,completed,store,,2975,0.0,148.75,3123.75,PKR
O003199,C00616,S005,2026-07-30 08:01:50,2026-07-30 12:57:50,completed,store,,385,0.0,19.25,404.25,PKR
O003200,C00471,S003,2026-06-03 07:18:37,2026-06-03 14:30:37,completed,store,,4375,0.0,218.75,4593.75,PKR
O003201,C00720,S004,2026-08-12 17:47:17,2026-08-13 03:29:17,completed,store,,2265,0.0,113.25,2378.25,PKR
O003202,C00664,S006,2026-08-15 07:36:09,2026-08-15 08:39:09,completed,store,,4075,0.0,203.75,4278.75,PKR
O003203,C00130,S005,2026-06-30 23:05:16,2026-07-01 10:01:16,completed,store,,4780,0.0,239.0,5019.0,PKR
O003204,C00591,S001,2026-07-12 00:36:20,2026-07-12 05:30:20,completed,store,,2785,0.0,139.25,2924.25,PKR
O003205,C00596,S003,2026-08-17 08:29:08,2026-08-17 15:30:08,completed,store,PR001,1000,100.0,45.0,945.0,PKR
O003206,C00488,S001,2026-07-21 12:19:35,2026-07-21 23:36:35,completed,store,PR010,500,125.0,18.75,393.75,PKR
O003207,C00524,S003,2026-07-24 05:14:13,2026-07-24 15:43:13,cancelled,store,,1000,0.0,50.0,1050.0,PKR
O003208,C00279,S005,2026-08-18 09:38:26,2026-08-18 16:20:26,completed,store,,1560,0.0,78.0,1638.0,PKR
O003209,C00165,S001,2026-06-03 17:17:43,2026-06-03 21:18:43,completed,store,PR008,3850,250.0,180.0,3780.0,PKR
O003210,C00008,S006,2026-08-02 01:59:46,2026-08-02 05:16:46,completed,store,,4230,0.0,211.5,4441.5,PKR
O003211,C00732,S001,2026-07-10 01:53:29,2026-07-10 08:58:29,completed,store,PR015,730,182.5,27.38,574.88,PKR
O003212,C00365,S005,2026-06-16 20:05:31,2026-06-16 23:00:31,completed,online,,180,0.0,9.0,189.0,PKR
O003213,C00665,S004,2026-08-20 23:00:41,2026-08-21 01:14:41,completed,store,,4630,0.0,231.5,4861.5,PKR
O003214,C00245,S004,2026-07-11 13:43:57,2026-07-11 14:08:57,completed,online,,2105,0.0,105.25,2210.25,PKR
O003215,C00050,S006,2026-07-28 17:03:44,2026-07-28 23:38:44,completed,online,,3560,0.0,178.0,3738.0,PKR
O003216,C00310,S003,2026-07-09 01:35:36,2026-07-09 10:14:36,cancelled,store,,13265,0.0,663.25,13928.25,PKR
O003217,C00668,S002,2026-08-18 10:56:09,2026-08-18 13:52:09,cancelled,store,,935,0.0,46.75,981.75,PKR
O003218,C00204,S005,2026-07-11 08:20:22,2026-07-11 08:24:22,completed,store,,1075,0.0,53.75,1128.75,PKR
O003219,C00020,S004,2026-08-08 05:27:34,2026-08-08 12:55:34,completed,store,PR013,2305,92.2,110.64,2323.44,PKR
O003220,C00624,S004,2026-08-20 23:16:26,2026-08-21 06:43:26,completed,store,,755,0.0,37.75,792.75,PKR
O003221,C00319,S004,2026-07-24 22:52:55,2026-07-25 03:56:55,completed,store,PR013,2000,80.0,96.0,2016.0,PKR
O003222,C00254,S003,2026-07-30 06:57:35,2026-07-30 17:19:35,completed,online,,4165,0.0,208.25,4373.25,PKR
O003223,C00234,S003,2026-08-30 17:44:04,2026-08-31 04:27:04,completed,store,,4785,0.0,239.25,5024.25,PKR
O003224,C00290,S005,2026-06-28 11:34:11,2026-06-28 20:17:11,completed,store,,325,0.0,16.25,341.25,PKR
O003225,C00255,S003,2026-07-06 08:13:16,2026-07-06 20:11:16,completed,online,,2880,0.0,144.0,3024.0,PKR
O003226,C00298,S005,2026-08-25 14:47:08,2026-08-25 21:13:08,completed,store,,1565,0.0,78.25,1643.25,PKR
O003227,C00663,S002,2026-07-29 15:08:06,2026-07-29 22:27:06,completed,store,,2425,0.0,121.25,2546.25,PKR
O003228,C00291,S001,2026-06-12 19:34:04,2026-06-13 01:44:04,cancelled,online,,5310,0.0,265.5,5575.5,PKR
O003229,C00510,S001,2026-06-03 10:10:10,2026-06-03 14:08:10,completed,store,PR008,7090,250.0,342.0,7182.0,PKR
O003230,C00277,S004,2026-06-26 11:08:49,2026-06-26 14:46:49,completed,store,PR002,205,16.4,9.43,198.03,PKR
O003231,C00615,S006,2026-08-26 15:40:12,2026-08-26 17:24:12,completed,store,,2530,0.0,126.5,2656.5,PKR
O003232,C00686,S004,2026-07-19 06:16:37,2026-07-19 13:37:37,completed,store,PR013,4355,174.2,209.04,4389.84,PKR
O003233,C00611,S003,2026-06-09 23:32:20,2026-06-10 05:35:20,completed,online,PR008,8045,250.0,389.75,8184.75,PKR
O003234,C00281,S001,2026-06-24 13:12:12,2026-06-24 20:46:12,completed,store,,4255,0.0,212.75,4467.75,PKR
O003235,C00339,S004,2026-08-08 23:33:13,2026-08-09 01:16:13,completed,store,,1425,0.0,71.25,1496.25,PKR
O003236,C00100,S003,2026-06-16 00:47:50,2026-06-16 11:47:50,completed,store,,1995,0.0,99.75,2094.75,PKR
O003237,C00743,S002,2026-08-08 06:05:47,2026-08-08 14:16:47,completed,store,,2990,0.0,149.5,3139.5,PKR
O003238,C00692,S003,2026-08-29 07:24:52,2026-08-29 16:07:52,completed,online,,230,0.0,11.5,241.5,PKR
O003239,C00678,S003,2026-06-20 03:38:13,2026-06-20 12:18:13,completed,store,,4370,0.0,218.5,4588.5,PKR
O003240,C00724,S001,2026-08-06 10:52:13,2026-08-06 13:56:13,cancelled,store,,1440,0.0,72.0,1512.0,PKR
O003241,C00462,S001,2026-06-03 13:55:28,2026-06-04 01:01:28,completed,store,,2600,0.0,130.0,2730.0,PKR
O003242,C00003,S006,2026-07-18 17:36:59,2026-07-19 05:36:59,completed,store,,1690,0.0,84.5,1774.5,PKR
O003243,C00537,S003,2026-07-25 01:12:07,2026-07-25 05:52:07,completed,store,PR006,9720,972.0,437.4,9185.4,PKR
O003244,C00700,S004,2026-06-04 10:37:24,2026-06-04 22:37:24,completed,store,,3095,0.0,154.75,3249.75,PKR
O003245,C00186,S001,2026-08-01 21:39:37,2026-08-02 05:01:37,completed,store,,225,0.0,11.25,236.25,PKR
O003246,C00520,S003,2026-08-20 22:08:12,2026-08-20 23:51:12,cancelled,store,PR009,2340,300.0,102.0,2142.0,PKR
O003247,C00702,S001,2026-07-23 11:20:49,2026-07-23 12:18:49,completed,online,PR010,6805,300.0,325.25,6830.25,PKR
O003248,C00061,S003,2026-07-28 00:53:11,2026-07-28 04:38:11,completed,store,,2370,0.0,118.5,2488.5,PKR
O003249,C00141,S002,2026-08-03 15:39:04,2026-08-03 22:38:04,completed,online,PR013,2890,115.6,138.72,2913.12,PKR
O003250,C00486,S004,2026-06-11 08:53:59,2026-06-11 13:16:59,completed,store,,4140,0.0,207.0,4347.0,PKR
O003251,C00100,S004,2026-07-15 21:22:10,2026-07-16 01:22:10,completed,store,,12205,0.0,610.25,12815.25,PKR
O003252,C00545,S005,2026-06-23 18:15:06,2026-06-23 18:31:06,completed,store,,4225,0.0,211.25,4436.25,PKR
O003253,C00146,S001,2026-07-24 05:24:41,2026-07-24 08:21:41,completed,store,,855,0.0,42.75,897.75,PKR
O003254,C00667,S001,2026-07-21 21:31:18,2026-07-21 22:35:18,completed,store,,8240,0.0,412.0,8652.0,PKR
O003255,C00605,S006,2026-06-27 20:41:51,2026-06-28 02:41:51,completed,online,,6785,0.0,339.25,7124.25,PKR
O003256,C00359,S001,2026-06-21 09:27:14,2026-06-21 16:34:14,completed,store,PR002,3405,272.4,156.63,3289.23,PKR
O003257,C00529,S006,2026-06-02 11:00:36,2026-06-02 13:52:36,completed,store,,3225,0.0,161.25,3386.25,PKR
O003258,C00360,S001,2026-06-06 22:52:43,2026-06-07 01:34:43,completed,store,,2555,0.0,127.75,2682.75,PKR
O003259,C00150,S002,2026-08-23 11:00:43,2026-08-23 14:18:43,completed,store,PR009,1485,300.0,59.25,1244.25,PKR
O003260,C00731,S003,2026-06-20 20:59:18,2026-06-21 00:18:18,completed,store,,1280,0.0,64.0,1344.0,PKR
O003261,C00378,S005,2026-08-28 07:01:06,2026-08-28 13:14:06,completed,store,,9945,0.0,497.25,10442.25,PKR
O003262,C00339,S003,2026-08-01 00:19:46,2026-08-01 01:46:46,completed,online,PR006,2330,233.0,104.85,2201.85,PKR
O003263,C00396,S005,2026-08-14 17:12:47,2026-08-14 22:35:47,completed,store,PR001,1360,136.0,61.2,1285.2,PKR
O003264,C00155,S004,2026-06-24 17:20:02,2026-06-24 23:13:02,completed,store,,5575,0.0,278.75,5853.75,PKR
O003265,C00139,S006,2026-06-02 17:51:22,2026-06-03 01:01:22,completed,online,PR005,5315,372.05,247.15,5190.1,PKR
O003266,C00646,S004,2026-06-08 09:12:42,2026-06-08 10:12:42,completed,store,PR003,1785,214.2,78.54,1649.34,PKR
O003267,C00144,S006,2026-06-25 06:17:50,2026-06-25 15:11:50,completed,online,,3115,0.0,155.75,3270.75,PKR
O003268,C00719,S006,2026-06-12 03:57:00,2026-06-12 08:22:00,completed,store,PR003,2940,352.8,129.36,2716.56,PKR
O003269,C00270,S006,2026-07-04 05:45:47,2026-07-04 09:33:47,completed,store,PR012,7240,362.0,343.9,7221.9,PKR
O003270,C00542,S001,2026-06-26 06:02:49,2026-06-26 13:33:49,completed,store,PR002,2390,191.2,109.94,2308.74,PKR
O003271,C00402,S004,2026-06-27 02:20:15,2026-06-27 13:08:15,completed,store,,180,0.0,9.0,189.0,PKR
O003272,C00448,S005,2026-07-11 19:44:17,2026-07-12 03:23:17,completed,online,,780,0.0,39.0,819.0,PKR
O003273,C00469,S004,2026-06-06 02:02:10,2026-06-06 09:46:10,completed,store,,3930,0.0,196.5,4126.5,PKR
O003274,C00021,S006,2026-06-01 22:45:27,2026-06-02 03:05:27,completed,store,,1600,0.0,80.0,1680.0,PKR
O003275,C00453,S001,2026-08-21 05:18:41,2026-08-21 15:13:41,completed,store,,9590,0.0,479.5,10069.5,PKR
O003276,C00381,S005,2026-07-13 15:06:11,2026-07-13 23:26:11,completed,store,,1320,0.0,66.0,1386.0,PKR
O003277,C00665,S006,2026-06-14 23:39:22,2026-06-15 08:22:22,completed,online,PR003,1840,220.8,80.96,1700.16,PKR
O003278,C00230,S004,2026-06-18 21:31:11,2026-06-19 07:55:11,completed,online,,3700,0.0,185.0,3885.0,PKR
O003279,C00397,S003,2026-08-01 02:57:44,2026-08-01 09:45:44,completed,store,PR013,1870,74.8,89.76,1884.96,PKR
O003280,C00335,S003,2026-06-09 12:41:35,2026-06-09 20:22:35,returned,online,PR008,7990,250.0,387.0,8127.0,PKR
O003281,C00044,S005,2026-07-06 14:34:56,2026-07-06 19:41:56,completed,online,,4310,0.0,215.5,4525.5,PKR
O003282,C00744,S006,2026-07-24 17:10:59,2026-07-25 01:34:59,completed,online,PR015,6305,400.0,295.25,6200.25,PKR
O003283,C00420,S001,2026-08-31 03:09:32,2026-08-31 10:50:32,completed,store,,1910,0.0,95.5,2005.5,PKR
O003284,C00389,S002,2026-07-03 19:02:04,2026-07-04 06:46:04,completed,store,,8335,0.0,416.75,8751.75,PKR
O003285,C00002,S003,2026-06-26 11:02:57,2026-06-26 11:21:57,completed,online,,1755,0.0,87.75,1842.75,PKR
O003286,C00668,S003,2026-06-16 21:35:35,2026-06-17 03:41:35,completed,store,,3745,0.0,187.25,3932.25,PKR
O003287,C00475,S004,2026-07-29 19:26:05,2026-07-30 02:45:05,completed,store,PR015,2725,400.0,116.25,2441.25,PKR
O003288,C00145,S001,2026-06-05 00:38:35,2026-06-05 04:54:35,completed,store,PR014,3230,355.3,143.73,3018.43,PKR
O003289,C00040,S002,2026-08-06 21:13:59,2026-08-07 00:21:59,completed,store,PR013,4780,191.2,229.44,4818.24,PKR
O003290,C00043,S004,2026-07-11 17:43:31,2026-07-11 22:07:31,completed,online,,11710,0.0,585.5,12295.5,PKR
O003291,C00301,S001,2026-08-21 11:06:03,2026-08-21 16:39:03,completed,store,PR009,550,137.5,20.62,433.12,PKR
O003292,C00696,S006,2026-06-06 22:10:44,2026-06-06 22:41:44,completed,online,PR014,4190,460.9,186.46,3915.56,PKR
O003293,C00490,S003,2026-08-23 08:27:21,2026-08-23 15:47:21,completed,store,PR009,270,67.5,10.12,212.62,PKR
O003294,C00249,S005,2026-08-18 16:48:40,2026-08-18 17:41:40,completed,store,PR001,2660,266.0,119.7,2513.7,PKR
O003295,C00302,S006,2026-06-16 10:59:12,2026-06-16 20:06:12,completed,store,,2435,0.0,121.75,2556.75,PKR
O003296,C00122,S005,2026-06-10 14:46:22,2026-06-10 19:09:22,completed,store,,345,0.0,17.25,362.25,PKR
O003297,C00010,S006,2026-08-01 16:34:56,2026-08-02 03:17:56,completed,store,,10610,0.0,530.5,11140.5,PKR
O003298,C00031,S006,2026-08-20 20:16:04,2026-08-21 04:59:04,completed,online,,1715,0.0,85.75,1800.75,PKR
O003299,C00552,S006,2026-07-03 05:50:41,2026-07-03 13:58:41,completed,online,,985,0.0,49.25,1034.25,PKR
O003300,C00037,S004,2026-07-05 19:55:31,2026-07-05 20:09:31,cancelled,store,,1275,0.0,63.75,1338.75,PKR
O003301,C00153,S006,2026-08-02 14:21:32,2026-08-02 16:10:32,completed,store,PR013,1985,79.4,95.28,2000.88,PKR
O003302,C00619,S006,2026-08-06 17:43:31,2026-08-06 20:33:31,completed,store,,9405,0.0,470.25,9875.25,PKR
O003303,C00009,S003,2026-08-09 02:01:07,2026-08-09 08:04:07,completed,online,,1555,0.0,77.75,1632.75,PKR
O003304,C00390,S002,2026-08-16 05:27:01,2026-08-16 13:52:01,completed,store,,7140,0.0,357.0,7497.0,PKR
O003305,C00089,S003,2026-06-08 22:22:10,2026-06-09 07:33:10,completed,store,PR005,2040,142.8,94.86,1992.06,PKR
O003306,C00494,S001,2026-07-20 09:16:12,2026-07-20 11:38:12,completed,store,PR015,1955,400.0,77.75,1632.75,PKR
O003307,C00683,S003,2026-07-12 08:52:08,2026-07-12 09:58:08,completed,store,PR011,2755,165.3,129.48,2719.18,PKR
O003308,C00018,S003,2026-08-04 01:26:50,2026-08-04 12:02:50,completed,store,,2820,0.0,141.0,2961.0,PKR
O003309,C00434,S004,2026-06-10 14:22:27,2026-06-10 23:56:27,completed,online,,4555,0.0,227.75,4782.75,PKR
O003310,C00010,S006,2026-06-06 08:03:42,2026-06-06 11:04:42,returned,store,,3710,0.0,185.5,3895.5,PKR
O003311,C00148,S004,2026-08-25 10:03:18,2026-08-25 15:27:18,completed,store,,1090,0.0,54.5,1144.5,PKR
O003312,C00172,S004,2026-07-13 01:26:26,2026-07-13 12:50:26,completed,store,PR015,3170,400.0,138.5,2908.5,PKR
O003313,C00231,S004,2026-07-23 15:09:53,2026-07-24 02:43:53,completed,store,PR012,3580,179.0,170.05,3571.05,PKR
O003314,C00233,S006,2026-07-01 05:20:49,2026-07-01 09:22:49,completed,store,,2585,0.0,129.25,2714.25,PKR
O003315,C00011,S002,2026-08-15 15:04:30,2026-08-15 20:58:30,completed,online,,1280,0.0,64.0,1344.0,PKR
O003316,C00351,S004,2026-08-13 07:46:06,2026-08-13 10:59:06,completed,store,PR009,3200,300.0,145.0,3045.0,PKR
O003317,C00341,S001,2026-06-16 20:39:04,2026-06-16 21:52:04,completed,store,,850,0.0,42.5,892.5,PKR
O003318,C00265,S002,2026-08-04 00:25:17,2026-08-04 03:11:17,completed,store,,2885,0.0,144.25,3029.25,PKR
O003319,C00664,S006,2026-06-09 11:00:43,2026-06-09 16:36:43,completed,online,,3550,0.0,177.5,3727.5,PKR
O003320,C00303,S004,2026-06-14 18:55:17,2026-06-14 19:00:17,returned,store,,1325,0.0,66.25,1391.25,PKR
O003321,C00651,S001,2026-08-06 00:12:05,2026-08-06 04:20:05,completed,store,PR013,4180,167.2,200.64,4213.44,PKR
O003322,C00441,S003,2026-08-20 23:49:58,2026-08-21 01:31:58,completed,store,PR009,5935,300.0,281.75,5916.75,PKR
O003323,C00260,S006,2026-06-13 19:38:49,2026-06-13 20:30:49,completed,store,PR003,3275,393.0,144.1,3026.1,PKR
O003324,C00460,S006,2026-07-16 08:19:41,2026-07-16 12:48:41,completed,store,,1495,0.0,74.75,1569.75,PKR
O003325,C00257,S005,2026-07-01 10:46:15,2026-07-01 21:16:15,completed,online,,3580,0.0,179.0,3759.0,PKR
O003326,C00641,S003,2026-08-08 20:19:11,2026-08-09 02:07:11,completed,store,,2465,0.0,123.25,2588.25,PKR
O003327,C00578,S006,2026-07-18 20:09:47,2026-07-19 07:37:47,completed,store,,3845,0.0,192.25,4037.25,PKR
O003328,C00220,S006,2026-08-18 09:35:06,2026-08-18 18:45:06,completed,store,PR009,7470,300.0,358.5,7528.5,PKR
O003329,C00174,S003,2026-08-21 08:28:32,2026-08-21 08:59:32,completed,store,,2190,0.0,109.5,2299.5,PKR
O003330,C00655,S001,2026-06-07 17:37:19,2026-06-07 23:23:19,completed,store,,1895,0.0,94.75,1989.75,PKR
O003331,C00316,S003,2026-08-13 12:15:54,2026-08-13 17:09:54,completed,store,,6505,0.0,325.25,6830.25,PKR
O003332,C00433,S006,2026-08-10 10:09:19,2026-08-10 11:33:19,completed,online,,1860,0.0,93.0,1953.0,PKR
O003333,C00529,S001,2026-08-28 16:36:50,2026-08-29 01:36:50,completed,store,,3580,0.0,179.0,3759.0,PKR
O003334,C00420,S006,2026-07-25 07:22:42,2026-07-25 16:34:42,completed,store,PR015,6155,400.0,287.75,6042.75,PKR
O003335,C00348,S002,2026-08-09 18:49:48,2026-08-09 23:58:48,completed,online,,580,0.0,29.0,609.0,PKR
O003336,C00148,S004,2026-07-17 14:12:05,2026-07-17 20:53:05,completed,store,PR010,3645,300.0,167.25,3512.25,PKR
O003337,C00647,S005,2026-08-05 07:20:47,2026-08-05 12:14:47,completed,online,PR013,11490,459.6,551.52,11581.92,PKR
O003338,C00093,S004,2026-06-04 05:46:29,2026-06-04 16:02:29,completed,store,,1790,0.0,89.5,1879.5,PKR
O003339,C00564,S001,2026-07-31 02:33:13,2026-07-31 06:29:13,completed,store,,2485,0.0,124.25,2609.25,PKR
O003340,C00169,S001,2026-07-29 15:28:38,2026-07-29 15:29:38,completed,online,,5505,0.0,275.25,5780.25,PKR
O003341,C00147,S004,2026-07-12 05:50:18,2026-07-12 07:20:18,completed,store,PR011,2040,122.4,95.88,2013.48,PKR
O003342,C00162,S006,2026-08-11 00:07:20,2026-08-11 02:22:20,completed,store,PR013,1530,61.2,73.44,1542.24,PKR
O003343,C00111,S001,2026-07-26 11:50:25,2026-07-26 12:36:25,completed,store,,5365,0.0,268.25,5633.25,PKR
O003344,C00311,S005,2026-06-07 17:34:14,2026-06-07 21:56:14,completed,store,,4610,0.0,230.5,4840.5,PKR
O003345,C00668,S003,2026-08-22 23:20:22,2026-08-23 07:07:22,completed,online,PR001,1715,171.5,77.18,1620.68,PKR
O003346,C00616,S001,2026-07-06 04:08:05,2026-07-06 15:13:05,completed,store,,4615,0.0,230.75,4845.75,PKR
O003347,C00440,S001,2026-06-02 12:24:46,2026-06-02 16:17:46,completed,store,,750,0.0,37.5,787.5,PKR
O003348,C00233,S002,2026-07-01 23:47:32,2026-07-02 11:41:32,completed,store,,4835,0.0,241.75,5076.75,PKR
O003349,C00397,S002,2026-08-31 04:40:50,2026-08-31 16:08:50,completed,store,PR009,3470,300.0,158.5,3328.5,PKR
O003350,C00038,S002,2026-06-14 04:46:23,2026-06-14 10:54:23,completed,store,,385,0.0,19.25,404.25,PKR
O003351,C00618,S004,2026-06-20 11:51:50,2026-06-20 15:24:50,completed,online,,8100,0.0,405.0,8505.0,PKR
O003352,C00096,S006,2026-06-03 02:57:37,2026-06-03 13:09:37,completed,store,,3735,0.0,186.75,3921.75,PKR
O003353,C00303,S001,2026-06-07 03:43:06,2026-06-07 09:45:06,completed,online,PR008,2495,250.0,112.25,2357.25,PKR
O003354,C00585,S003,2026-06-03 12:17:18,2026-06-03 16:23:18,completed,store,,5640,0.0,282.0,5922.0,PKR
O003355,C00343,S004,2026-08-13 21:59:37,2026-08-14 04:59:37,completed,store,,3560,0.0,178.0,3738.0,PKR
O003356,C00068,S003,2026-06-01 21:21:52,2026-06-01 21:39:52,completed,store,,5125,0.0,256.25,5381.25,PKR
O003357,C00073,S003,2026-06-13 18:56:47,2026-06-14 06:27:47,returned,store,,3755,0.0,187.75,3942.75,PKR
O003358,C00113,S002,2026-07-02 19:25:40,2026-07-02 19:30:40,completed,store,,385,0.0,19.25,404.25,PKR
O003359,C00372,S001,2026-07-06 17:57:39,2026-07-06 18:45:39,completed,store,,6905,0.0,345.25,7250.25,PKR
O003360,C00210,S004,2026-06-19 07:18:26,2026-06-19 08:51:26,completed,store,,2380,0.0,119.0,2499.0,PKR
O003361,C00729,S004,2026-07-02 19:17:30,2026-07-03 00:52:30,completed,store,,1605,0.0,80.25,1685.25,PKR
O003362,C00034,S004,2026-06-03 07:25:51,2026-06-03 07:47:51,completed,store,PR005,1935,135.45,89.98,1889.53,PKR
O003363,C00306,S002,2026-06-14 12:35:55,2026-06-14 14:43:55,completed,store,,3920,0.0,196.0,4116.0,PKR
O003364,C00081,S001,2026-07-21 19:54:25,2026-07-22 03:45:25,completed,store,,6325,0.0,316.25,6641.25,PKR
O003365,C00049,S006,2026-07-17 04:10:44,2026-07-17 06:24:44,completed,store,,890,0.0,44.5,934.5,PKR
O003366,C00025,S002,2026-08-30 06:18:58,2026-08-30 06:29:58,cancelled,store,,3640,0.0,182.0,3822.0,PKR
O003367,C00262,S006,2026-06-06 00:08:59,2026-06-06 06:27:59,cancelled,store,,2830,0.0,141.5,2971.5,PKR
O003368,C00480,S001,2026-08-14 05:00:09,2026-08-14 12:24:09,completed,store,PR001,2640,264.0,118.8,2494.8,PKR
O003369,C00667,S002,2026-06-30 11:58:18,2026-06-30 23:28:18,completed,store,,980,0.0,49.0,1029.0,PKR
O003370,C00529,S005,2026-08-04 10:29:33,2026-08-04 12:35:33,completed,store,PR013,4905,196.2,235.44,4944.24,PKR
O003371,C00370,S001,2026-08-24 23:51:40,2026-08-25 00:07:40,completed,store,PR001,1265,126.5,56.93,1195.43,PKR
O003372,C00743,S006,2026-06-20 14:59:58,2026-06-21 00:57:58,completed,store,PR005,7600,532.0,353.4,7421.4,PKR
O003373,C00132,S003,2026-07-16 12:49:06,2026-07-16 22:35:06,completed,store,,6530,0.0,326.5,6856.5,PKR
O003374,C00565,S006,2026-07-14 17:46:34,2026-07-15 01:28:34,completed,store,,2795,0.0,139.75,2934.75,PKR
O003375,C00483,S006,2026-08-15 23:46:30,2026-08-16 08:00:30,completed,store,PR001,4595,459.5,206.78,4342.28,PKR
O003376,C00025,S004,2026-08-07 13:45:16,2026-08-07 22:08:16,completed,online,,3420,0.0,171.0,3591.0,PKR
O003377,C00145,S003,2026-06-17 02:54:28,2026-06-17 03:08:28,completed,store,PR002,1650,132.0,75.9,1593.9,PKR
O003378,C00608,S005,2026-08-07 14:29:31,2026-08-08 00:29:31,completed,store,PR013,1540,61.6,73.92,1552.32,PKR
O003379,C00181,S006,2026-07-22 16:21:49,2026-07-23 00:51:49,completed,store,,6160,0.0,308.0,6468.0,PKR
O003380,C00541,S001,2026-08-20 01:31:46,2026-08-20 07:01:46,completed,store,,1700,0.0,85.0,1785.0,PKR
O003381,C00123,S005,2026-07-12 20:22:03,2026-07-12 20:57:03,completed,store,,3925,0.0,196.25,4121.25,PKR
O003382,C00710,S001,2026-07-16 18:06:02,2026-07-16 19:19:02,completed,store,PR010,9245,300.0,447.25,9392.25,PKR
O003383,C00219,S003,2026-06-15 02:29:26,2026-06-15 04:12:26,completed,store,,1555,0.0,77.75,1632.75,PKR
O003384,C00150,S002,2026-07-15 16:56:37,2026-07-16 01:35:37,completed,store,PR010,2970,300.0,133.5,2803.5,PKR
O003385,C00339,S006,2026-08-03 08:41:35,2026-08-03 18:10:35,completed,store,,3325,0.0,166.25,3491.25,PKR
O003386,C00309,S003,2026-07-09 23:13:33,2026-07-10 03:09:33,completed,store,PR011,3045,182.7,143.12,3005.42,PKR
O003387,C00508,S005,2026-06-14 16:13:28,2026-06-14 17:40:28,completed,store,,1240,0.0,62.0,1302.0,PKR
O003388,C00272,S005,2026-08-14 05:03:20,2026-08-14 07:26:20,completed,store,PR009,6480,300.0,309.0,6489.0,PKR
O003389,C00425,S001,2026-08-01 01:55:24,2026-08-01 11:12:24,completed,store,,6175,0.0,308.75,6483.75,PKR
O003390,C00339,S003,2026-06-05 17:57:16,2026-06-05 22:22:16,completed,online,,4890,0.0,244.5,5134.5,PKR
O003391,C00532,S003,2026-08-01 17:58:06,2026-08-01 20:23:06,completed,store,,7405,0.0,370.25,7775.25,PKR
O003392,C00344,S005,2026-08-27 05:24:22,2026-08-27 17:00:22,completed,store,,2350,0.0,117.5,2467.5,PKR
O003393,C00750,S002,2026-06-26 01:51:15,2026-06-26 07:10:15,completed,store,,545,0.0,27.25,572.25,PKR
O003394,C00560,S006,2026-06-13 06:19:00,2026-06-13 16:18:00,completed,store,,2395,0.0,119.75,2514.75,PKR
O003395,C00404,S005,2026-08-21 23:51:58,2026-08-22 05:08:58,completed,store,PR001,3330,333.0,149.85,3146.85,PKR
O003396,C00555,S002,2026-06-16 11:06:01,2026-06-16 12:07:01,completed,store,PR002,4920,393.6,226.32,4752.72,PKR
O003397,C00569,S001,2026-08-05 10:41:45,2026-08-05 15:18:45,completed,store,PR013,465,18.6,22.32,468.72,PKR
O003398,C00201,S003,2026-06-12 16:45:25,2026-06-12 17:42:25,completed,online,PR003,1220,146.4,53.68,1127.28,PKR
O003399,C00270,S006,2026-08-11 22:45:18,2026-08-12 09:11:18,completed,store,,2875,0.0,143.75,3018.75,PKR
O003400,C00628,S005,2026-08-13 22:09:20,2026-08-14 06:11:20,completed,store,PR009,1110,277.5,41.62,874.12,PKR
O003401,C00043,S002,2026-06-03 08:25:55,2026-06-03 14:54:55,completed,store,PR008,3965,250.0,185.75,3900.75,PKR
O003402,C00113,S004,2026-08-19 18:48:59,2026-08-20 01:47:59,completed,store,PR001,6370,637.0,286.65,6019.65,PKR
O003403,C00396,S002,2026-06-05 03:23:29,2026-06-05 15:00:29,completed,online,PR008,8005,250.0,387.75,8142.75,PKR
O003404,C00573,S005,2026-08-29 19:39:52,2026-08-30 05:10:52,completed,online,PR001,2465,246.5,110.93,2329.43,PKR
O003405,C00140,S002,2026-07-29 06:40:01,2026-07-29 18:34:01,completed,store,,1975,0.0,98.75,2073.75,PKR
O003406,C00739,S001,2026-07-17 13:28:06,2026-07-17 17:23:06,completed,store,,2850,0.0,142.5,2992.5,PKR
O003407,C00430,S003,2026-08-08 11:37:51,2026-08-08 23:01:51,completed,store,,1260,0.0,63.0,1323.0,PKR
O003408,C00612,S004,2026-07-18 08:04:51,2026-07-18 17:11:51,completed,store,,1020,0.0,51.0,1071.0,PKR
O003409,C00358,S003,2026-06-12 08:13:52,2026-06-12 08:33:52,completed,store,PR014,2165,238.15,96.34,2023.19,PKR
O003410,C00134,S004,2026-07-10 20:53:22,2026-07-10 22:58:22,completed,store,,4330,0.0,216.5,4546.5,PKR
O003411,C00021,S001,2026-06-13 17:11:40,2026-06-13 21:34:40,returned,store,,2750,0.0,137.5,2887.5,PKR
O003412,C00252,S004,2026-07-27 10:07:43,2026-07-27 20:05:43,completed,store,PR013,760,30.4,36.48,766.08,PKR
O003413,C00167,S001,2026-08-22 05:44:24,2026-08-22 10:59:24,completed,store,PR001,3970,397.0,178.65,3751.65,PKR
O003414,C00721,S003,2026-06-02 11:10:40,2026-06-02 11:35:40,completed,online,PR005,1140,79.8,53.01,1113.21,PKR
O003415,C00650,S003,2026-08-16 07:04:32,2026-08-16 14:02:32,completed,online,,10705,0.0,535.25,11240.25,PKR
O003416,C00221,S002,2026-06-25 18:58:08,2026-06-26 06:33:08,completed,store,,5565,0.0,278.25,5843.25,PKR
O003417,C00206,S001,2026-08-09 12:44:17,2026-08-09 21:54:17,completed,store,,3840,0.0,192.0,4032.0,PKR
O003418,C00656,S001,2026-06-21 21:42:49,2026-06-22 01:03:49,completed,store,,5190,0.0,259.5,5449.5,PKR
O003419,C00540,S002,2026-08-11 19:54:45,2026-08-11 23:41:45,completed,store,,7920,0.0,396.0,8316.0,PKR
O003420,C00456,S006,2026-07-19 04:52:02,2026-07-19 11:56:02,completed,store,,645,0.0,32.25,677.25,PKR
O003421,C00103,S006,2026-06-20 18:00:00,2026-06-21 05:42:00,completed,online,PR014,6450,709.5,287.03,6027.53,PKR
O003422,C00694,S006,2026-07-12 21:20:05,2026-07-12 21:41:05,completed,store,PR007,530,47.7,24.12,506.42,PKR
O003423,C00055,S003,2026-07-19 13:23:52,2026-07-20 00:32:52,completed,store,,4940,0.0,247.0,5187.0,PKR
O003424,C00682,S005,2026-06-17 15:51:43,2026-06-17 16:31:43,completed,store,PR005,6815,477.05,316.9,6654.85,PKR
O003425,C00535,S002,2026-06-13 22:08:57,2026-06-14 00:25:57,returned,online,,2540,0.0,127.0,2667.0,PKR
O003426,C00102,S003,2026-08-07 06:34:45,2026-08-07 07:49:45,completed,store,PR013,3260,130.4,156.48,3286.08,PKR
O003427,C00144,S004,2026-07-24 17:50:15,2026-07-25 00:57:15,cancelled,store,,6490,0.0,324.5,6814.5,PKR
O003428,C00237,S002,2026-07-10 09:49:27,2026-07-10 16:06:27,completed,store,,1755,0.0,87.75,1842.75,PKR
O003429,C00403,S003,2026-06-14 01:06:16,2026-06-14 13:06:16,completed,store,PR003,6130,735.6,269.72,5664.12,PKR
O003430,C00526,S003,2026-08-17 17:33:31,2026-08-17 22:03:31,completed,store,,215,0.0,10.75,225.75,PKR
O003431,C00454,S005,2026-06-06 11:50:47,2026-06-06 14:55:47,completed,store,PR003,1405,168.6,61.82,1298.22,PKR
O003432,C00538,S004,2026-08-06 21:51:47,2026-08-07 05:30:47,completed,store,,3345,0.0,167.25,3512.25,PKR
O003433,C00081,S006,2026-08-30 15:06:19,2026-08-30 15:17:19,completed,store,PR001,220,22.0,9.9,207.9,PKR
O003434,C00675,S002,2026-07-08 17:00:11,2026-07-08 18:25:11,completed,store,,11200,0.0,560.0,11760.0,PKR
O003435,C00715,S001,2026-08-19 09:19:32,2026-08-19 09:44:32,completed,store,,7995,0.0,399.75,8394.75,PKR
O003436,C00198,S003,2026-08-18 07:39:45,2026-08-18 19:16:45,completed,store,,8440,0.0,422.0,8862.0,PKR
O003437,C00636,S002,2026-06-05 15:10:25,2026-06-05 19:10:25,completed,store,,1190,0.0,59.5,1249.5,PKR
O003438,C00204,S004,2026-07-08 07:23:37,2026-07-08 18:34:37,completed,online,PR011,3825,229.5,179.78,3775.28,PKR
O003439,C00299,S006,2026-08-13 23:28:11,2026-08-14 10:11:11,completed,store,,6075,0.0,303.75,6378.75,PKR
O003440,C00262,S003,2026-06-11 22:41:17,2026-06-12 05:43:17,completed,store,PR002,2060,164.8,94.76,1989.96,PKR
O003441,C00005,S004,2026-07-21 09:15:37,2026-07-21 20:49:37,completed,store,PR012,985,49.25,46.79,982.54,PKR
O003442,C00383,S004,2026-06-17 18:05:56,2026-06-17 19:39:56,completed,store,,1845,0.0,92.25,1937.25,PKR
O003443,C00712,S006,2026-08-18 15:57:33,2026-08-18 18:18:33,completed,online,PR009,2335,300.0,101.75,2136.75,PKR
O003444,C00536,S006,2026-06-18 23:53:45,2026-06-19 07:45:45,completed,store,,3750,0.0,187.5,3937.5,PKR
O003445,C00262,S003,2026-08-04 19:14:08,2026-08-05 05:39:08,completed,store,PR013,1450,58.0,69.6,1461.6,PKR
O003446,C00193,S001,2026-08-04 03:40:32,2026-08-04 07:04:32,completed,store,,2715,0.0,135.75,2850.75,PKR
O003447,C00584,S005,2026-08-15 16:29:27,2026-08-15 16:52:27,completed,store,PR001,4735,473.5,213.08,4474.58,PKR
O003448,C00577,S002,2026-07-29 13:17:11,2026-07-29 17:24:11,completed,store,,2285,0.0,114.25,2399.25,PKR
O003449,C00259,S006,2026-06-28 08:08:45,2026-06-28 17:43:45,completed,store,,2505,0.0,125.25,2630.25,PKR
O003450,C00318,S005,2026-08-12 10:07:26,2026-08-12 15:03:26,completed,online,,8900,0.0,445.0,9345.0,PKR
O003451,C00245,S005,2026-07-14 08:50:43,2026-07-14 09:49:43,completed,store,PR011,3940,236.4,185.18,3888.78,PKR
O003452,C00739,S001,2026-08-28 09:59:30,2026-08-28 15:35:30,completed,store,,815,0.0,40.75,855.75,PKR
O003453,C00621,S001,2026-07-11 04:28:41,2026-07-11 11:51:41,cancelled,store,,385,0.0,19.25,404.25,PKR
O003454,C00524,S005,2026-06-20 12:18:13,2026-06-20 22:17:13,completed,store,PR014,2720,299.2,121.04,2541.84,PKR
O003455,C00022,S006,2026-07-26 18:11:19,2026-07-27 05:25:19,completed,store,,4545,0.0,227.25,4772.25,PKR
O003456,C00562,S001,2026-06-10 11:17:32,2026-06-10 12:28:32,completed,store,,3225,0.0,161.25,3386.25,PKR
O003457,C00173,S003,2026-06-30 07:49:18,2026-06-30 14:21:18,completed,store,,5905,0.0,295.25,6200.25,PKR
O003458,C00507,S005,2026-06-28 09:48:44,2026-06-28 12:34:44,completed,store,,1475,0.0,73.75,1548.75,PKR
O003459,C00200,S001,2026-08-03 02:30:47,2026-08-03 10:21:47,completed,online,,8470,0.0,423.5,8893.5,PKR
O003460,C00004,S005,2026-07-13 21:21:27,2026-07-14 01:53:27,completed,store,PR010,1635,300.0,66.75,1401.75,PKR
O003461,C00268,S002,2026-07-27 12:53:23,2026-07-27 22:21:23,completed,store,,2615,0.0,130.75,2745.75,PKR
O003462,C00667,S003,2026-08-17 16:05:54,2026-08-17 16:32:54,completed,store,,8400,0.0,420.0,8820.0,PKR
O003463,C00637,S002,2026-06-06 04:56:41,2026-06-06 16:17:41,completed,store,,3760,0.0,188.0,3948.0,PKR
O003464,C00631,S005,2026-08-08 00:08:37,2026-08-08 03:51:37,completed,store,,2575,0.0,128.75,2703.75,PKR
O003465,C00505,S006,2026-08-15 12:45:19,2026-08-15 17:18:19,completed,store,PR009,815,203.75,30.56,641.81,PKR
O003466,C00233,S002,2026-06-14 04:03:59,2026-06-14 08:34:59,completed,store,PR002,8785,702.8,404.11,8486.31,PKR
O003467,C00010,S001,2026-08-04 13:29:36,2026-08-04 20:55:36,completed,online,,4350,0.0,217.5,4567.5,PKR
O003468,C00098,S002,2026-06-25 03:02:56,2026-06-25 05:00:56,cancelled,store,,3960,0.0,198.0,4158.0,PKR
O003469,C00745,S004,2026-07-16 03:36:19,2026-07-16 08:08:19,completed,store,PR011,6230,373.8,292.81,6149.01,PKR
O003470,C00602,S003,2026-07-24 23:12:48,2026-07-25 05:42:48,completed,store,PR013,3130,125.2,150.24,3155.04,PKR
O003471,C00138,S002,2026-06-17 01:07:41,2026-06-17 11:31:41,completed,store,PR004,360,54.0,15.3,321.3,PKR
O003472,C00158,S006,2026-06-08 22:01:57,2026-06-09 04:52:57,completed,store,,4620,0.0,231.0,4851.0,PKR
O003473,C00648,S002,2026-08-10 11:15:30,2026-08-10 12:58:30,completed,online,,3975,0.0,198.75,4173.75,PKR
O003474,C00061,S004,2026-06-22 23:26:08,2026-06-23 02:58:08,cancelled,online,,4150,0.0,207.5,4357.5,PKR
O003475,C00563,S001,2026-06-22 17:22:15,2026-06-22 18:58:15,completed,store,,6915,0.0,345.75,7260.75,PKR
O003476,C00044,S005,2026-06-21 15:11:36,2026-06-21 19:34:36,completed,store,,3960,0.0,198.0,4158.0,PKR
O003477,C00250,S001,2026-06-10 17:47:26,2026-06-11 01:21:26,completed,store,,4590,0.0,229.5,4819.5,PKR
O003478,C00554,S003,2026-08-13 16:56:03,2026-08-14 01:21:03,completed,store,PR009,950,237.5,35.62,748.12,PKR
O003479,C00501,S003,2026-08-29 20:48:11,2026-08-30 08:37:11,completed,store,,4165,0.0,208.25,4373.25,PKR
O003480,C00061,S004,2026-07-16 21:28:31,2026-07-17 09:25:31,completed,store,,4800,0.0,240.0,5040.0,PKR
O003481,C00450,S002,2026-07-21 01:13:28,2026-07-21 05:44:28,completed,store,,6885,0.0,344.25,7229.25,PKR
O003482,C00636,S003,2026-07-15 17:14:05,2026-07-15 19:22:05,completed,store,,7185,0.0,359.25,7544.25,PKR
O003483,C00396,S005,2026-07-01 02:28:45,2026-07-01 03:31:45,completed,store,,3735,0.0,186.75,3921.75,PKR
O003484,C00314,S004,2026-07-25 14:46:21,2026-07-25 20:23:21,completed,store,,1405,0.0,70.25,1475.25,PKR
O003485,C00183,S006,2026-06-29 03:01:27,2026-06-29 10:37:27,completed,store,PR002,6815,545.2,313.49,6583.29,PKR
O003486,C00063,S003,2026-08-11 18:22:43,2026-08-11 19:02:43,completed,store,,1340,0.0,67.0,1407.0,PKR
O003487,C00138,S002,2026-06-06 08:37:59,2026-06-06 09:28:59,completed,store,PR005,2090,146.3,97.19,2040.89,PKR
O003488,C00618,S003,2026-07-12 04:37:21,2026-07-12 06:51:21,completed,store,,2365,0.0,118.25,2483.25,PKR
O003489,C00311,S001,2026-07-17 05:34:17,2026-07-17 13:43:17,completed,store,PR012,4935,246.75,234.41,4922.66,PKR
O003490,C00738,S006,2026-06-22 18:23:37,2026-06-22 22:30:37,completed,online,,5425,0.0,271.25,5696.25,PKR
O003491,C00750,S002,2026-08-17 09:03:28,2026-08-17 11:22:28,completed,online,,8090,0.0,404.5,8494.5,PKR
O003492,C00514,S006,2026-07-28 15:29:58,2026-07-28 22:19:58,completed,store,,2530,0.0,126.5,2656.5,PKR
O003493,C00172,S004,2026-08-23 14:11:13,2026-08-23 19:49:13,completed,store,,1400,0.0,70.0,1470.0,PKR
O003494,C00226,S005,2026-08-07 10:46:29,2026-08-07 16:08:29,completed,store,,1630,0.0,81.5,1711.5,PKR
O003495,C00339,S004,2026-08-11 11:24:43,2026-08-11 19:03:43,completed,store,,8425,0.0,421.25,8846.25,PKR
O003496,C00545,S003,2026-06-21 09:22:51,2026-06-21 11:58:51,returned,store,,2195,0.0,109.75,2304.75,PKR
O003497,C00459,S001,2026-06-27 17:45:45,2026-06-27 18:39:45,completed,store,PR002,2595,207.6,119.37,2506.77,PKR
O003498,C00445,S005,2026-06-03 12:59:35,2026-06-03 15:36:35,completed,online,,7300,0.0,365.0,7665.0,PKR
O003499,C00447,S006,2026-07-19 14:52:50,2026-07-19 22:10:50,completed,store,,1260,0.0,63.0,1323.0,PKR
O003500,C00675,S004,2026-06-22 19:47:28,2026-06-23 06:14:28,completed,store,,4510,0.0,225.5,4735.5,PKR
O003501,C00661,S003,2026-07-27 16:34:11,2026-07-28 03:50:11,completed,online,,5555,0.0,277.75,5832.75,PKR
O003502,C00353,S002,2026-06-27 10:03:32,2026-06-27 20:21:32,completed,store,PR002,10620,849.6,488.52,10258.92,PKR
O003503,C00087,S003,2026-07-01 19:51:34,2026-07-02 06:19:34,completed,store,,2585,0.0,129.25,2714.25,PKR
O003504,C00282,S001,2026-06-10 17:37:37,2026-06-11 04:13:37,completed,store,,1030,0.0,51.5,1081.5,PKR
O003505,C00092,S005,2026-08-17 14:46:27,2026-08-18 02:38:27,completed,store,,1755,0.0,87.75,1842.75,PKR
O003506,C00221,S006,2026-08-20 14:45:25,2026-08-20 17:35:25,completed,store,PR001,650,65.0,29.25,614.25,PKR
O003507,C00163,S001,2026-08-26 08:57:01,2026-08-26 11:50:01,completed,online,PR001,1795,179.5,80.78,1696.28,PKR
O003508,C00505,S003,2026-06-17 05:04:11,2026-06-17 14:33:11,cancelled,store,,4390,0.0,219.5,4609.5,PKR
O003509,C00253,S006,2026-08-02 07:24:00,2026-08-02 13:03:00,completed,online,,6175,0.0,308.75,6483.75,PKR
O003510,C00094,S003,2026-08-04 12:48:14,2026-08-04 14:01:14,completed,store,PR006,1900,190.0,85.5,1795.5,PKR
O003511,C00586,S006,2026-06-28 19:18:12,2026-06-28 20:22:12,completed,store,,2365,0.0,118.25,2483.25,PKR
O003512,C00312,S004,2026-06-29 03:13:44,2026-06-29 10:35:44,completed,store,,1170,0.0,58.5,1228.5,PKR
O003513,C00542,S005,2026-07-17 22:31:37,2026-07-18 02:09:37,completed,store,,1165,0.0,58.25,1223.25,PKR
O003514,C00190,S006,2026-07-03 14:16:38,2026-07-03 22:09:38,completed,store,,550,0.0,27.5,577.5,PKR
O003515,C00432,S001,2026-08-12 13:32:23,2026-08-12 13:48:23,completed,store,,415,0.0,20.75,435.75,PKR
O003516,C00321,S003,2026-07-21 08:47:18,2026-07-21 12:51:18,completed,store,,3130,0.0,156.5,3286.5,PKR
O003517,C00718,S005,2026-06-15 10:49:10,2026-06-15 10:53:10,completed,store,PR003,3060,367.2,134.64,2827.44,PKR
O003518,C00246,S003,2026-07-18 19:43:17,2026-07-18 21:41:17,completed,store,PR010,4345,300.0,202.25,4247.25,PKR
O003519,C00247,S001,2026-07-06 22:21:37,2026-07-07 03:24:37,completed,store,,5640,0.0,282.0,5922.0,PKR
O003520,C00138,S004,2026-08-28 00:45:24,2026-08-28 05:33:24,completed,store,,1200,0.0,60.0,1260.0,PKR
O003521,C00251,S003,2026-06-22 16:10:15,2026-06-22 21:53:15,completed,store,PR002,1745,139.6,80.27,1685.67,PKR
O003522,C00676,S002,2026-08-29 20:32:18,2026-08-30 08:32:18,completed,online,,755,0.0,37.75,792.75,PKR
O003523,C00683,S001,2026-07-07 02:50:43,2026-07-07 11:13:43,completed,store,PR011,2915,174.9,137.0,2877.1,PKR
O003524,C00002,S005,2026-08-01 02:21:18,2026-08-01 07:26:18,completed,online,,10725,0.0,536.25,11261.25,PKR
O003525,C00181,S004,2026-06-28 19:17:59,2026-06-29 02:05:59,completed,store,,2705,0.0,135.25,2840.25,PKR
O003526,C00320,S003,2026-06-28 00:44:12,2026-06-28 05:30:12,completed,store,,6740,0.0,337.0,7077.0,PKR
O003527,C00120,S003,2026-06-28 13:03:21,2026-06-28 15:41:21,completed,store,,1680,0.0,84.0,1764.0,PKR
O003528,C00299,S006,2026-07-08 09:36:48,2026-07-08 18:54:48,completed,store,,8605,0.0,430.25,9035.25,PKR
O003529,C00391,S006,2026-08-04 04:40:51,2026-08-04 08:59:51,completed,online,,2130,0.0,106.5,2236.5,PKR
O003530,C00662,S002,2026-06-17 20:12:34,2026-06-18 06:52:34,completed,store,,8670,0.0,433.5,9103.5,PKR
O003531,C00227,S001,2026-07-04 07:34:20,2026-07-04 19:23:20,completed,store,PR012,1465,73.25,69.59,1461.34,PKR
O003532,C00293,S003,2026-08-16 19:22:37,2026-08-17 05:54:37,completed,store,,6185,0.0,309.25,6494.25,PKR
O003533,C00265,S005,2026-06-18 20:20:20,2026-06-19 05:27:20,completed,store,PR003,5685,682.2,250.14,5252.94,PKR
O003534,C00422,S002,2026-07-16 17:55:57,2026-07-17 01:44:57,completed,store,,4240,0.0,212.0,4452.0,PKR
O003535,C00115,S001,2026-08-30 16:23:19,2026-08-31 01:52:19,completed,online,PR009,8050,300.0,387.5,8137.5,PKR
O003536,C00174,S006,2026-07-02 20:58:30,2026-07-02 21:14:30,completed,online,,7595,0.0,379.75,7974.75,PKR
O003537,C00693,S003,2026-07-27 17:59:11,2026-07-27 19:47:11,completed,online,PR013,3685,147.4,176.88,3714.48,PKR
O003538,C00658,S006,2026-07-05 18:19:10,2026-07-06 03:41:10,completed,store,,3625,0.0,181.25,3806.25,PKR
O003539,C00613,S006,2026-06-06 05:13:13,2026-06-06 15:56:13,completed,store,,450,0.0,22.5,472.5,PKR
O003540,C00641,S002,2026-06-27 22:03:57,2026-06-28 02:42:57,cancelled,store,,3280,0.0,164.0,3444.0,PKR
O003541,C00465,S003,2026-07-30 03:46:59,2026-07-30 12:35:59,completed,store,,1710,0.0,85.5,1795.5,PKR
O003542,C00723,S001,2026-07-06 20:34:49,2026-07-06 22:50:49,completed,store,PR012,1710,85.5,81.23,1705.73,PKR
O003543,C00151,S006,2026-07-02 11:36:58,2026-07-02 11:57:58,completed,store,,220,0.0,11.0,231.0,PKR
O003544,C00512,S002,2026-07-24 10:16:36,2026-07-24 14:00:36,completed,store,PR013,385,15.4,18.48,388.08,PKR
O003545,C00429,S004,2026-08-25 03:28:23,2026-08-25 09:22:23,completed,store,PR009,3000,300.0,135.0,2835.0,PKR
O003546,C00053,S006,2026-08-28 18:07:54,2026-08-29 04:48:54,completed,store,PR001,2430,243.0,109.35,2296.35,PKR
O003547,C00263,S004,2026-06-28 21:10:01,2026-06-29 05:14:01,completed,store,,5145,0.0,257.25,5402.25,PKR
O003548,C00582,S002,2026-07-14 01:02:07,2026-07-14 08:28:07,completed,online,,1815,0.0,90.75,1905.75,PKR
O003549,C00362,S001,2026-06-04 17:57:25,2026-06-05 01:42:25,completed,store,,650,0.0,32.5,682.5,PKR
O003550,C00479,S006,2026-08-05 02:11:43,2026-08-05 06:38:43,completed,store,,475,0.0,23.75,498.75,PKR
O003551,C00694,S005,2026-06-18 11:17:39,2026-06-18 14:34:39,completed,online,,2525,0.0,126.25,2651.25,PKR
O003552,C00367,S006,2026-07-25 06:12:15,2026-07-25 13:43:15,completed,store,,5730,0.0,286.5,6016.5,PKR
O003553,C00051,S003,2026-08-15 16:56:57,2026-08-15 18:42:57,completed,store,PR009,2075,300.0,88.75,1863.75,PKR
O003554,C00572,S001,2026-08-30 19:44:04,2026-08-31 03:23:04,cancelled,online,,7245,0.0,362.25,7607.25,PKR
O003555,C00557,S004,2026-07-25 11:44:11,2026-07-25 14:58:11,completed,store,,10265,0.0,513.25,10778.25,PKR
O003556,C00704,S002,2026-07-05 02:37:12,2026-07-05 07:41:12,completed,store,PR012,2265,113.25,107.59,2259.34,PKR
O003557,C00118,S003,2026-08-28 11:30:04,2026-08-28 14:18:04,cancelled,store,,4825,0.0,241.25,5066.25,PKR
O003558,C00684,S003,2026-07-18 13:50:45,2026-07-19 00:57:45,completed,store,,810,0.0,40.5,850.5,PKR
O003559,C00308,S005,2026-08-24 10:47:21,2026-08-24 14:08:21,completed,online,PR001,9750,975.0,438.75,9213.75,PKR
O003560,C00122,S002,2026-08-02 10:45:04,2026-08-02 19:48:04,completed,store,PR013,2615,104.6,125.52,2635.92,PKR
O003561,C00282,S004,2026-08-05 09:30:10,2026-08-05 16:50:10,cancelled,store,PR006,4385,438.5,197.33,4143.83,PKR
O003562,C00706,S003,2026-07-10 03:56:32,2026-07-10 09:36:32,completed,store,PR015,3585,400.0,159.25,3344.25,PKR
O003563,C00403,S006,2026-08-25 17:43:45,2026-08-25 23:05:45,completed,store,,3885,0.0,194.25,4079.25,PKR
O003564,C00188,S003,2026-08-08 22:46:54,2026-08-09 00:42:54,completed,online,PR013,600,24.0,28.8,604.8,PKR
O003565,C00490,S004,2026-06-29 12:15:04,2026-06-29 18:12:04,cancelled,store,,4255,0.0,212.75,4467.75,PKR
O003566,C00643,S005,2026-06-19 09:07:58,2026-06-19 17:53:58,completed,store,,4600,0.0,230.0,4830.0,PKR
O003567,C00150,S003,2026-07-08 11:06:33,2026-07-08 21:11:33,returned,store,PR007,5070,456.3,230.69,4844.39,PKR
O003568,C00142,S001,2026-07-12 19:41:08,2026-07-12 22:56:08,completed,online,PR010,1180,295.0,44.25,929.25,PKR
O003569,C00030,S004,2026-08-23 13:56:43,2026-08-24 01:51:43,completed,store,PR001,2040,204.0,91.8,1927.8,PKR
O003570,C00323,S001,2026-06-21 01:45:24,2026-06-21 03:14:24,completed,store,,8035,0.0,401.75,8436.75,PKR
O003571,C00530,S001,2026-07-11 13:58:50,2026-07-11 16:55:50,completed,store,PR007,3380,304.2,153.79,3229.59,PKR
O003572,C00175,S006,2026-08-06 04:01:37,2026-08-06 06:27:37,completed,online,,4550,0.0,227.5,4777.5,PKR
O003573,C00293,S006,2026-08-26 00:32:08,2026-08-26 12:16:08,completed,store,PR009,1190,297.5,44.62,937.12,PKR
O003574,C00391,S002,2026-08-01 19:08:22,2026-08-01 23:30:22,completed,store,PR013,4210,168.4,202.08,4243.68,PKR
O003575,C00524,S002,2026-08-07 04:59:11,2026-08-07 16:46:11,completed,online,PR006,8745,874.5,393.53,8264.03,PKR
O003576,C00663,S002,2026-06-26 01:59:52,2026-06-26 09:59:52,completed,store,PR002,2565,205.2,117.99,2477.79,PKR
O003577,C00300,S001,2026-06-11 12:24:26,2026-06-11 21:35:26,completed,online,,1470,0.0,73.5,1543.5,PKR
O003578,C00553,S001,2026-08-18 23:39:43,2026-08-19 07:05:43,completed,store,PR009,3025,300.0,136.25,2861.25,PKR
O003579,C00183,S002,2026-08-27 16:07:23,2026-08-27 23:41:23,completed,store,,550,0.0,27.5,577.5,PKR
O003580,C00438,S006,2026-06-05 14:53:14,2026-06-06 01:10:14,completed,store,,7230,0.0,361.5,7591.5,PKR
O003581,C00575,S002,2026-08-17 23:01:30,2026-08-18 03:05:30,completed,online,,1685,0.0,84.25,1769.25,PKR
O003582,C00296,S001,2026-08-29 16:01:20,2026-08-30 03:24:20,completed,store,,2905,0.0,145.25,3050.25,PKR
O003583,C00561,S002,2026-08-04 12:36:26,2026-08-05 00:15:26,completed,online,,1075,0.0,53.75,1128.75,PKR
O003584,C00094,S004,2026-06-03 17:42:11,2026-06-03 20:50:11,completed,store,,9160,0.0,458.0,9618.0,PKR
O003585,C00481,S002,2026-08-23 19:05:12,2026-08-24 00:34:12,completed,store,PR001,1980,198.0,89.1,1871.1,PKR
O003586,C00418,S006,2026-06-29 04:41:45,2026-06-29 06:10:45,completed,online,,2240,0.0,112.0,2352.0,PKR
O003587,C00645,S001,2026-07-22 18:15:12,2026-07-23 02:55:12,completed,online,PR015,1000,250.0,37.5,787.5,PKR
O003588,C00619,S004,2026-08-13 09:50:52,2026-08-13 11:55:52,completed,store,,270,0.0,13.5,283.5,PKR
O003589,C00262,S006,2026-07-20 18:15:11,2026-07-21 05:12:11,completed,store,,1590,0.0,79.5,1669.5,PKR
O003590,C00472,S003,2026-08-01 08:29:29,2026-08-01 14:40:29,completed,store,PR013,660,26.4,31.68,665.28,PKR
O003591,C00521,S005,2026-07-22 05:07:35,2026-07-22 15:05:35,completed,store,,6615,0.0,330.75,6945.75,PKR
O003592,C00153,S001,2026-08-06 15:51:35,2026-08-06 22:18:35,completed,online,PR013,2040,81.6,97.92,2056.32,PKR
O003593,C00696,S006,2026-07-30 13:39:46,2026-07-30 22:53:46,cancelled,store,PR013,1100,44.0,52.8,1108.8,PKR
O003594,C00470,S005,2026-07-24 03:31:04,2026-07-24 09:18:04,completed,online,PR015,2100,400.0,85.0,1785.0,PKR
O003595,C00299,S001,2026-08-12 19:46:29,2026-08-13 05:24:29,completed,store,,205,0.0,10.25,215.25,PKR
O003596,C00521,S006,2026-08-20 17:53:28,2026-08-20 23:01:28,completed,store,PR009,4365,300.0,203.25,4268.25,PKR
O003597,C00106,S002,2026-08-25 12:24:40,2026-08-25 20:50:40,returned,store,,3740,0.0,187.0,3927.0,PKR
O003598,C00127,S002,2026-06-25 02:12:45,2026-06-25 07:49:45,completed,online,,6165,0.0,308.25,6473.25,PKR
O003599,C00283,S006,2026-07-03 23:24:28,2026-07-03 23:59:28,completed,store,PR007,3195,287.55,145.37,3052.82,PKR
O003600,C00106,S002,2026-08-31 15:26:48,2026-08-31 19:29:48,completed,online,PR001,2810,281.0,126.45,2655.45,PKR
O003601,C00469,S001,2026-08-11 13:38:13,2026-08-11 17:33:13,cancelled,store,,6045,0.0,302.25,6347.25,PKR
O003602,C00413,S001,2026-07-24 17:47:52,2026-07-24 18:30:52,completed,online,,4005,0.0,200.25,4205.25,PKR
O003603,C00684,S001,2026-07-07 04:34:26,2026-07-07 06:04:26,completed,store,PR012,2430,121.5,115.43,2423.93,PKR
O003604,C00707,S005,2026-06-18 11:26:13,2026-06-18 23:14:13,completed,store,PR004,935,140.25,39.74,834.49,PKR
O003605,C00458,S006,2026-06-30 23:41:02,2026-07-01 05:28:02,completed,store,,8110,0.0,405.5,8515.5,PKR
O003606,C00414,S004,2026-07-24 02:24:53,2026-07-24 07:57:53,completed,store,,380,0.0,19.0,399.0,PKR
O003607,C00338,S004,2026-08-25 07:44:52,2026-08-25 11:26:52,completed,store,PR001,6060,606.0,272.7,5726.7,PKR
O003608,C00497,S006,2026-06-15 11:44:52,2026-06-15 20:57:52,completed,store,,3585,0.0,179.25,3764.25,PKR
O003609,C00072,S001,2026-07-06 17:56:50,2026-07-06 22:27:50,completed,store,PR011,3900,234.0,183.3,3849.3,PKR
O003610,C00713,S006,2026-08-31 16:33:40,2026-08-31 21:55:40,completed,store,,265,0.0,13.25,278.25,PKR
O003611,C00561,S001,2026-08-23 15:46:48,2026-08-23 18:14:48,completed,store,,8090,0.0,404.5,8494.5,PKR
O003612,C00170,S002,2026-08-30 18:38:03,2026-08-31 06:15:03,completed,store,,1090,0.0,54.5,1144.5,PKR
O003613,C00408,S003,2026-07-18 05:46:10,2026-07-18 10:35:10,completed,store,,450,0.0,22.5,472.5,PKR
O003614,C00559,S004,2026-08-11 05:54:07,2026-08-11 17:40:07,completed,store,,595,0.0,29.75,624.75,PKR
O003615,C00111,S001,2026-06-09 17:03:29,2026-06-10 04:46:29,completed,store,PR008,610,152.5,22.88,480.38,PKR
O003616,C00635,S004,2026-08-31 12:21:17,2026-08-31 16:55:17,completed,online,PR001,1960,196.0,88.2,1852.2,PKR
O003617,C00644,S001,2026-07-19 17:05:04,2026-07-19 22:45:04,completed,store,,820,0.0,41.0,861.0,PKR
O003618,C00434,S005,2026-06-07 05:40:26,2026-06-07 12:46:26,completed,store,,2195,0.0,109.75,2304.75,PKR
O003619,C00479,S001,2026-07-26 23:55:51,2026-07-27 11:34:51,completed,store,,2970,0.0,148.5,3118.5,PKR
O003620,C00678,S006,2026-07-26 22:41:49,2026-07-26 22:45:49,completed,store,,3670,0.0,183.5,3853.5,PKR
O003621,C00645,S002,2026-07-12 16:25:16,2026-07-12 20:46:16,completed,online,PR012,2155,107.75,102.36,2149.61,PKR
O003622,C00047,S006,2026-07-17 01:27:13,2026-07-17 07:11:13,completed,store,,8015,0.0,400.75,8415.75,PKR
O003623,C00510,S003,2026-08-11 11:05:52,2026-08-11 20:59:52,completed,store,,3810,0.0,190.5,4000.5,PKR
O003624,C00586,S003,2026-07-26 11:29:10,2026-07-26 17:00:10,completed,store,PR013,5375,215.0,258.0,5418.0,PKR
O003625,C00480,S006,2026-06-16 13:40:30,2026-06-16 19:56:30,completed,store,,1765,0.0,88.25,1853.25,PKR
O003626,C00595,S005,2026-06-06 06:30:34,2026-06-06 12:50:34,completed,store,PR008,2385,250.0,106.75,2241.75,PKR
O003627,C00223,S006,2026-08-23 21:24:44,2026-08-24 09:19:44,completed,online,,1730,0.0,86.5,1816.5,PKR
O003628,C00375,S003,2026-06-12 13:19:17,2026-06-12 21:26:17,completed,store,,1985,0.0,99.25,2084.25,PKR
O003629,C00341,S003,2026-08-18 18:49:20,2026-08-19 00:02:20,completed,store,PR001,4010,401.0,180.45,3789.45,PKR
O003630,C00696,S001,2026-07-21 17:46:27,2026-07-22 01:34:27,completed,store,PR012,600,30.0,28.5,598.5,PKR
O003631,C00268,S004,2026-08-30 17:08:43,2026-08-30 20:58:43,completed,online,,1195,0.0,59.75,1254.75,PKR
O003632,C00120,S006,2026-08-06 00:57:29,2026-08-06 09:23:29,completed,online,,1555,0.0,77.75,1632.75,PKR
O003633,C00061,S002,2026-06-20 02:41:07,2026-06-20 08:12:07,completed,store,,750,0.0,37.5,787.5,PKR
O003634,C00266,S006,2026-06-11 22:36:44,2026-06-12 02:55:44,completed,online,PR002,4685,374.8,215.51,4525.71,PKR
O003635,C00208,S002,2026-06-22 04:46:19,2026-06-22 16:44:19,completed,store,PR005,2425,169.75,112.76,2368.01,PKR
O003636,C00249,S004,2026-08-18 16:44:18,2026-08-18 17:15:18,completed,store,,6630,0.0,331.5,6961.5,PKR
O003637,C00553,S006,2026-08-16 19:05:43,2026-08-16 19:49:43,completed,store,,9035,0.0,451.75,9486.75,PKR
O003638,C00649,S004,2026-07-05 22:59:45,2026-07-06 06:35:45,completed,store,PR011,1800,108.0,84.6,1776.6,PKR
O003639,C00714,S002,2026-07-02 03:46:19,2026-07-02 15:04:19,completed,store,PR002,3015,241.2,138.69,2912.49,PKR
O003640,C00744,S005,2026-07-28 18:43:21,2026-07-29 05:40:21,completed,store,PR015,3330,400.0,146.5,3076.5,PKR
O003641,C00036,S002,2026-06-04 12:31:07,2026-06-04 19:03:07,completed,store,,6525,0.0,326.25,6851.25,PKR
O003642,C00683,S001,2026-06-20 03:39:42,2026-06-20 05:29:42,cancelled,store,PR004,220,33.0,9.35,196.35,PKR
O003643,C00535,S005,2026-06-04 22:40:15,2026-06-05 01:08:15,completed,store,PR014,2735,300.85,121.71,2555.86,PKR
O003644,C00301,S002,2026-06-08 14:20:28,2026-06-08 21:02:28,completed,store,PR008,10010,250.0,488.0,10248.0,PKR
O003645,C00685,S001,2026-06-09 12:04:28,2026-06-09 13:59:28,completed,store,,155,0.0,7.75,162.75,PKR
O003646,C00369,S005,2026-06-12 20:50:31,2026-06-13 02:33:31,completed,online,PR002,3080,246.4,141.68,2975.28,PKR
O003647,C00706,S002,2026-08-18 22:38:10,2026-08-19 08:16:10,completed,online,PR009,3770,300.0,173.5,3643.5,PKR
O003648,C00738,S005,2026-08-23 02:08:42,2026-08-23 11:22:42,cancelled,store,PR001,7915,791.5,356.18,7479.68,PKR
O003649,C00107,S001,2026-06-21 19:51:15,2026-06-22 04:34:15,completed,store,PR004,2180,327.0,92.65,1945.65,PKR
O003650,C00543,S005,2026-06-23 10:47:47,2026-06-23 20:41:47,completed,store,PR004,3490,523.5,148.33,3114.83,PKR
O003651,C00130,S003,2026-06-11 11:19:57,2026-06-11 21:34:57,completed,online,,1755,0.0,87.75,1842.75,PKR
O003652,C00243,S005,2026-07-29 22:59:19,2026-07-30 06:26:19,completed,store,,1020,0.0,51.0,1071.0,PKR
O003653,C00526,S001,2026-06-24 05:02:31,2026-06-24 07:34:31,completed,online,,2080,0.0,104.0,2184.0,PKR
O003654,C00154,S002,2026-08-26 19:44:37,2026-08-27 04:15:37,completed,store,,11645,0.0,582.25,12227.25,PKR
O003655,C00725,S004,2026-07-01 18:50:25,2026-07-02 00:42:25,completed,store,,7180,0.0,359.0,7539.0,PKR
O003656,C00058,S002,2026-07-19 18:52:36,2026-07-19 20:19:36,completed,online,,2585,0.0,129.25,2714.25,PKR
O003657,C00110,S006,2026-06-06 13:20:46,2026-06-07 00:59:46,completed,store,PR003,685,82.2,30.14,632.94,PKR
O003658,C00181,S002,2026-08-06 06:38:08,2026-08-06 16:49:08,completed,store,PR013,2390,95.6,114.72,2409.12,PKR
O003659,C00711,S002,2026-08-05 08:22:14,2026-08-05 20:19:14,completed,store,PR013,1790,71.6,85.92,1804.32,PKR
O003660,C00572,S001,2026-07-08 02:19:57,2026-07-08 11:17:57,completed,store,,1810,0.0,90.5,1900.5,PKR
O003661,C00203,S003,2026-08-22 02:29:58,2026-08-22 05:04:58,completed,store,,6880,0.0,344.0,7224.0,PKR
O003662,C00143,S003,2026-07-04 16:05:31,2026-07-04 19:08:31,completed,store,PR002,4255,340.4,195.73,4110.33,PKR
O003663,C00540,S004,2026-07-17 12:04:56,2026-07-17 19:44:56,completed,store,,3520,0.0,176.0,3696.0,PKR
O003664,C00012,S001,2026-06-21 01:38:58,2026-06-21 12:42:58,completed,store,,1630,0.0,81.5,1711.5,PKR
O003665,C00307,S003,2026-08-28 15:02:31,2026-08-29 00:55:31,completed,store,,1700,0.0,85.0,1785.0,PKR
O003666,C00204,S004,2026-06-05 20:04:28,2026-06-05 22:38:28,completed,store,,1945,0.0,97.25,2042.25,PKR
O003667,C00350,S001,2026-07-01 06:50:14,2026-07-01 14:33:14,completed,store,,15350,0.0,767.5,16117.5,PKR
O003668,C00145,S004,2026-07-01 07:26:37,2026-07-01 11:18:37,completed,store,,3505,0.0,175.25,3680.25,PKR
O003669,C00254,S004,2026-06-26 13:34:01,2026-06-26 15:21:01,completed,store,,2105,0.0,105.25,2210.25,PKR
O003670,C00571,S002,2026-07-28 04:45:43,2026-07-28 08:20:43,completed,store,,7260,0.0,363.0,7623.0,PKR
O003671,C00549,S001,2026-08-15 18:21:18,2026-08-15 22:19:18,completed,store,,3385,0.0,169.25,3554.25,PKR
O003672,C00117,S005,2026-06-21 02:37:32,2026-06-21 13:49:32,completed,store,PR014,8405,924.55,374.02,7854.47,PKR
O003673,C00318,S002,2026-07-09 19:26:52,2026-07-09 21:46:52,returned,store,,2240,0.0,112.0,2352.0,PKR
O003674,C00307,S002,2026-06-26 19:47:26,2026-06-27 05:44:26,completed,store,,3655,0.0,182.75,3837.75,PKR
O003675,C00363,S002,2026-06-04 03:10:12,2026-06-04 07:48:12,completed,store,PR014,4525,497.75,201.36,4228.61,PKR
O003676,C00418,S006,2026-06-21 09:03:34,2026-06-21 10:29:34,cancelled,store,,720,0.0,36.0,756.0,PKR
O003677,C00368,S004,2026-06-29 19:53:42,2026-06-30 02:19:42,completed,store,,3945,0.0,197.25,4142.25,PKR
O003678,C00512,S003,2026-08-14 06:35:25,2026-08-14 10:26:25,completed,store,,2805,0.0,140.25,2945.25,PKR
O003679,C00549,S003,2026-08-05 22:58:29,2026-08-06 03:24:29,completed,store,,795,0.0,39.75,834.75,PKR
O003680,C00747,S003,2026-07-05 03:06:32,2026-07-05 13:23:32,completed,store,,1920,0.0,96.0,2016.0,PKR
O003681,C00709,S005,2026-08-27 22:37:44,2026-08-28 05:40:44,cancelled,store,,8830,0.0,441.5,9271.5,PKR
O003682,C00093,S006,2026-06-17 11:56:37,2026-06-17 22:06:37,completed,store,,850,0.0,42.5,892.5,PKR
O003683,C00218,S005,2026-07-06 12:59:12,2026-07-06 14:41:12,completed,store,PR012,980,49.0,46.55,977.55,PKR
O003684,C00470,S005,2026-06-04 10:28:28,2026-06-04 14:19:28,completed,store,,5250,0.0,262.5,5512.5,PKR
O003685,C00212,S006,2026-07-09 17:45:24,2026-07-09 22:43:24,completed,store,,5555,0.0,277.75,5832.75,PKR
O003686,C00410,S003,2026-06-12 19:35:08,2026-06-12 23:06:08,completed,store,,2060,0.0,103.0,2163.0,PKR
O003687,C00625,S001,2026-07-25 06:38:57,2026-07-25 18:11:57,completed,store,PR013,2940,117.6,141.12,2963.52,PKR
O003688,C00428,S005,2026-06-28 06:59:41,2026-06-28 12:44:41,completed,store,,3110,0.0,155.5,3265.5,PKR
O003689,C00006,S003,2026-07-20 00:41:25,2026-07-20 10:18:25,completed,store,PR013,2015,80.6,96.72,2031.12,PKR
O003690,C00682,S006,2026-08-28 00:18:42,2026-08-28 07:56:42,completed,store,,2455,0.0,122.75,2577.75,PKR
O003691,C00464,S006,2026-07-04 06:51:33,2026-07-04 15:51:33,completed,store,,2820,0.0,141.0,2961.0,PKR
O003692,C00299,S003,2026-08-21 11:59:15,2026-08-21 13:31:15,completed,online,PR009,11070,300.0,538.5,11308.5,PKR
O003693,C00046,S004,2026-07-20 00:25:50,2026-07-20 11:17:50,completed,store,,3875,0.0,193.75,4068.75,PKR
O003694,C00202,S005,2026-08-10 15:45:19,2026-08-10 23:50:19,completed,store,PR013,8805,352.2,422.64,8875.44,PKR
O003695,C00553,S003,2026-07-10 19:16:31,2026-07-10 20:43:31,completed,store,PR010,3990,300.0,184.5,3874.5,PKR
O003696,C00579,S001,2026-08-28 04:25:48,2026-08-28 04:30:48,completed,store,,6610,0.0,330.5,6940.5,PKR
O003697,C00172,S001,2026-07-04 11:09:25,2026-07-04 17:18:25,completed,store,,3185,0.0,159.25,3344.25,PKR
O003698,C00160,S004,2026-08-05 16:28:37,2026-08-06 01:21:37,completed,store,PR013,8560,342.4,410.88,8628.48,PKR
O003699,C00204,S005,2026-06-02 14:47:39,2026-06-02 22:49:39,completed,store,PR008,5200,250.0,247.5,5197.5,PKR
O003700,C00469,S004,2026-07-21 18:15:32,2026-07-21 20:59:32,completed,store,,9180,0.0,459.0,9639.0,PKR
O003701,C00447,S002,2026-07-21 07:53:48,2026-07-21 15:31:48,cancelled,store,,805,0.0,40.25,845.25,PKR
O003702,C00590,S001,2026-08-18 11:35:26,2026-08-18 23:10:26,completed,store,,8625,0.0,431.25,9056.25,PKR
O003703,C00216,S005,2026-08-11 05:36:46,2026-08-11 14:34:46,completed,store,,2540,0.0,127.0,2667.0,PKR
O003704,C00652,S006,2026-07-19 12:19:23,2026-07-19 23:46:23,completed,store,,6835,0.0,341.75,7176.75,PKR
O003705,C00272,S001,2026-07-01 15:41:06,2026-07-01 21:23:06,cancelled,store,,4930,0.0,246.5,5176.5,PKR
O003706,C00239,S001,2026-08-29 05:10:03,2026-08-29 10:51:03,returned,store,,720,0.0,36.0,756.0,PKR
O003707,C00004,S001,2026-08-26 19:37:26,2026-08-27 03:18:26,completed,store,PR009,4315,300.0,200.75,4215.75,PKR
O003708,C00269,S006,2026-06-03 12:13:01,2026-06-03 16:47:01,completed,store,,8775,0.0,438.75,9213.75,PKR
O003709,C00176,S001,2026-06-14 21:03:17,2026-06-15 01:37:17,completed,store,,3210,0.0,160.5,3370.5,PKR
O003710,C00550,S004,2026-07-21 14:14:19,2026-07-21 16:25:19,completed,store,,2155,0.0,107.75,2262.75,PKR
O003711,C00053,S003,2026-06-29 09:29:03,2026-06-29 13:02:03,completed,store,,3930,0.0,196.5,4126.5,PKR
O003712,C00591,S002,2026-06-16 04:51:37,2026-06-16 15:41:37,completed,store,,2815,0.0,140.75,2955.75,PKR
O003713,C00004,S003,2026-06-16 20:01:33,2026-06-16 20:39:33,completed,store,,2150,0.0,107.5,2257.5,PKR
O003714,C00565,S006,2026-07-24 01:52:59,2026-07-24 11:05:59,completed,store,,3720,0.0,186.0,3906.0,PKR
O003715,C00441,S004,2026-06-14 02:43:15,2026-06-14 04:58:15,completed,online,PR005,9330,653.1,433.85,9110.75,PKR
O003716,C00023,S003,2026-08-21 20:55:37,2026-08-21 23:38:37,completed,store,,1560,0.0,78.0,1638.0,PKR
O003717,C00596,S001,2026-08-11 06:45:38,2026-08-11 16:14:38,cancelled,store,,8850,0.0,442.5,9292.5,PKR
O003718,C00554,S005,2026-06-03 02:05:05,2026-06-03 05:50:05,completed,store,PR005,7485,523.95,348.05,7309.1,PKR
O003719,C00711,S005,2026-08-09 13:20:50,2026-08-09 22:04:50,completed,store,PR013,6435,257.4,308.88,6486.48,PKR
O003720,C00044,S006,2026-07-31 21:07:42,2026-08-01 03:52:42,completed,store,,5955,0.0,297.75,6252.75,PKR
O003721,C00545,S003,2026-07-28 11:57:30,2026-07-28 19:58:30,completed,store,PR015,3790,400.0,169.5,3559.5,PKR
O003722,C00431,S003,2026-07-08 12:58:57,2026-07-08 23:49:57,completed,store,,1500,0.0,75.0,1575.0,PKR
O003723,C00456,S002,2026-07-26 19:28:07,2026-07-27 00:24:07,completed,store,,5235,0.0,261.75,5496.75,PKR
O003724,C00689,S003,2026-06-23 03:54:40,2026-06-23 08:14:40,completed,store,,2505,0.0,125.25,2630.25,PKR
O003725,C00362,S005,2026-08-29 00:10:44,2026-08-29 11:05:44,completed,store,PR009,4730,300.0,221.5,4651.5,PKR
O003726,C00532,S003,2026-06-15 02:46:12,2026-06-15 11:59:12,completed,online,PR005,3320,232.4,154.38,3241.98,PKR
O003727,C00474,S004,2026-07-12 04:40:00,2026-07-12 07:24:00,completed,store,,1930,0.0,96.5,2026.5,PKR
O003728,C00162,S005,2026-06-23 18:36:05,2026-06-23 21:52:05,completed,online,,2030,0.0,101.5,2131.5,PKR
O003729,C00349,S001,2026-07-05 02:33:15,2026-07-05 10:51:15,completed,store,PR012,1470,73.5,69.83,1466.33,PKR
O003730,C00188,S005,2026-07-01 04:34:04,2026-07-01 13:32:04,completed,store,,270,0.0,13.5,283.5,PKR
O003731,C00132,S005,2026-07-23 00:04:48,2026-07-23 04:01:48,cancelled,store,PR013,6020,240.8,288.96,6068.16,PKR
O003732,C00496,S005,2026-07-17 09:12:55,2026-07-17 10:23:55,completed,store,PR015,3285,400.0,144.25,3029.25,PKR
O003733,C00350,S003,2026-07-22 11:03:55,2026-07-22 15:49:55,completed,store,PR015,1460,365.0,54.75,1149.75,PKR
O003734,C00446,S001,2026-07-28 08:50:20,2026-07-28 18:42:20,completed,store,,1275,0.0,63.75,1338.75,PKR
O003735,C00383,S001,2026-08-19 22:43:04,2026-08-20 02:58:04,completed,store,,5415,0.0,270.75,5685.75,PKR
O003736,C00675,S003,2026-07-30 02:40:52,2026-07-30 06:32:52,completed,store,,5740,0.0,287.0,6027.0,PKR
O003737,C00182,S002,2026-08-06 06:30:02,2026-08-06 13:34:02,completed,online,,4400,0.0,220.0,4620.0,PKR
O003738,C00419,S003,2026-07-28 14:38:39,2026-07-28 15:21:39,completed,store,PR015,8660,400.0,413.0,8673.0,PKR
O003739,C00580,S005,2026-06-11 09:14:30,2026-06-11 13:22:30,cancelled,store,PR005,4115,288.05,191.35,4018.3,PKR
O003740,C00452,S006,2026-06-17 20:22:45,2026-06-17 22:15:45,returned,store,,1790,0.0,89.5,1879.5,PKR
O003741,C00018,S003,2026-08-25 21:32:59,2026-08-26 02:17:59,completed,store,,3365,0.0,168.25,3533.25,PKR
O003742,C00128,S003,2026-07-23 23:44:40,2026-07-24 03:09:40,cancelled,store,PR015,2645,400.0,112.25,2357.25,PKR
O003743,C00422,S004,2026-08-13 18:28:00,2026-08-13 22:33:00,completed,store,,1730,0.0,86.5,1816.5,PKR
O003744,C00736,S005,2026-06-09 19:36:00,2026-06-09 19:39:00,completed,store,,1940,0.0,97.0,2037.0,PKR
O003745,C00701,S006,2026-08-11 23:12:38,2026-08-12 01:44:38,cancelled,store,PR013,2910,116.4,139.68,2933.28,PKR
O003746,C00520,S004,2026-08-27 14:32:56,2026-08-28 02:27:56,completed,online,PR001,3095,309.5,139.28,2924.78,PKR
O003747,C00734,S002,2026-07-12 15:50:21,2026-07-12 18:18:21,completed,online,PR010,1560,300.0,63.0,1323.0,PKR
O003748,C00465,S003,2026-07-12 20:11:03,2026-07-13 01:24:03,completed,store,PR015,6340,400.0,297.0,6237.0,PKR
O003749,C00384,S004,2026-08-28 12:34:28,2026-08-28 12:41:28,completed,store,,3275,0.0,163.75,3438.75,PKR
O003750,C00156,S006,2026-07-30 05:41:14,2026-07-30 10:53:14,completed,store,,4395,0.0,219.75,4614.75,PKR
O003751,C00375,S006,2026-07-30 09:50:27,2026-07-30 21:36:27,completed,online,PR013,3000,120.0,144.0,3024.0,PKR
O003752,C00607,S006,2026-08-21 04:34:19,2026-08-21 13:36:19,completed,store,PR001,3910,391.0,175.95,3694.95,PKR
O003753,C00448,S004,2026-06-01 14:42:31,2026-06-01 15:42:31,completed,store,,375,0.0,18.75,393.75,PKR
O003754,C00386,S005,2026-06-29 22:10:01,2026-06-30 02:55:01,completed,store,,2560,0.0,128.0,2688.0,PKR
O003755,C00200,S002,2026-06-04 06:39:40,2026-06-04 07:03:40,completed,online,,850,0.0,42.5,892.5,PKR
O003756,C00116,S001,2026-06-09 12:20:01,2026-06-09 16:56:01,completed,online,,2930,0.0,146.5,3076.5,PKR
O003757,C00412,S004,2026-08-21 05:12:05,2026-08-21 13:22:05,completed,online,PR001,3155,315.5,141.97,2981.47,PKR
O003758,C00312,S001,2026-08-13 01:42:30,2026-08-13 12:23:30,completed,store,PR009,4840,300.0,227.0,4767.0,PKR
O003759,C00420,S003,2026-06-02 18:54:17,2026-06-03 00:21:17,completed,store,,1890,0.0,94.5,1984.5,PKR
O003760,C00408,S004,2026-06-18 18:27:06,2026-06-19 02:50:06,completed,store,,3295,0.0,164.75,3459.75,PKR
O003761,C00062,S003,2026-07-02 03:55:51,2026-07-02 09:03:51,completed,store,,2155,0.0,107.75,2262.75,PKR
O003762,C00465,S001,2026-08-16 23:29:40,2026-08-17 02:15:40,completed,store,PR001,7295,729.5,328.28,6893.78,PKR
O003763,C00304,S001,2026-07-01 11:33:06,2026-07-01 13:55:06,completed,store,,2940,0.0,147.0,3087.0,PKR
O003764,C00647,S005,2026-08-22 03:46:37,2026-08-22 09:31:37,completed,online,PR009,1745,300.0,72.25,1517.25,PKR
O003765,C00209,S001,2026-08-27 18:50:30,2026-08-27 21:15:30,completed,online,,5315,0.0,265.75,5580.75,PKR
O003766,C00212,S001,2026-06-12 17:26:14,2026-06-13 03:48:14,returned,store,,13755,0.0,687.75,14442.75,PKR
O003767,C00399,S001,2026-07-28 14:12:15,2026-07-28 16:43:15,completed,store,PR015,1980,400.0,79.0,1659.0,PKR
O003768,C00681,S004,2026-06-12 08:32:39,2026-06-12 12:37:39,completed,online,,2540,0.0,127.0,2667.0,PKR
O003769,C00140,S003,2026-07-26 02:10:45,2026-07-26 03:53:45,completed,online,,3610,0.0,180.5,3790.5,PKR
O003770,C00286,S002,2026-08-20 06:17:28,2026-08-20 06:59:28,completed,store,,1015,0.0,50.75,1065.75,PKR
O003771,C00453,S005,2026-06-06 15:47:08,2026-06-06 16:58:08,completed,store,PR008,2110,250.0,93.0,1953.0,PKR
O003772,C00472,S005,2026-08-23 12:29:40,2026-08-23 19:13:40,completed,store,,10110,0.0,505.5,10615.5,PKR
O003773,C00697,S003,2026-07-05 18:48:34,2026-07-06 03:13:34,completed,store,,9855,0.0,492.75,10347.75,PKR
O003774,C00678,S001,2026-06-13 03:05:13,2026-06-13 04:26:13,completed,store,,7190,0.0,359.5,7549.5,PKR
O003775,C00282,S003,2026-08-07 09:33:26,2026-08-07 15:05:26,completed,online,,130,0.0,6.5,136.5,PKR
O003776,C00391,S001,2026-08-29 23:37:47,2026-08-30 01:49:47,returned,store,,2995,0.0,149.75,3144.75,PKR
O003777,C00539,S006,2026-07-27 19:58:02,2026-07-28 05:25:02,completed,store,,2995,0.0,149.75,3144.75,PKR
O003778,C00733,S006,2026-08-14 15:07:03,2026-08-14 15:47:03,completed,store,,2940,0.0,147.0,3087.0,PKR
O003779,C00344,S005,2026-07-25 11:26:31,2026-07-25 12:47:31,cancelled,store,,3240,0.0,162.0,3402.0,PKR
O003780,C00058,S002,2026-07-17 19:25:20,2026-07-17 22:50:20,completed,store,PR011,1715,102.9,80.61,1692.71,PKR
O003781,C00318,S001,2026-07-11 22:57:38,2026-07-12 07:18:38,completed,store,PR007,1170,105.3,53.24,1117.94,PKR
O003782,C00410,S002,2026-07-23 15:21:07,2026-07-23 23:23:07,completed,store,,3030,0.0,151.5,3181.5,PKR
O003783,C00635,S002,2026-07-01 17:49:43,2026-07-02 04:26:43,completed,store,PR002,4670,373.6,214.82,4511.22,PKR
O003784,C00689,S001,2026-08-04 12:16:00,2026-08-04 19:10:00,completed,store,PR013,410,16.4,19.68,413.28,PKR
O003785,C00145,S001,2026-08-05 17:21:21,2026-08-05 19:02:21,completed,store,,1885,0.0,94.25,1979.25,PKR
O003786,C00022,S006,2026-08-23 23:18:18,2026-08-24 03:35:18,completed,store,PR001,7825,782.5,352.12,7394.62,PKR
O003787,C00340,S004,2026-06-05 14:46:04,2026-06-05 22:40:04,completed,store,,4165,0.0,208.25,4373.25,PKR
O003788,C00600,S005,2026-07-12 15:59:02,2026-07-13 02:32:02,completed,store,PR010,1475,300.0,58.75,1233.75,PKR
O003789,C00220,S001,2026-07-11 00:45:55,2026-07-11 08:42:55,completed,store,,1700,0.0,85.0,1785.0,PKR
O003790,C00523,S001,2026-08-07 08:58:30,2026-08-07 17:20:30,completed,store,PR013,3440,137.6,165.12,3467.52,PKR
O003791,C00450,S006,2026-08-26 01:26:38,2026-08-26 07:15:38,completed,online,,5110,0.0,255.5,5365.5,PKR
O003792,C00503,S004,2026-08-02 13:13:38,2026-08-02 13:43:38,completed,store,,4590,0.0,229.5,4819.5,PKR
O003793,C00584,S004,2026-06-02 15:08:20,2026-06-02 20:49:20,completed,store,PR008,4625,250.0,218.75,4593.75,PKR
O003794,C00392,S004,2026-08-03 08:32:40,2026-08-03 09:15:40,completed,online,PR013,1790,71.6,85.92,1804.32,PKR
O003795,C00361,S003,2026-07-12 14:16:09,2026-07-13 01:58:09,completed,store,,1980,0.0,99.0,2079.0,PKR
O003796,C00552,S005,2026-07-10 20:35:45,2026-07-11 05:56:45,returned,store,,3825,0.0,191.25,4016.25,PKR
O003797,C00472,S003,2026-08-13 21:44:55,2026-08-13 22:19:55,completed,store,PR006,4040,404.0,181.8,3817.8,PKR
O003798,C00742,S002,2026-06-08 22:25:13,2026-06-09 05:21:13,completed,store,PR014,2575,283.25,114.59,2406.34,PKR
O003799,C00573,S002,2026-08-02 13:39:51,2026-08-02 22:38:51,completed,store,,1830,0.0,91.5,1921.5,PKR
O003800,C00351,S003,2026-07-30 00:22:21,2026-07-30 09:40:21,completed,store,PR013,760,30.4,36.48,766.08,PKR
O003801,C00524,S001,2026-08-18 05:59:11,2026-08-18 13:54:11,completed,store,PR009,3755,300.0,172.75,3627.75,PKR
O003802,C00420,S001,2026-06-27 10:27:01,2026-06-27 15:07:01,completed,store,,9090,0.0,454.5,9544.5,PKR
O003803,C00604,S002,2026-08-07 11:15:51,2026-08-07 13:45:51,cancelled,store,PR013,3260,130.4,156.48,3286.08,PKR
O003804,C00153,S003,2026-06-12 16:48:03,2026-06-12 17:54:03,completed,store,,1880,0.0,94.0,1974.0,PKR
O003805,C00311,S002,2026-07-05 12:59:28,2026-07-06 00:14:28,completed,online,PR012,2100,105.0,99.75,2094.75,PKR
O003806,C00618,S006,2026-06-29 00:45:43,2026-06-29 12:32:43,completed,store,,1170,0.0,58.5,1228.5,PKR
O003807,C00348,S005,2026-07-15 12:26:47,2026-07-15 12:51:47,completed,online,,1605,0.0,80.25,1685.25,PKR
O003808,C00222,S003,2026-07-05 05:57:43,2026-07-05 09:24:43,completed,store,,2170,0.0,108.5,2278.5,PKR
O003809,C00725,S004,2026-06-28 20:54:57,2026-06-29 01:37:57,completed,store,,2865,0.0,143.25,3008.25,PKR
O003810,C00354,S001,2026-07-31 18:12:54,2026-07-31 19:24:54,completed,store,,440,0.0,22.0,462.0,PKR
O003811,C00102,S006,2026-08-16 10:31:11,2026-08-16 19:33:11,completed,online,PR001,540,54.0,24.3,510.3,PKR
O003812,C00373,S001,2026-07-30 05:01:05,2026-07-30 09:33:05,completed,store,PR015,4650,400.0,212.5,4462.5,PKR
O003813,C00027,S005,2026-06-21 01:32:37,2026-06-21 04:54:37,completed,store,,3605,0.0,180.25,3785.25,PKR
O003814,C00400,S001,2026-07-26 15:07:37,2026-07-27 01:18:37,completed,store,,1760,0.0,88.0,1848.0,PKR
O003815,C00550,S002,2026-08-02 22:05:31,2026-08-03 02:11:31,completed,store,,6175,0.0,308.75,6483.75,PKR
O003816,C00549,S005,2026-06-13 01:39:07,2026-06-13 11:47:07,completed,store,PR005,3605,252.35,167.63,3520.28,PKR
O003817,C00318,S006,2026-06-28 16:17:52,2026-06-29 02:46:52,completed,store,PR002,1865,149.2,85.79,1801.59,PKR
O003818,C00594,S003,2026-07-20 19:16:26,2026-07-20 23:36:26,completed,store,,14760,0.0,738.0,15498.0,PKR
O003819,C00261,S004,2026-07-16 06:59:37,2026-07-16 14:29:37,completed,store,PR011,1310,78.6,61.57,1292.97,PKR
O003820,C00224,S001,2026-08-12 15:10:25,2026-08-12 17:53:25,completed,store,,2075,0.0,103.75,2178.75,PKR
O003821,C00287,S001,2026-08-29 16:59:34,2026-08-30 04:21:34,completed,store,PR001,2855,285.5,128.47,2697.97,PKR
O003822,C00163,S006,2026-07-26 01:48:51,2026-07-26 07:27:51,completed,store,,6760,0.0,338.0,7098.0,PKR
O003823,C00552,S002,2026-08-20 11:50:09,2026-08-20 15:56:09,completed,store,,2285,0.0,114.25,2399.25,PKR
O003824,C00639,S003,2026-08-25 05:52:00,2026-08-25 10:01:00,completed,store,PR001,940,94.0,42.3,888.3,PKR
O003825,C00196,S001,2026-07-03 01:24:48,2026-07-03 09:01:48,completed,store,,290,0.0,14.5,304.5,PKR
O003826,C00502,S006,2026-07-21 22:34:29,2026-07-22 05:37:29,completed,store,,3310,0.0,165.5,3475.5,PKR
O003827,C00100,S002,2026-06-22 06:31:30,2026-06-22 15:28:30,completed,online,PR005,7565,529.55,351.77,7387.22,PKR
O003828,C00246,S001,2026-06-24 21:00:37,2026-06-25 01:12:37,completed,store,PR002,3520,281.6,161.92,3400.32,PKR
O003829,C00346,S006,2026-06-02 14:56:18,2026-06-02 15:50:18,completed,store,,2405,0.0,120.25,2525.25,PKR
O003830,C00569,S001,2026-08-17 16:15:59,2026-08-18 02:56:59,completed,store,PR001,1670,167.0,75.15,1578.15,PKR
O003831,C00263,S003,2026-08-13 21:15:07,2026-08-14 06:15:07,completed,store,PR006,1415,141.5,63.68,1337.18,PKR
O003832,C00179,S003,2026-08-27 15:59:44,2026-08-28 02:37:44,completed,store,,9345,0.0,467.25,9812.25,PKR
O003833,C00522,S001,2026-06-19 15:36:21,2026-06-20 02:47:21,completed,store,,4135,0.0,206.75,4341.75,PKR
O003834,C00349,S006,2026-07-03 09:18:27,2026-07-03 10:22:27,completed,store,,910,0.0,45.5,955.5,PKR
O003835,C00014,S001,2026-06-22 06:43:38,2026-06-22 17:54:38,completed,online,,2390,0.0,119.5,2509.5,PKR
O003836,C00170,S005,2026-07-02 18:39:34,2026-07-03 05:08:34,completed,store,,720,0.0,36.0,756.0,PKR
O003837,C00748,S002,2026-06-30 09:15:19,2026-06-30 20:19:19,completed,store,PR002,8970,717.6,412.62,8665.02,PKR
O003838,C00512,S002,2026-08-23 15:45:10,2026-08-24 02:18:10,completed,online,PR001,1995,199.5,89.78,1885.28,PKR
O003839,C00470,S006,2026-06-14 02:34:54,2026-06-14 12:57:54,completed,store,,1230,0.0,61.5,1291.5,PKR
O003840,C00677,S003,2026-06-25 15:09:36,2026-06-26 00:51:36,completed,store,,2150,0.0,107.5,2257.5,PKR
O003841,C00513,S001,2026-06-06 20:38:10,2026-06-07 04:18:10,cancelled,store,,5090,0.0,254.5,5344.5,PKR
O003842,C00623,S005,2026-06-16 04:30:23,2026-06-16 08:09:23,completed,store,PR002,2605,208.4,119.83,2516.43,PKR
O003843,C00458,S006,2026-06-12 17:40:57,2026-06-13 01:38:57,completed,store,,220,0.0,11.0,231.0,PKR
O003844,C00489,S002,2026-07-16 06:44:57,2026-07-16 12:46:57,completed,store,,5860,0.0,293.0,6153.0,PKR
O003845,C00640,S005,2026-06-14 15:56:28,2026-06-15 01:36:28,cancelled,store,,850,0.0,42.5,892.5,PKR
O003846,C00275,S005,2026-07-26 16:28:12,2026-07-27 01:20:12,completed,store,PR012,4020,201.0,190.95,4009.95,PKR
O003847,C00358,S006,2026-06-13 16:10:39,2026-06-13 18:46:39,completed,online,,3140,0.0,157.0,3297.0,PKR
O003848,C00151,S001,2026-08-22 01:04:56,2026-08-22 05:46:56,completed,store,,3300,0.0,165.0,3465.0,PKR
O003849,C00654,S006,2026-07-24 23:03:33,2026-07-25 06:26:33,completed,store,,1345,0.0,67.25,1412.25,PKR
O003850,C00025,S004,2026-06-01 13:56:46,2026-06-01 20:44:46,completed,online,,1260,0.0,63.0,1323.0,PKR
O003851,C00638,S003,2026-06-08 17:18:22,2026-06-08 23:35:22,completed,store,,1085,0.0,54.25,1139.25,PKR
O003852,C00194,S006,2026-07-18 13:32:28,2026-07-18 15:01:28,completed,store,,385,0.0,19.25,404.25,PKR
O003853,C00285,S006,2026-06-14 17:31:57,2026-06-14 19:29:57,completed,store,PR002,2965,237.2,136.39,2864.19,PKR
O003854,C00340,S004,2026-07-10 23:24:03,2026-07-11 05:28:03,completed,online,,5445,0.0,272.25,5717.25,PKR
O003855,C00497,S005,2026-08-10 09:30:59,2026-08-10 21:18:59,completed,store,,1080,0.0,54.0,1134.0,PKR
O003856,C00250,S002,2026-08-30 00:06:13,2026-08-30 06:52:13,completed,store,,5785,0.0,289.25,6074.25,PKR
O003857,C00702,S006,2026-07-08 10:02:21,2026-07-08 17:52:21,completed,store,,2115,0.0,105.75,2220.75,PKR
O003858,C00227,S005,2026-08-17 11:57:33,2026-08-17 18:09:33,completed,store,,7130,0.0,356.5,7486.5,PKR
O003859,C00739,S006,2026-07-25 03:19:24,2026-07-25 08:12:24,completed,online,PR012,1805,90.25,85.74,1800.49,PKR
O003860,C00163,S006,2026-08-25 20:58:03,2026-08-26 02:15:03,cancelled,store,,1450,0.0,72.5,1522.5,PKR
O003861,C00141,S002,2026-07-16 20:21:30,2026-07-16 23:41:30,completed,store,,12960,0.0,648.0,13608.0,PKR
O003862,C00460,S002,2026-08-19 00:27:06,2026-08-19 01:07:06,completed,store,,2280,0.0,114.0,2394.0,PKR
O003863,C00490,S001,2026-06-20 23:35:06,2026-06-21 11:14:06,completed,online,,4360,0.0,218.0,4578.0,PKR
O003864,C00318,S002,2026-07-11 19:43:36,2026-07-12 03:27:36,completed,store,,1805,0.0,90.25,1895.25,PKR
O003865,C00125,S002,2026-08-21 23:35:52,2026-08-22 03:11:52,completed,store,,10200,0.0,510.0,10710.0,PKR
O003866,C00589,S002,2026-07-15 20:34:25,2026-07-16 06:20:25,completed,store,,1205,0.0,60.25,1265.25,PKR
O003867,C00520,S001,2026-06-10 07:42:39,2026-06-10 11:05:39,completed,store,,4435,0.0,221.75,4656.75,PKR
O003868,C00028,S005,2026-07-01 15:29:30,2026-07-01 23:54:30,completed,store,,4795,0.0,239.75,5034.75,PKR
O003869,C00047,S005,2026-08-06 14:44:27,2026-08-07 00:31:27,completed,online,,545,0.0,27.25,572.25,PKR
O003870,C00260,S006,2026-06-13 22:46:17,2026-06-14 10:09:17,completed,store,PR014,1700,187.0,75.65,1588.65,PKR
O003871,C00138,S004,2026-06-02 18:33:11,2026-06-02 21:33:11,completed,store,,6055,0.0,302.75,6357.75,PKR
O003872,C00606,S004,2026-07-17 07:04:01,2026-07-17 18:13:01,completed,store,,4705,0.0,235.25,4940.25,PKR
O003873,C00538,S003,2026-08-12 16:48:45,2026-08-12 17:00:45,completed,store,,4460,0.0,223.0,4683.0,PKR
O003874,C00393,S003,2026-07-30 19:47:33,2026-07-30 20:35:33,completed,store,PR013,3705,148.2,177.84,3734.64,PKR
O003875,C00743,S004,2026-07-10 05:39:07,2026-07-10 16:54:07,completed,store,,7880,0.0,394.0,8274.0,PKR
O003876,C00675,S004,2026-06-17 06:07:16,2026-06-17 09:47:16,completed,store,PR003,325,39.0,14.3,300.3,PKR
O003877,C00360,S004,2026-06-19 07:53:42,2026-06-19 18:54:42,completed,store,PR002,6355,508.4,292.33,6138.93,PKR
O003878,C00704,S004,2026-08-06 22:57:09,2026-08-07 03:08:09,completed,store,,8345,0.0,417.25,8762.25,PKR
O003879,C00243,S004,2026-06-13 21:18:26,2026-06-13 22:46:26,completed,store,,450,0.0,22.5,472.5,PKR
O003880,C00563,S006,2026-06-23 07:47:13,2026-06-23 13:41:13,completed,online,,1355,0.0,67.75,1422.75,PKR
O003881,C00365,S001,2026-06-21 20:01:29,2026-06-22 00:37:29,completed,store,PR014,3195,351.45,142.18,2985.73,PKR
O003882,C00065,S006,2026-08-30 08:40:28,2026-08-30 10:02:28,completed,store,,5445,0.0,272.25,5717.25,PKR
O003883,C00085,S002,2026-06-10 08:10:07,2026-06-10 11:55:07,completed,store,,1595,0.0,79.75,1674.75,PKR
O003884,C00001,S003,2026-08-17 21:34:41,2026-08-18 01:20:41,completed,online,,8875,0.0,443.75,9318.75,PKR
O003885,C00082,S002,2026-07-09 03:21:14,2026-07-09 03:23:14,completed,store,,220,0.0,11.0,231.0,PKR
O003886,C00336,S005,2026-07-17 07:50:29,2026-07-17 12:03:29,completed,online,,1400,0.0,70.0,1470.0,PKR
O003887,C00139,S006,2026-07-02 18:08:10,2026-07-02 19:26:10,completed,online,,1255,0.0,62.75,1317.75,PKR
O003888,C00135,S003,2026-06-10 12:01:51,2026-06-10 15:58:51,completed,store,,2195,0.0,109.75,2304.75,PKR
O003889,C00067,S002,2026-06-07 06:59:17,2026-06-07 11:52:17,completed,store,,2240,0.0,112.0,2352.0,PKR
O003890,C00703,S001,2026-06-23 22:20:34,2026-06-24 01:51:34,completed,store,PR004,9505,1425.75,403.96,8483.21,PKR
O003891,C00551,S001,2026-08-17 15:27:34,2026-08-18 03:19:34,completed,online,PR001,2820,282.0,126.9,2664.9,PKR
O003892,C00017,S002,2026-07-24 00:06:22,2026-07-24 11:27:22,completed,store,,460,0.0,23.0,483.0,PKR
O003893,C00106,S003,2026-08-10 22:46:22,2026-08-11 00:58:22,completed,store,PR006,1780,178.0,80.1,1682.1,PKR
O003894,C00127,S004,2026-08-08 01:58:58,2026-08-08 04:14:58,completed,store,,1405,0.0,70.25,1475.25,PKR
O003895,C00679,S006,2026-07-22 05:48:16,2026-07-22 05:59:16,completed,store,PR013,5880,235.2,282.24,5927.04,PKR
O003896,C00215,S006,2026-08-11 23:18:24,2026-08-12 01:43:24,completed,store,,515,0.0,25.75,540.75,PKR
O003897,C00536,S001,2026-06-22 11:36:20,2026-06-22 16:51:20,completed,store,,2285,0.0,114.25,2399.25,PKR
O003898,C00076,S006,2026-08-02 01:06:17,2026-08-02 08:24:17,returned,store,,2040,0.0,102.0,2142.0,PKR
O003899,C00670,S003,2026-08-18 02:47:45,2026-08-18 04:21:45,completed,store,PR001,1040,104.0,46.8,982.8,PKR
O003900,C00098,S001,2026-08-06 15:07:50,2026-08-06 23:04:50,completed,store,PR013,1975,79.0,94.8,1990.8,PKR
O003901,C00457,S006,2026-07-28 17:50:58,2026-07-29 01:15:58,completed,store,,5520,0.0,276.0,5796.0,PKR
O003902,C00462,S004,2026-08-22 01:17:40,2026-08-22 08:12:40,completed,store,PR001,4075,407.5,183.38,3850.88,PKR
O003903,C00485,S001,2026-06-14 12:28:23,2026-06-14 21:19:23,completed,store,,750,0.0,37.5,787.5,PKR
O003904,C00169,S005,2026-08-12 18:45:13,2026-08-13 02:21:13,completed,online,,1805,0.0,90.25,1895.25,PKR
O003905,C00702,S005,2026-08-04 01:34:26,2026-08-04 09:13:26,completed,online,PR013,2665,106.6,127.92,2686.32,PKR
O003906,C00623,S001,2026-08-17 23:05:40,2026-08-18 05:35:40,completed,store,,1440,0.0,72.0,1512.0,PKR
O003907,C00702,S002,2026-07-06 21:16:36,2026-07-07 06:01:36,completed,store,,2965,0.0,148.25,3113.25,PKR
O003908,C00275,S004,2026-08-07 08:17:26,2026-08-07 16:31:26,completed,store,PR013,2410,96.4,115.68,2429.28,PKR
O003909,C00626,S006,2026-07-29 00:41:22,2026-07-29 02:57:22,completed,store,,2925,0.0,146.25,3071.25,PKR
O003910,C00118,S001,2026-08-27 23:38:41,2026-08-28 01:15:41,completed,store,,8045,0.0,402.25,8447.25,PKR
O003911,C00735,S002,2026-06-19 13:15:42,2026-06-19 19:32:42,completed,store,,6240,0.0,312.0,6552.0,PKR
O003912,C00484,S004,2026-08-21 18:32:15,2026-08-22 00:13:15,completed,store,,2170,0.0,108.5,2278.5,PKR
O003913,C00354,S005,2026-08-16 07:45:04,2026-08-16 08:59:04,completed,store,PR009,4385,300.0,204.25,4289.25,PKR
O003914,C00510,S001,2026-06-18 15:09:33,2026-06-18 15:28:33,completed,store,,1075,0.0,53.75,1128.75,PKR
O003915,C00664,S003,2026-07-12 05:28:49,2026-07-12 07:30:49,completed,store,,3025,0.0,151.25,3176.25,PKR
O003916,C00516,S002,2026-08-26 01:29:04,2026-08-26 04:37:04,completed,store,PR009,1100,275.0,41.25,866.25,PKR
O003917,C00443,S005,2026-06-20 09:40:51,2026-06-20 12:24:51,completed,store,PR005,1080,75.6,50.22,1054.62,PKR
O003918,C00347,S005,2026-07-26 16:12:20,2026-07-27 01:13:20,completed,store,PR015,5135,400.0,236.75,4971.75,PKR
O003919,C00455,S004,2026-07-27 14:02:11,2026-07-28 01:45:11,completed,store,PR015,8065,400.0,383.25,8048.25,PKR
O003920,C00634,S004,2026-08-15 11:13:27,2026-08-15 13:33:27,completed,store,PR001,5290,529.0,238.05,4999.05,PKR
O003921,C00072,S002,2026-06-07 14:55:20,2026-06-07 17:26:20,cancelled,store,PR008,475,118.75,17.81,374.06,PKR
O003922,C00614,S001,2026-07-14 17:50:37,2026-07-14 20:24:37,completed,store,PR015,7385,400.0,349.25,7334.25,PKR
O003923,C00737,S002,2026-08-12 13:19:28,2026-08-12 13:39:28,completed,online,,620,0.0,31.0,651.0,PKR
O003924,C00366,S003,2026-07-22 10:24:53,2026-07-22 14:22:53,returned,store,PR012,1645,82.25,78.14,1640.89,PKR
O003925,C00379,S001,2026-07-03 14:41:39,2026-07-03 22:00:39,completed,store,,3070,0.0,153.5,3223.5,PKR
O003926,C00567,S006,2026-06-04 06:25:14,2026-06-04 15:15:14,completed,online,,2070,0.0,103.5,2173.5,PKR
O003927,C00522,S001,2026-08-02 10:08:33,2026-08-02 17:47:33,completed,store,PR013,5210,208.4,250.08,5251.68,PKR
O003928,C00189,S006,2026-06-20 13:32:33,2026-06-20 14:40:33,completed,store,PR005,6925,484.75,322.01,6762.26,PKR
O003929,C00621,S004,2026-08-15 00:58:20,2026-08-15 08:24:20,completed,online,,1820,0.0,91.0,1911.0,PKR
O003930,C00332,S006,2026-06-08 04:13:07,2026-06-08 05:56:07,completed,store,,7535,0.0,376.75,7911.75,PKR
O003931,C00343,S005,2026-06-09 15:54:43,2026-06-09 22:06:43,returned,store,,4420,0.0,221.0,4641.0,PKR
O003932,C00158,S004,2026-06-11 09:08:23,2026-06-11 09:16:23,returned,store,PR005,1270,88.9,59.05,1240.15,PKR
O003933,C00499,S004,2026-06-20 05:12:06,2026-06-20 10:48:06,completed,online,,2700,0.0,135.0,2835.0,PKR
O003934,C00145,S001,2026-08-28 22:04:42,2026-08-29 00:10:42,completed,store,,5260,0.0,263.0,5523.0,PKR
O003935,C00704,S002,2026-08-04 05:26:37,2026-08-04 09:15:37,cancelled,store,PR013,4170,166.8,200.16,4203.36,PKR
O003936,C00630,S001,2026-07-24 21:17:48,2026-07-24 22:50:48,completed,store,,3270,0.0,163.5,3433.5,PKR
O003937,C00337,S004,2026-08-06 11:21:05,2026-08-06 22:33:05,completed,store,,380,0.0,19.0,399.0,PKR
O003938,C00002,S006,2026-06-02 13:48:31,2026-06-02 19:44:31,completed,store,,4810,0.0,240.5,5050.5,PKR
O003939,C00383,S003,2026-08-09 07:21:12,2026-08-09 11:26:12,completed,store,,460,0.0,23.0,483.0,PKR
O003940,C00727,S004,2026-07-19 23:59:22,2026-07-20 00:28:22,completed,store,,8620,0.0,431.0,9051.0,PKR
O003941,C00233,S004,2026-08-10 23:52:51,2026-08-11 09:44:51,completed,store,PR006,4430,443.0,199.35,4186.35,PKR
O003942,C00662,S001,2026-07-09 12:20:01,2026-07-09 20:06:01,completed,store,,2955,0.0,147.75,3102.75,PKR
O003943,C00094,S003,2026-06-19 07:56:54,2026-06-19 19:55:54,completed,store,,3190,0.0,159.5,3349.5,PKR
O003944,C00715,S005,2026-07-15 04:32:41,2026-07-15 13:23:41,completed,store,,1215,0.0,60.75,1275.75,PKR
O003945,C00579,S001,2026-06-19 05:57:08,2026-06-19 13:06:08,completed,store,PR005,3205,224.35,149.03,3129.68,PKR
O003946,C00701,S005,2026-06-25 06:39:37,2026-06-25 15:17:37,completed,store,,7575,0.0,378.75,7953.75,PKR
O003947,C00734,S006,2026-08-21 10:56:59,2026-08-21 18:07:59,completed,store,,1895,0.0,94.75,1989.75,PKR
O003948,C00145,S003,2026-07-06 02:57:43,2026-07-06 06:16:43,completed,store,PR011,1790,107.4,84.13,1766.73,PKR
O003949,C00147,S005,2026-06-03 12:51:33,2026-06-03 14:01:33,completed,store,,2665,0.0,133.25,2798.25,PKR
O003950,C00461,S002,2026-08-05 17:20:33,2026-08-05 21:55:33,completed,store,PR013,6295,251.8,302.16,6345.36,PKR
O003951,C00444,S002,2026-08-28 20:46:50,2026-08-29 00:25:50,completed,store,PR001,2560,256.0,115.2,2419.2,PKR
O003952,C00318,S003,2026-08-31 09:30:08,2026-08-31 17:28:08,cancelled,store,,10380,0.0,519.0,10899.0,PKR
O003953,C00718,S003,2026-06-13 11:42:21,2026-06-13 14:32:21,returned,store,PR005,3460,242.2,160.89,3378.69,PKR
O003954,C00060,S005,2026-06-10 21:41:59,2026-06-11 08:43:59,completed,store,,1025,0.0,51.25,1076.25,PKR
O003955,C00445,S004,2026-08-02 16:20:09,2026-08-02 19:41:09,completed,store,PR013,3220,128.8,154.56,3245.76,PKR
O003956,C00404,S003,2026-07-03 04:27:43,2026-07-03 13:27:43,completed,store,,7105,0.0,355.25,7460.25,PKR
O003957,C00526,S004,2026-08-20 14:51:59,2026-08-21 02:05:59,completed,store,,6550,0.0,327.5,6877.5,PKR
O003958,C00702,S005,2026-07-23 21:58:13,2026-07-24 05:45:13,returned,store,PR013,4065,162.6,195.12,4097.52,PKR
O003959,C00739,S006,2026-07-15 10:33:14,2026-07-15 16:46:14,completed,store,,2835,0.0,141.75,2976.75,PKR
O003960,C00454,S004,2026-07-11 01:10:51,2026-07-11 01:29:51,completed,online,,1755,0.0,87.75,1842.75,PKR
O003961,C00480,S002,2026-07-29 01:35:12,2026-07-29 03:55:12,completed,store,PR013,440,17.6,21.12,443.52,PKR
O003962,C00083,S004,2026-07-15 01:33:13,2026-07-15 02:33:13,completed,store,PR015,1785,400.0,69.25,1454.25,PKR
O003963,C00083,S005,2026-06-14 12:32:31,2026-06-14 20:56:31,cancelled,store,,3505,0.0,175.25,3680.25,PKR
O003964,C00334,S003,2026-08-07 20:05:37,2026-08-07 21:56:37,completed,store,PR006,1260,126.0,56.7,1190.7,PKR
O003965,C00543,S003,2026-08-06 12:50:24,2026-08-06 14:36:24,completed,store,,8760,0.0,438.0,9198.0,PKR
O003966,C00463,S003,2026-07-26 07:13:32,2026-07-26 16:58:32,completed,store,,265,0.0,13.25,278.25,PKR
O003967,C00343,S001,2026-07-02 02:29:51,2026-07-02 05:09:51,completed,store,,4340,0.0,217.0,4557.0,PKR
O003968,C00094,S001,2026-06-08 22:34:18,2026-06-09 05:19:18,cancelled,store,PR008,2350,250.0,105.0,2205.0,PKR
O003969,C00487,S006,2026-07-08 02:35:13,2026-07-08 04:02:13,completed,store,,7770,0.0,388.5,8158.5,PKR
O003970,C00144,S006,2026-06-22 03:09:55,2026-06-22 08:34:55,completed,store,,5460,0.0,273.0,5733.0,PKR
O003971,C00124,S005,2026-07-18 21:57:11,2026-07-19 08:47:11,completed,online,,1580,0.0,79.0,1659.0,PKR
O003972,C00689,S001,2026-06-08 08:00:20,2026-06-08 13:51:20,completed,store,PR008,9465,250.0,460.75,9675.75,PKR
O003973,C00691,S001,2026-07-16 18:53:49,2026-07-16 20:50:49,completed,online,,2390,0.0,119.5,2509.5,PKR
O003974,C00503,S005,2026-08-27 04:08:59,2026-08-27 11:59:59,completed,store,,3965,0.0,198.25,4163.25,PKR
O003975,C00301,S006,2026-07-30 18:49:56,2026-07-31 03:35:56,completed,store,,590,0.0,29.5,619.5,PKR
O003976,C00405,S002,2026-06-17 21:34:00,2026-06-18 04:09:00,completed,store,,1870,0.0,93.5,1963.5,PKR
O003977,C00731,S005,2026-08-15 20:59:52,2026-08-16 05:50:52,completed,store,,895,0.0,44.75,939.75,PKR
O003978,C00092,S005,2026-07-17 08:02:57,2026-07-17 18:26:57,completed,store,PR012,4090,204.5,194.28,4079.78,PKR
O003979,C00542,S002,2026-08-06 08:10:21,2026-08-06 19:57:21,completed,store,,3720,0.0,186.0,3906.0,PKR
O003980,C00393,S005,2026-08-07 06:05:02,2026-08-07 12:20:02,completed,store,PR013,890,35.6,42.72,897.12,PKR
O003981,C00210,S004,2026-06-20 18:43:53,2026-06-20 19:03:53,completed,store,PR003,1665,199.8,73.26,1538.46,PKR
O003982,C00724,S004,2026-06-02 04:14:15,2026-06-02 05:58:15,completed,store,,465,0.0,23.25,488.25,PKR
O003983,C00614,S006,2026-07-17 14:12:56,2026-07-17 15:22:56,completed,store,PR011,2355,141.3,110.69,2324.39,PKR
O003984,C00731,S002,2026-07-19 18:24:11,2026-07-19 22:15:11,completed,store,,5290,0.0,264.5,5554.5,PKR
O003985,C00299,S002,2026-08-03 13:39:39,2026-08-03 16:56:39,cancelled,store,,3025,0.0,151.25,3176.25,PKR
O003986,C00706,S005,2026-07-09 10:54:36,2026-07-09 13:17:36,cancelled,store,,2010,0.0,100.5,2110.5,PKR
O003987,C00685,S003,2026-07-18 21:20:00,2026-07-19 07:01:00,completed,store,,5975,0.0,298.75,6273.75,PKR
O003988,C00524,S004,2026-07-18 13:56:03,2026-07-18 19:15:03,completed,store,,2780,0.0,139.0,2919.0,PKR
O003989,C00296,S003,2026-08-29 07:04:04,2026-08-29 16:15:04,completed,store,,2950,0.0,147.5,3097.5,PKR
O003990,C00604,S004,2026-08-31 13:37:36,2026-08-31 17:23:36,completed,store,,1250,0.0,62.5,1312.5,PKR
O003991,C00151,S003,2026-06-17 12:47:09,2026-06-17 19:48:09,completed,store,,1255,0.0,62.75,1317.75,PKR
O003992,C00025,S006,2026-06-30 22:57:25,2026-07-01 04:56:25,completed,store,,2495,0.0,124.75,2619.75,PKR
O003993,C00062,S004,2026-08-16 15:02:19,2026-08-16 22:53:19,completed,store,PR009,3245,300.0,147.25,3092.25,PKR
O003994,C00719,S005,2026-07-06 23:19:27,2026-07-07 02:00:27,completed,store,,6430,0.0,321.5,6751.5,PKR
O003995,C00074,S001,2026-06-06 10:49:35,2026-06-06 11:34:35,completed,store,PR014,1080,118.8,48.06,1009.26,PKR
O003996,C00264,S004,2026-07-17 14:24:58,2026-07-17 15:59:58,completed,store,PR011,2860,171.6,134.42,2822.82,PKR
O003997,C00579,S004,2026-07-31 02:13:25,2026-07-31 05:24:25,completed,store,,475,0.0,23.75,498.75,PKR
O003998,C00670,S002,2026-08-14 13:39:32,2026-08-14 16:41:32,completed,store,,4795,0.0,239.75,5034.75,PKR
O003999,C00544,S004,2026-07-19 01:30:05,2026-07-19 03:51:05,completed,store,,7020,0.0,351.0,7371.0,PKR
O004000,C00424,S005,2026-07-30 16:36:44,2026-07-30 23:21:44,completed,store,PR015,2820,400.0,121.0,2541.0,PKR
