order_item_id,order_id,product_id,quantity,unit_price,line_total,currency_code
OI000001-01,O000001,P0067,1,1215,1215,PKR
OI000001-02,O000001,P0015,1,895,895,PKR
OI000001-03,O000001,P0050,3,810,2430,PKR
OI000002-01,O000002,P0051,2,200,400,PKR
OI000003-01,O000003,P0078,1,385,385,PKR
OI000003-02,O000003,P0095,1,890,890,PKR
OI000003-03,O000003,P0037,3,180,540,PKR
OI000004-01,O000004,P0035,3,380,1140,PKR
OI000004-02,O000004,P0013,2,1805,3610,PKR
OI000004-03,O000004,P0007,2,425,850,PKR
OI000004-04,O000004,P0008,1,1530,1530,PKR
OI000004-05,O000004,P0028,2,1930,3860,PKR
OI000005-01,O000005,P0010,3,375,1125,PKR
OI000005-02,O000005,P0021,4,1595,6380,PKR
OI000005-03,O000005,P0111,1,1265,1265,PKR
OI000005-04,O000005,P0087,1,1090,1090,PKR
OI000006-01,O000006,P0059,1,600,600,PKR
OI000006-02,O000006,P0094,2,130,260,PKR
OI000006-03,O000006,P0045,1,910,910,PKR
OI000006-04,O000006,P0041,3,385,1155,PKR
OI000006-05,O000006,P0083,2,720,1440,PKR
OI000007-01,O000007,P0079,3,850,2550,PKR
OI000008-01,O000008,P0013,1,1805,1805,PKR
OI000008-02,O000008,P0009,1,985,985,PKR
OI000009-01,O000009,P0082,1,1025,1025,PKR
OI000010-01,O000010,P0096,1,1660,1660,PKR
OI000010-02,O000010,P0003,1,1000,1000,PKR
OI000010-03,O000010,P0063,1,1685,1685,PKR
OI000010-04,O000010,P0075,1,645,645,PKR
OI000011-01,O000011,P0040,3,1090,3270,PKR
OI000011-02,O000011,P0094,1,130,130,PKR
OI000011-03,O000011,P0016,3,1700,5100,PKR
OI000012-01,O000012,P0053,1,2210,2210,PKR
OI000012-02,O000012,P0046,4,205,820,PKR
OI000012-03,O000012,P0097,1,1730,1730,PKR
OI000013-01,O000013,P0096,1,1660,1660,PKR
OI000013-02,O000013,P0099,1,970,970,PKR
OI000014-01,O000014,P0050,3,810,2430,PKR
OI000014-02,O000014,P0058,1,1715,1715,PKR
OI000014-03,O000014,P0067,2,1215,2430,PKR
OI000015-01,O000015,P0115,1,1790,1790,PKR
OI000015-02,O000015,P0061,1,275,275,PKR
OI000016-01,O000016,P0016,1,1700,1700,PKR
OI000016-02,O000016,P0096,1,1660,1660,PKR
OI000016-03,O000016,P0011,1,1805,1805,PKR
OI000016-04,O000016,P0045,2,910,1820,PKR
OI000017-01,O000017,P0023,2,1745,3490,PKR
OI000017-02,O000017,P0013,1,1805,1805,PKR
OI000018-01,O000018,P0072,1,1075,1075,PKR
OI000019-01,O000019,P0062,1,1690,1690,PKR
OI000019-02,O000019,P0016,1,1700,1700,PKR
OI000019-03,O000019,P0045,3,910,2730,PKR
OI000020-01,O000020,P0038,1,475,475,PKR
OI000020-02,O000020,P0112,1,385,385,PKR
OI000020-03,O000020,P0098,1,1885,1885,PKR
OI000020-04,O000020,P0099,4,970,3880,PKR
OI000021-01,O000021,P0052,1,250,250,PKR
OI000021-02,O000021,P0093,1,1805,1805,PKR
OI000021-03,O000021,P0077,1,595,595,PKR
OI000021-04,O000021,P0106,2,1080,2160,PKR
OI000021-05,O000021,P0059,3,600,1800,PKR
OI000022-01,O000022,P0034,1,140,140,PKR
OI000022-02,O000022,P0120,1,760,760,PKR
OI000022-03,O000022,P0054,2,620,1240,PKR
OI000023-01,O000023,P0063,1,1685,1685,PKR
OI000024-01,O000024,P0019,2,1470,2940,PKR
OI000024-02,O000024,P0048,1,1495,1495,PKR
OI000025-01,O000025,P0103,2,1075,2150,PKR
OI000025-02,O000025,P0092,1,955,955,PKR
OI000025-03,O000025,P0086,1,850,850,PKR
OI000025-04,O000025,P0109,2,260,520,PKR
OI000026-01,O000026,P0119,1,550,550,PKR
OI000027-01,O000027,P0026,4,755,3020,PKR
OI000027-02,O000027,P0064,1,1700,1700,PKR
OI000027-03,O000027,P0111,2,1265,2530,PKR
OI000028-01,O000028,P0080,1,2175,2175,PKR
OI000029-01,O000029,P0047,1,1540,1540,PKR
OI000029-02,O000029,P0113,1,1250,1250,PKR
OI000030-01,O000030,P0073,2,225,450,PKR
OI000030-02,O000030,P0017,2,1755,3510,PKR
OI000030-03,O000030,P0067,1,1215,1215,PKR
OI000030-04,O000030,P0024,1,235,235,PKR
OI000031-01,O000031,P0054,3,620,1860,PKR
OI000031-02,O000031,P0080,1,2175,2175,PKR
OI000031-03,O000031,P0041,1,385,385,PKR
OI000032-01,O000032,P0001,2,660,1320,PKR
OI000032-02,O000032,P0093,2,1805,3610,PKR
OI000032-03,O000032,P0099,2,970,1940,PKR
OI000033-01,O000033,P0015,1,895,895,PKR
OI000034-01,O000034,P0060,1,230,230,PKR
OI000034-02,O000034,P0068,2,550,1100,PKR
OI000035-01,O000035,P0037,2,180,360,PKR
OI000035-02,O000035,P0090,2,1680,3360,PKR
OI000036-01,O000036,P0106,1,1080,1080,PKR
OI000036-02,O000036,P0022,2,1255,2510,PKR
OI000036-03,O000036,P0064,1,1700,1700,PKR
OI000036-04,O000036,P0070,1,1560,1560,PKR
OI000036-05,O000036,P0017,2,1755,3510,PKR
OI000037-01,O000037,P0046,1,205,205,PKR
OI000037-02,O000037,P0014,1,1895,1895,PKR
OI000037-03,O000037,P0098,1,1885,1885,PKR
OI000037-04,O000037,P0073,3,225,675,PKR
OI000038-01,O000038,P0017,2,1755,3510,PKR
OI000038-02,O000038,P0116,1,815,815,PKR
OI000039-01,O000039,P0029,1,895,895,PKR
OI000039-02,O000039,P0012,1,155,155,PKR
OI000040-01,O000040,P0109,2,260,520,PKR
OI000040-02,O000040,P0103,1,1075,1075,PKR
OI000040-03,O000040,P0062,1,1690,1690,PKR
OI000040-04,O000040,P0102,1,555,555,PKR
OI000041-01,O000041,P0109,2,260,520,PKR
OI000041-02,O000041,P0078,3,385,1155,PKR
OI000041-03,O000041,P0014,2,1895,3790,PKR
OI000042-01,O000042,P0029,2,895,1790,PKR
OI000042-02,O000042,P0001,1,660,660,PKR
OI000042-03,O000042,P0077,1,595,595,PKR
OI000043-01,O000043,P0115,3,1790,5370,PKR
OI000043-02,O000043,P0100,1,855,855,PKR
OI000044-01,O000044,P0106,1,1080,1080,PKR
OI000045-01,O000045,P0030,1,220,220,PKR
OI000045-02,O000045,P0117,1,720,720,PKR
OI000045-03,O000045,P0050,1,810,810,PKR
OI000046-01,O000046,P0102,1,555,555,PKR
OI000047-01,O000047,P0111,1,1265,1265,PKR
OI000047-02,O000047,P0113,1,1250,1250,PKR
OI000048-01,O000048,P0014,2,1895,3790,PKR
OI000049-01,O000049,P0110,3,545,1635,PKR
OI000049-02,O000049,P0074,3,600,1800,PKR
OI000049-03,O000049,P0049,2,215,430,PKR
OI000049-04,O000049,P0111,1,1265,1265,PKR
OI000049-05,O000049,P0052,2,250,500,PKR
OI000050-01,O000050,P0016,1,1700,1700,PKR
OI000050-02,O000050,P0035,1,380,380,PKR
OI000050-03,O000050,P0066,2,785,1570,PKR
OI000051-01,O000051,P0042,1,1400,1400,PKR
OI000051-02,O000051,P0028,1,1930,1930,PKR
OI000052-01,O000052,P0080,1,2175,2175,PKR
OI000053-01,O000053,P0021,2,1595,3190,PKR
OI000053-02,O000053,P0026,3,755,2265,PKR
OI000054-01,O000054,P0107,1,1020,1020,PKR
OI000054-02,O000054,P0078,1,385,385,PKR
OI000054-03,O000054,P0076,3,1635,4905,PKR
OI000054-04,O000054,P0041,1,385,385,PKR
OI000054-05,O000054,P0056,1,385,385,PKR
OI000055-01,O000055,P0002,1,265,265,PKR
OI000056-01,O000056,P0120,1,760,760,PKR
OI000056-02,O000056,P0073,1,225,225,PKR
OI000057-01,O000057,P0068,1,550,550,PKR
OI000057-02,O000057,P0110,2,545,1090,PKR
OI000057-03,O000057,P0005,1,1405,1405,PKR
OI000057-04,O000057,P0026,1,755,755,PKR
OI000058-01,O000058,P0027,1,1980,1980,PKR
OI000058-02,O000058,P0088,1,780,780,PKR
OI000059-01,O000059,P0010,1,375,375,PKR
OI000060-01,O000060,P0044,2,1840,3680,PKR
OI000060-02,O000060,P0050,2,810,1620,PKR
OI000061-01,O000061,P0049,1,215,215,PKR
OI000061-02,O000061,P0039,1,920,920,PKR
OI000061-03,O000061,P0058,1,1715,1715,PKR
OI000062-01,O000062,P0051,1,200,200,PKR
OI000062-02,O000062,P0113,2,1250,2500,PKR
OI000062-03,O000062,P0107,1,1020,1020,PKR
OI000062-04,O000062,P0115,2,1790,3580,PKR
OI000063-01,O000063,P0032,1,585,585,PKR
OI000063-02,O000063,P0005,1,1405,1405,PKR
OI000063-03,O000063,P0059,2,600,1200,PKR
OI000063-04,O000063,P0113,1,1250,1250,PKR
OI000064-01,O000064,P0037,2,180,360,PKR
OI000064-02,O000064,P0052,2,250,500,PKR
OI000064-03,O000064,P0075,2,645,1290,PKR
OI000065-01,O000065,P0011,2,1805,3610,PKR
OI000065-02,O000065,P0060,1,230,230,PKR
OI000066-01,O000066,P0059,2,600,1200,PKR
OI000066-02,O000066,P0045,1,910,910,PKR
OI000066-03,O000066,P0068,2,550,1100,PKR
OI000067-01,O000067,P0020,1,325,325,PKR
OI000067-02,O000067,P0110,1,545,545,PKR
OI000067-03,O000067,P0029,1,895,895,PKR
OI000068-01,O000068,P0061,1,275,275,PKR
OI000068-02,O000068,P0024,2,235,470,PKR
OI000069-01,O000069,P0067,1,1215,1215,PKR
OI000069-02,O000069,P0077,1,595,595,PKR
OI000069-03,O000069,P0058,2,1715,3430,PKR
OI000069-04,O000069,P0048,1,1495,1495,PKR
OI000070-01,O000070,P0070,1,1560,1560,PKR
OI000070-02,O000070,P0067,1,1215,1215,PKR
OI000071-01,O000071,P0046,1,205,205,PKR
OI000071-02,O000071,P0044,1,1840,1840,PKR
OI000071-03,O000071,P0002,1,265,265,PKR
OI000072-01,O000072,P0053,3,2210,6630,PKR
OI000073-01,O000073,P0033,1,1475,1475,PKR
OI000073-02,O000073,P0006,2,750,1500,PKR
OI000073-03,O000073,P0113,1,1250,1250,PKR
OI000073-04,O000073,P0089,1,225,225,PKR
OI000074-01,O000074,P0091,1,490,490,PKR
OI000074-02,O000074,P0028,1,1930,1930,PKR
OI000075-01,O000075,P0084,1,1260,1260,PKR
OI000075-02,O000075,P0078,1,385,385,PKR
OI000076-01,O000076,P0098,2,1885,3770,PKR
OI000076-02,O000076,P0016,1,1700,1700,PKR
OI000077-01,O000077,P0119,1,550,550,PKR
OI000078-01,O000078,P0049,1,215,215,PKR
OI000078-02,O000078,P0085,2,270,540,PKR
OI000079-01,O000079,P0104,1,1645,1645,PKR
OI000079-02,O000079,P0095,2,890,1780,PKR
OI000079-03,O000079,P0101,1,185,185,PKR
OI000079-04,O000079,P0092,3,955,2865,PKR
OI000080-01,O000080,P0061,1,275,275,PKR
OI000080-02,O000080,P0040,2,1090,2180,PKR
OI000080-03,O000080,P0027,2,1980,3960,PKR
OI000080-04,O000080,P0095,1,890,890,PKR
OI000081-01,O000081,P0103,2,1075,2150,PKR
OI000081-02,O000081,P0044,1,1840,1840,PKR
OI000081-03,O000081,P0119,1,550,550,PKR
OI000081-04,O000081,P0048,2,1495,2990,PKR
OI000082-01,O000082,P0025,3,290,870,PKR
OI000082-02,O000082,P0040,1,1090,1090,PKR
OI000083-01,O000083,P0108,3,935,2805,PKR
OI000083-02,O000083,P0086,2,850,1700,PKR
OI000083-03,O000083,P0087,1,1090,1090,PKR
OI000084-01,O000084,P0059,4,600,2400,PKR
OI000084-02,O000084,P0087,2,1090,2180,PKR
OI000085-01,O000085,P0063,1,1685,1685,PKR
OI000085-02,O000085,P0089,1,225,225,PKR
OI000085-03,O000085,P0068,1,550,550,PKR
OI000085-04,O000085,P0093,2,1805,3610,PKR
OI000085-05,O000085,P0031,1,730,730,PKR
OI000086-01,O000086,P0051,1,200,200,PKR
OI000086-02,O000086,P0021,1,1595,1595,PKR
OI000086-03,O000086,P0063,1,1685,1685,PKR
OI000087-01,O000087,P0116,1,815,815,PKR
OI000088-01,O000088,P0024,1,235,235,PKR
OI000088-02,O000088,P0107,1,1020,1020,PKR
OI000088-03,O000088,P0061,2,275,550,PKR
OI000088-04,O000088,P0021,1,1595,1595,PKR
OI000089-01,O000089,P0078,1,385,385,PKR
OI000089-02,O000089,P0034,2,140,280,PKR
OI000089-03,O000089,P0088,1,780,780,PKR
OI000090-01,O000090,P0030,2,220,440,PKR
OI000090-02,O000090,P0078,2,385,770,PKR
OI000090-03,O000090,P0109,1,260,260,PKR
OI000090-04,O000090,P0097,1,1730,1730,PKR
OI000091-01,O000091,P0094,2,130,260,PKR
OI000091-02,O000091,P0019,1,1470,1470,PKR
OI000092-01,O000092,P0106,1,1080,1080,PKR
OI000093-01,O000093,P0075,1,645,645,PKR
OI000093-02,O000093,P0050,1,810,810,PKR
OI000093-03,O000093,P0055,1,1405,1405,PKR
OI000093-04,O000093,P0094,4,130,520,PKR
OI000094-01,O000094,P0114,1,1530,1530,PKR
OI000095-01,O000095,P0067,2,1215,2430,PKR
OI000095-02,O000095,P0060,1,230,230,PKR
OI000095-03,O000095,P0114,1,1530,1530,PKR
OI000095-04,O000095,P0003,1,1000,1000,PKR
OI000095-05,O000095,P0081,2,1110,2220,PKR
OI000096-01,O000096,P0058,2,1715,3430,PKR
OI000096-02,O000096,P0096,1,1660,1660,PKR
OI000097-01,O000097,P0066,1,785,785,PKR
OI000098-01,O000098,P0005,2,1405,2810,PKR
OI000098-02,O000098,P0025,1,290,290,PKR
OI000099-01,O000099,P0070,1,1560,1560,PKR
OI000099-02,O000099,P0076,1,1635,1635,PKR
OI000100-01,O000100,P0086,1,850,850,PKR
OI000100-02,O000100,P0011,4,1805,7220,PKR
OI000100-03,O000100,P0097,1,1730,1730,PKR
OI000100-04,O000100,P0032,1,585,585,PKR
OI000101-01,O000101,P0003,1,1000,1000,PKR
OI000101-02,O000101,P0120,1,760,760,PKR
OI000101-03,O000101,P0060,2,230,460,PKR
OI000102-01,O000102,P0116,2,815,1630,PKR
OI000102-02,O000102,P0090,1,1680,1680,PKR
OI000102-03,O000102,P0094,1,130,130,PKR
OI000102-04,O000102,P0011,1,1805,1805,PKR
OI000103-01,O000103,P0078,1,385,385,PKR
OI000103-02,O000103,P0058,3,1715,5145,PKR
OI000103-03,O000103,P0079,1,850,850,PKR
OI000104-01,O000104,P0097,4,1730,6920,PKR
OI000104-02,O000104,P0063,1,1685,1685,PKR
OI000104-03,O000104,P0069,2,530,1060,PKR
OI000104-04,O000104,P0006,1,750,750,PKR
OI000105-01,O000105,P0071,1,850,850,PKR
OI000105-02,O000105,P0005,1,1405,1405,PKR
OI000106-01,O000106,P0103,1,1075,1075,PKR
OI000106-02,O000106,P0106,1,1080,1080,PKR
OI000106-03,O000106,P0071,3,850,2550,PKR
OI000107-01,O000107,P0096,1,1660,1660,PKR
OI000107-02,O000107,P0037,1,180,180,PKR
OI000108-01,O000108,P0022,1,1255,1255,PKR
OI000109-01,O000109,P0044,1,1840,1840,PKR
OI000109-02,O000109,P0109,1,260,260,PKR
OI000110-01,O000110,P0066,1,785,785,PKR
OI000110-02,O000110,P0024,2,235,470,PKR
OI000110-03,O000110,P0094,1,130,130,PKR
OI000111-01,O000111,P0083,2,720,1440,PKR
OI000111-02,O000111,P0086,1,850,850,PKR
OI000111-03,O000111,P0063,2,1685,3370,PKR
OI000112-01,O000112,P0068,1,550,550,PKR
OI000113-01,O000113,P0028,1,1930,1930,PKR
OI000114-01,O000114,P0018,1,1305,1305,PKR
OI000114-02,O000114,P0077,2,595,1190,PKR
OI000115-01,O000115,P0078,1,385,385,PKR
OI000116-01,O000116,P0026,2,755,1510,PKR
OI000116-02,O000116,P0115,1,1790,1790,PKR
OI000117-01,O000117,P0051,1,200,200,PKR
OI000118-01,O000118,P0082,1,1025,1025,PKR
OI000118-02,O000118,P0042,3,1400,4200,PKR
OI000118-03,O000118,P0059,3,600,1800,PKR
OI000118-04,O000118,P0030,1,220,220,PKR
OI000119-01,O000119,P0113,2,1250,2500,PKR
OI000119-02,O000119,P0055,3,1405,4215,PKR
OI000120-01,O000120,P0008,1,1530,1530,PKR
OI000120-02,O000120,P0115,1,1790,1790,PKR
OI000121-01,O000121,P0011,1,1805,1805,PKR
OI000121-02,O000121,P0078,1,385,385,PKR
OI000121-03,O000121,P0115,1,1790,1790,PKR
OI000122-01,O000122,P0006,1,750,750,PKR
OI000123-01,O000123,P0019,2,1470,2940,PKR
OI000123-02,O000123,P0016,1,1700,1700,PKR
OI000124-01,O000124,P0041,2,385,770,PKR
OI000124-02,O000124,P0044,1,1840,1840,PKR
OI000125-01,O000125,P0054,1,620,620,PKR
OI000125-02,O000125,P0009,1,985,985,PKR
OI000125-03,O000125,P0068,1,550,550,PKR
OI000125-04,O000125,P0048,1,1495,1495,PKR
OI000126-01,O000126,P0076,2,1635,3270,PKR
OI000127-01,O000127,P0119,1,550,550,PKR
OI000127-02,O000127,P0054,1,620,620,PKR
OI000128-01,O000128,P0011,2,1805,3610,PKR
OI000128-02,O000128,P0084,1,1260,1260,PKR
OI000129-01,O000129,P0039,2,920,1840,PKR
OI000129-02,O000129,P0074,1,600,600,PKR
OI000130-01,O000130,P0076,1,1635,1635,PKR
OI000131-01,O000131,P0062,3,1690,5070,PKR
OI000132-01,O000132,P0119,1,550,550,PKR
OI000132-02,O000132,P0053,1,2210,2210,PKR
OI000133-01,O000133,P0091,1,490,490,PKR
OI000134-01,O000134,P0030,2,220,440,PKR
OI000134-02,O000134,P0110,2,545,1090,PKR
OI000135-01,O000135,P0061,2,275,550,PKR
OI000135-02,O000135,P0087,2,1090,2180,PKR
OI000135-03,O000135,P0063,3,1685,5055,PKR
OI000136-01,O000136,P0033,1,1475,1475,PKR
OI000136-02,O000136,P0103,2,1075,2150,PKR
OI000136-03,O000136,P0061,1,275,275,PKR
OI000137-01,O000137,P0110,1,545,545,PKR
OI000137-02,O000137,P0019,1,1470,1470,PKR
OI000137-03,O000137,P0025,1,290,290,PKR
OI000137-04,O000137,P0113,1,1250,1250,PKR
OI000137-05,O000137,P0054,2,620,1240,PKR
OI000138-01,O000138,P0068,1,550,550,PKR
OI000138-02,O000138,P0117,1,720,720,PKR
OI000138-03,O000138,P0075,1,645,645,PKR
OI000139-01,O000139,P0011,1,1805,1805,PKR
OI000139-02,O000139,P0087,1,1090,1090,PKR
OI000139-03,O000139,P0112,1,385,385,PKR
OI000139-04,O000139,P0089,1,225,225,PKR
OI000140-01,O000140,P0029,3,895,2685,PKR
OI000141-01,O000141,P0093,3,1805,5415,PKR
OI000141-02,O000141,P0099,1,970,970,PKR
OI000142-01,O000142,P0005,1,1405,1405,PKR
OI000142-02,O000142,P0038,1,475,475,PKR
OI000143-01,O000143,P0027,1,1980,1980,PKR
OI000143-02,O000143,P0069,1,530,530,PKR
OI000143-03,O000143,P0064,1,1700,1700,PKR
OI000144-01,O000144,P0105,3,1155,3465,PKR
OI000144-02,O000144,P0039,1,920,920,PKR
OI000144-03,O000144,P0062,1,1690,1690,PKR
OI000144-04,O000144,P0117,1,720,720,PKR
OI000145-01,O000145,P0036,1,595,595,PKR
OI000146-01,O000146,P0093,1,1805,1805,PKR
OI000146-02,O000146,P0023,3,1745,5235,PKR
OI000146-03,O000146,P0109,1,260,260,PKR
OI000146-04,O000146,P0019,4,1470,5880,PKR
OI000147-01,O000147,P0036,1,595,595,PKR
OI000147-02,O000147,P0015,1,895,895,PKR
OI000147-03,O000147,P0016,1,1700,1700,PKR
OI000148-01,O000148,P0049,1,215,215,PKR
OI000148-02,O000148,P0114,2,1530,3060,PKR
OI000149-01,O000149,P0099,1,970,970,PKR
OI000150-01,O000150,P0059,3,600,1800,PKR
OI000151-01,O000151,P0029,1,895,895,PKR
OI000151-02,O000151,P0096,3,1660,4980,PKR
OI000151-03,O000151,P0070,1,1560,1560,PKR
OI000152-01,O000152,P0070,1,1560,1560,PKR
OI000153-01,O000153,P0044,1,1840,1840,PKR
OI000154-01,O000154,P0080,1,2175,2175,PKR
OI000154-02,O000154,P0023,1,1745,1745,PKR
OI000154-03,O000154,P0017,1,1755,1755,PKR
OI000155-01,O000155,P0073,1,225,225,PKR
OI000155-02,O000155,P0114,1,1530,1530,PKR
OI000155-03,O000155,P0051,1,200,200,PKR
OI000156-01,O000156,P0102,4,555,2220,PKR
OI000157-01,O000157,P0044,1,1840,1840,PKR
OI000157-02,O000157,P0082,1,1025,1025,PKR
OI000157-03,O000157,P0051,1,200,200,PKR
OI000158-01,O000158,P0120,2,760,1520,PKR
OI000158-02,O000158,P0011,3,1805,5415,PKR
OI000158-03,O000158,P0050,1,810,810,PKR
OI000158-04,O000158,P0091,3,490,1470,PKR
OI000159-01,O000159,P0050,1,810,810,PKR
OI000160-01,O000160,P0098,1,1885,1885,PKR
OI000160-02,O000160,P0020,1,325,325,PKR
OI000161-01,O000161,P0050,1,810,810,PKR
OI000162-01,O000162,P0108,2,935,1870,PKR
OI000162-02,O000162,P0028,1,1930,1930,PKR
OI000162-03,O000162,P0084,1,1260,1260,PKR
OI000163-01,O000163,P0080,2,2175,4350,PKR
OI000164-01,O000164,P0077,2,595,1190,PKR
OI000164-02,O000164,P0056,1,385,385,PKR
OI000164-03,O000164,P0107,1,1020,1020,PKR
OI000164-04,O000164,P0008,1,1530,1530,PKR
OI000165-01,O000165,P0120,1,760,760,PKR
OI000166-01,O000166,P0034,3,140,420,PKR
OI000166-02,O000166,P0038,3,475,1425,PKR
OI000166-03,O000166,P0021,3,1595,4785,PKR
OI000167-01,O000167,P0103,1,1075,1075,PKR
OI000167-02,O000167,P0031,2,730,1460,PKR
OI000167-03,O000167,P0084,1,1260,1260,PKR
OI000168-01,O000168,P0066,1,785,785,PKR
OI000168-02,O000168,P0084,1,1260,1260,PKR
OI000169-01,O000169,P0113,3,1250,3750,PKR
OI000169-02,O000169,P0068,3,550,1650,PKR
OI000169-03,O000169,P0016,1,1700,1700,PKR
OI000170-01,O000170,P0083,3,720,2160,PKR
OI000170-02,O000170,P0009,1,985,985,PKR
OI000171-01,O000171,P0090,1,1680,1680,PKR
OI000171-02,O000171,P0094,1,130,130,PKR
OI000171-03,O000171,P0054,2,620,1240,PKR
OI000171-04,O000171,P0108,1,935,935,PKR
OI000172-01,O000172,P0002,2,265,530,PKR
OI000172-02,O000172,P0085,3,270,810,PKR
OI000173-01,O000173,P0027,1,1980,1980,PKR
OI000173-02,O000173,P0070,1,1560,1560,PKR
OI000173-03,O000173,P0103,2,1075,2150,PKR
OI000174-01,O000174,P0101,1,185,185,PKR
OI000174-02,O000174,P0006,1,750,750,PKR
OI000174-03,O000174,P0109,1,260,260,PKR
OI000174-04,O000174,P0113,2,1250,2500,PKR
OI000174-05,O000174,P0111,1,1265,1265,PKR
OI000175-01,O000175,P0102,1,555,555,PKR
OI000175-02,O000175,P0091,1,490,490,PKR
OI000176-01,O000176,P0104,2,1645,3290,PKR
OI000177-01,O000177,P0045,1,910,910,PKR
OI000178-01,O000178,P0097,1,1730,1730,PKR
OI000179-01,O000179,P0059,3,600,1800,PKR
OI000179-02,O000179,P0015,1,895,895,PKR
OI000180-01,O000180,P0081,2,1110,2220,PKR
OI000180-02,O000180,P0100,1,855,855,PKR
OI000180-03,O000180,P0109,1,260,260,PKR
OI000180-04,O000180,P0017,1,1755,1755,PKR
OI000180-05,O000180,P0093,3,1805,5415,PKR
OI000181-01,O000181,P0113,3,1250,3750,PKR
OI000182-01,O000182,P0034,1,140,140,PKR
OI000182-02,O000182,P0016,1,1700,1700,PKR
OI000183-01,O000183,P0043,1,1190,1190,PKR
OI000183-02,O000183,P0030,1,220,220,PKR
OI000184-01,O000184,P0098,2,1885,3770,PKR
OI000184-02,O000184,P0024,2,235,470,PKR
OI000185-01,O000185,P0047,1,1540,1540,PKR
OI000185-02,O000185,P0039,1,920,920,PKR
OI000186-01,O000186,P0105,1,1155,1155,PKR
OI000186-02,O000186,P0059,3,600,1800,PKR
OI000186-03,O000186,P0064,1,1700,1700,PKR
OI000186-04,O000186,P0010,1,375,375,PKR
OI000187-01,O000187,P0077,1,595,595,PKR
OI000187-02,O000187,P0051,1,200,200,PKR
OI000187-03,O000187,P0069,2,530,1060,PKR
OI000188-01,O000188,P0094,2,130,260,PKR
OI000188-02,O000188,P0036,2,595,1190,PKR
OI000188-03,O000188,P0057,1,1425,1425,PKR
OI000189-01,O000189,P0106,1,1080,1080,PKR
OI000189-02,O000189,P0011,1,1805,1805,PKR
OI000190-01,O000190,P0082,1,1025,1025,PKR
OI000190-02,O000190,P0084,1,1260,1260,PKR
OI000190-03,O000190,P0031,1,730,730,PKR
OI000191-01,O000191,P0003,1,1000,1000,PKR
OI000191-02,O000191,P0008,2,1530,3060,PKR
OI000191-03,O000191,P0006,1,750,750,PKR
OI000192-01,O000192,P0074,1,600,600,PKR
OI000192-02,O000192,P0079,1,850,850,PKR
OI000193-01,O000193,P0061,2,275,550,PKR
OI000194-01,O000194,P0069,1,530,530,PKR
OI000194-02,O000194,P0046,2,205,410,PKR
OI000195-01,O000195,P0004,1,1410,1410,PKR
OI000195-02,O000195,P0053,1,2210,2210,PKR
OI000195-03,O000195,P0114,1,1530,1530,PKR
OI000196-01,O000196,P0054,3,620,1860,PKR
OI000196-02,O000196,P0047,1,1540,1540,PKR
OI000196-03,O000196,P0114,2,1530,3060,PKR
OI000196-04,O000196,P0079,4,850,3400,PKR
OI000197-01,O000197,P0115,2,1790,3580,PKR
OI000198-01,O000198,P0009,3,985,2955,PKR
OI000198-02,O000198,P0114,2,1530,3060,PKR
OI000198-03,O000198,P0073,1,225,225,PKR
OI000198-04,O000198,P0063,1,1685,1685,PKR
OI000198-05,O000198,P0066,3,785,2355,PKR
OI000199-01,O000199,P0014,1,1895,1895,PKR
OI000200-01,O000200,P0024,1,235,235,PKR
OI000200-02,O000200,P0062,1,1690,1690,PKR
OI000200-03,O000200,P0118,2,1270,2540,PKR
OI000201-01,O000201,P0028,1,1930,1930,PKR
OI000201-02,O000201,P0101,1,185,185,PKR
OI000202-01,O000202,P0013,1,1805,1805,PKR
OI000202-02,O000202,P0007,1,425,425,PKR
OI000203-01,O000203,P0079,1,850,850,PKR
OI000204-01,O000204,P0039,1,920,920,PKR
OI000204-02,O000204,P0114,2,1530,3060,PKR
OI000204-03,O000204,P0101,1,185,185,PKR
OI000205-01,O000205,P0032,1,585,585,PKR
OI000205-02,O000205,P0003,1,1000,1000,PKR
OI000206-01,O000206,P0113,3,1250,3750,PKR
OI000206-02,O000206,P0068,4,550,2200,PKR
OI000207-01,O000207,P0077,2,595,1190,PKR
OI000207-02,O000207,P0115,1,1790,1790,PKR
OI000208-01,O000208,P0102,2,555,1110,PKR
OI000208-02,O000208,P0005,3,1405,4215,PKR
OI000209-01,O000209,P0019,2,1470,2940,PKR
OI000209-02,O000209,P0030,1,220,220,PKR
OI000209-03,O000209,P0067,1,1215,1215,PKR
OI000210-01,O000210,P0053,1,2210,2210,PKR
OI000210-02,O000210,P0108,1,935,935,PKR
OI000210-03,O000210,P0100,2,855,1710,PKR
OI000210-04,O000210,P0117,1,720,720,PKR
OI000211-01,O000211,P0041,1,385,385,PKR
OI000211-02,O000211,P0070,1,1560,1560,PKR
OI000211-03,O000211,P0071,1,850,850,PKR
OI000212-01,O000212,P0014,1,1895,1895,PKR
OI000213-01,O000213,P0084,1,1260,1260,PKR
OI000213-02,O000213,P0087,2,1090,2180,PKR
OI000214-01,O000214,P0049,4,215,860,PKR
OI000214-02,O000214,P0100,1,855,855,PKR
OI000214-03,O000214,P0030,2,220,440,PKR
OI000214-04,O000214,P0022,1,1255,1255,PKR
OI000214-05,O000214,P0076,2,1635,3270,PKR
OI000215-01,O000215,P0003,4,1000,4000,PKR
OI000215-02,O000215,P0027,1,1980,1980,PKR
OI000215-03,O000215,P0054,2,620,1240,PKR
OI000215-04,O000215,P0023,1,1745,1745,PKR
OI000216-01,O000216,P0042,1,1400,1400,PKR
OI000216-02,O000216,P0033,4,1475,5900,PKR
OI000217-01,O000217,P0091,3,490,1470,PKR
OI000217-02,O000217,P0005,1,1405,1405,PKR
OI000218-01,O000218,P0058,1,1715,1715,PKR
OI000218-02,O000218,P0116,2,815,1630,PKR
OI000218-03,O000218,P0018,1,1305,1305,PKR
OI000218-04,O000218,P0112,2,385,770,PKR
OI000218-05,O000218,P0026,1,755,755,PKR
OI000219-01,O000219,P0032,1,585,585,PKR
OI000220-01,O000220,P0109,2,260,520,PKR
OI000220-02,O000220,P0054,1,620,620,PKR
OI000220-03,O000220,P0084,1,1260,1260,PKR
OI000221-01,O000221,P0117,2,720,1440,PKR
OI000221-02,O000221,P0079,3,850,2550,PKR
OI000221-03,O000221,P0023,1,1745,1745,PKR
OI000221-04,O000221,P0035,1,380,380,PKR
OI000221-05,O000221,P0059,2,600,1200,PKR
OI000222-01,O000222,P0001,4,660,2640,PKR
OI000223-01,O000223,P0055,1,1405,1405,PKR
OI000223-02,O000223,P0115,2,1790,3580,PKR
OI000224-01,O000224,P0024,2,235,470,PKR
OI000224-02,O000224,P0071,1,850,850,PKR
OI000225-01,O000225,P0093,1,1805,1805,PKR
OI000225-02,O000225,P0032,1,585,585,PKR
OI000225-03,O000225,P0053,2,2210,4420,PKR
OI000226-01,O000226,P0082,1,1025,1025,PKR
OI000226-02,O000226,P0120,2,760,1520,PKR
OI000227-01,O000227,P0070,3,1560,4680,PKR
OI000227-02,O000227,P0112,1,385,385,PKR
OI000227-03,O000227,P0102,1,555,555,PKR
OI000228-01,O000228,P0099,1,970,970,PKR
OI000228-02,O000228,P0063,2,1685,3370,PKR
OI000228-03,O000228,P0017,4,1755,7020,PKR
OI000228-04,O000228,P0119,4,550,2200,PKR
OI000228-05,O000228,P0112,2,385,770,PKR
OI000229-01,O000229,P0042,1,1400,1400,PKR
OI000229-02,O000229,P0049,2,215,430,PKR
OI000229-03,O000229,P0059,2,600,1200,PKR
OI000230-01,O000230,P0048,2,1495,2990,PKR
OI000230-02,O000230,P0036,1,595,595,PKR
OI000230-03,O000230,P0028,1,1930,1930,PKR
OI000231-01,O000231,P0009,1,985,985,PKR
OI000231-02,O000231,P0072,2,1075,2150,PKR
OI000231-03,O000231,P0044,3,1840,5520,PKR
OI000231-04,O000231,P0119,1,550,550,PKR
OI000232-01,O000232,P0062,1,1690,1690,PKR
OI000232-02,O000232,P0031,1,730,730,PKR
OI000233-01,O000233,P0027,1,1980,1980,PKR
OI000233-02,O000233,P0065,4,840,3360,PKR
OI000233-03,O000233,P0045,1,910,910,PKR
OI000233-04,O000233,P0043,1,1190,1190,PKR
OI000234-01,O000234,P0043,1,1190,1190,PKR
OI000234-02,O000234,P0108,4,935,3740,PKR
OI000235-01,O000235,P0104,1,1645,1645,PKR
OI000235-02,O000235,P0105,1,1155,1155,PKR
OI000235-03,O000235,P0007,2,425,850,PKR
OI000235-04,O000235,P0005,2,1405,2810,PKR
OI000235-05,O000235,P0068,1,550,550,PKR
OI000236-01,O000236,P0019,1,1470,1470,PKR
OI000236-02,O000236,P0061,3,275,825,PKR
OI000236-03,O000236,P0057,2,1425,2850,PKR
OI000236-04,O000236,P0089,1,225,225,PKR
OI000236-05,O000236,P0026,2,755,1510,PKR
OI000237-01,O000237,P0064,1,1700,1700,PKR
OI000237-02,O000237,P0093,3,1805,5415,PKR
OI000238-01,O000238,P0052,3,250,750,PKR
OI000238-02,O000238,P0006,1,750,750,PKR
OI000238-03,O000238,P0013,1,1805,1805,PKR
OI000239-01,O000239,P0006,1,750,750,PKR
OI000239-02,O000239,P0032,4,585,2340,PKR
OI000240-01,O000240,P0076,2,1635,3270,PKR
OI000240-02,O000240,P0061,2,275,550,PKR
OI000241-01,O000241,P0061,1,275,275,PKR
OI000241-02,O000241,P0110,1,545,545,PKR
OI000241-03,O000241,P0014,1,1895,1895,PKR
OI000242-01,O000242,P0109,1,260,260,PKR
OI000242-02,O000242,P0063,1,1685,1685,PKR
OI000242-03,O000242,P0014,1,1895,1895,PKR
OI000242-04,O000242,P0069,1,530,530,PKR
OI000242-05,O000242,P0007,3,425,1275,PKR
OI000243-01,O000243,P0010,2,375,750,PKR
OI000243-02,O000243,P0015,2,895,1790,PKR
OI000243-03,O000243,P0089,2,225,450,PKR
OI000243-04,O000243,P0075,3,645,1935,PKR
OI000243-05,O000243,P0013,1,1805,1805,PKR
OI000244-01,O000244,P0115,2,1790,3580,PKR
OI000245-01,O000245,P0110,2,545,1090,PKR
OI000245-02,O000245,P0014,1,1895,1895,PKR
OI000245-03,O000245,P0004,1,1410,1410,PKR
OI000246-01,O000246,P0024,1,235,235,PKR
OI000246-02,O000246,P0027,1,1980,1980,PKR
OI000246-03,O000246,P0055,1,1405,1405,PKR
OI000246-04,O000246,P0002,1,265,265,PKR
OI000247-01,O000247,P0105,1,1155,1155,PKR
OI000247-02,O000247,P0031,2,730,1460,PKR
OI000248-01,O000248,P0055,1,1405,1405,PKR
OI000249-01,O000249,P0038,1,475,475,PKR
OI000250-01,O000250,P0116,2,815,1630,PKR
OI000250-02,O000250,P0077,3,595,1785,PKR
OI000250-03,O000250,P0047,2,1540,3080,PKR
OI000250-04,O000250,P0081,1,1110,1110,PKR
OI000251-01,O000251,P0029,2,895,1790,PKR
OI000252-01,O000252,P0069,3,530,1590,PKR
OI000252-02,O000252,P0101,2,185,370,PKR
OI000253-01,O000253,P0072,2,1075,2150,PKR
OI000253-02,O000253,P0085,1,270,270,PKR
OI000254-01,O000254,P0046,1,205,205,PKR
OI000254-02,O000254,P0012,1,155,155,PKR
OI000254-03,O000254,P0059,1,600,600,PKR
OI000255-01,O000255,P0051,1,200,200,PKR
OI000255-02,O000255,P0105,1,1155,1155,PKR
OI000255-03,O000255,P0061,2,275,550,PKR
OI000255-04,O000255,P0030,1,220,220,PKR
OI000255-05,O000255,P0081,2,1110,2220,PKR
OI000256-01,O000256,P0080,1,2175,2175,PKR
OI000256-02,O000256,P0005,1,1405,1405,PKR
OI000256-03,O000256,P0038,2,475,950,PKR
OI000257-01,O000257,P0115,4,1790,7160,PKR
OI000257-02,O000257,P0081,1,1110,1110,PKR
OI000257-03,O000257,P0104,1,1645,1645,PKR
OI000257-04,O000257,P0082,2,1025,2050,PKR
OI000257-05,O000257,P0099,1,970,970,PKR
OI000258-01,O000258,P0013,1,1805,1805,PKR
OI000259-01,O000259,P0075,2,645,1290,PKR
OI000259-02,O000259,P0119,3,550,1650,PKR
OI000259-03,O000259,P0106,2,1080,2160,PKR
OI000260-01,O000260,P0013,2,1805,3610,PKR
OI000261-01,O000261,P0106,1,1080,1080,PKR
OI000261-02,O000261,P0029,1,895,895,PKR
OI000262-01,O000262,P0070,2,1560,3120,PKR
OI000262-02,O000262,P0051,3,200,600,PKR
OI000263-01,O000263,P0075,1,645,645,PKR
OI000264-01,O000264,P0052,4,250,1000,PKR
OI000264-02,O000264,P0105,2,1155,2310,PKR
OI000264-03,O000264,P0115,3,1790,5370,PKR
OI000264-04,O000264,P0024,2,235,470,PKR
OI000265-01,O000265,P0058,2,1715,3430,PKR
OI000266-01,O000266,P0015,1,895,895,PKR
OI000266-02,O000266,P0079,1,850,850,PKR
OI000267-01,O000267,P0044,1,1840,1840,PKR
OI000267-02,O000267,P0060,4,230,920,PKR
OI000267-03,O000267,P0099,1,970,970,PKR
OI000268-01,O000268,P0009,2,985,1970,PKR
OI000268-02,O000268,P0070,4,1560,6240,PKR
OI000269-01,O000269,P0075,1,645,645,PKR
OI000269-02,O000269,P0026,2,755,1510,PKR
OI000269-03,O000269,P0103,2,1075,2150,PKR
OI000270-01,O000270,P0084,1,1260,1260,PKR
OI000270-02,O000270,P0011,1,1805,1805,PKR
OI000270-03,O000270,P0088,2,780,1560,PKR
OI000271-01,O000271,P0040,1,1090,1090,PKR
OI000271-02,O000271,P0107,2,1020,2040,PKR
OI000272-01,O000272,P0101,1,185,185,PKR
OI000273-01,O000273,P0059,4,600,2400,PKR
OI000274-01,O000274,P0108,1,935,935,PKR
OI000274-02,O000274,P0042,1,1400,1400,PKR
OI000274-03,O000274,P0043,1,1190,1190,PKR
OI000275-01,O000275,P0118,3,1270,3810,PKR
OI000275-02,O000275,P0084,1,1260,1260,PKR
OI000276-01,O000276,P0088,4,780,3120,PKR
OI000276-02,O000276,P0112,3,385,1155,PKR
OI000276-03,O000276,P0044,1,1840,1840,PKR
OI000276-04,O000276,P0052,1,250,250,PKR
OI000276-05,O000276,P0075,2,645,1290,PKR
OI000277-01,O000277,P0028,3,1930,5790,PKR
OI000278-01,O000278,P0016,2,1700,3400,PKR
OI000278-02,O000278,P0003,1,1000,1000,PKR
OI000279-01,O000279,P0103,1,1075,1075,PKR
OI000280-01,O000280,P0072,1,1075,1075,PKR
OI000281-01,O000281,P0053,2,2210,4420,PKR
OI000282-01,O000282,P0067,1,1215,1215,PKR
OI000282-02,O000282,P0036,1,595,595,PKR
OI000282-03,O000282,P0011,1,1805,1805,PKR
OI000283-01,O000283,P0096,1,1660,1660,PKR
OI000283-02,O000283,P0094,1,130,130,PKR
OI000283-03,O000283,P0037,1,180,180,PKR
OI000283-04,O000283,P0110,1,545,545,PKR
OI000283-05,O000283,P0049,1,215,215,PKR
OI000284-01,O000284,P0086,1,850,850,PKR
OI000284-02,O000284,P0029,1,895,895,PKR
OI000284-03,O000284,P0098,1,1885,1885,PKR
OI000284-04,O000284,P0113,1,1250,1250,PKR
OI000285-01,O000285,P0002,1,265,265,PKR
OI000285-02,O000285,P0016,4,1700,6800,PKR
OI000286-01,O000286,P0022,1,1255,1255,PKR
OI000287-01,O000287,P0048,1,1495,1495,PKR
OI000287-02,O000287,P0008,1,1530,1530,PKR
OI000288-01,O000288,P0039,1,920,920,PKR
OI000288-02,O000288,P0081,2,1110,2220,PKR
OI000289-01,O000289,P0106,1,1080,1080,PKR
OI000289-02,O000289,P0111,1,1265,1265,PKR
OI000289-03,O000289,P0003,1,1000,1000,PKR
OI000289-04,O000289,P0112,2,385,770,PKR
OI000290-01,O000290,P0060,2,230,460,PKR
OI000290-02,O000290,P0059,2,600,1200,PKR
OI000290-03,O000290,P0102,1,555,555,PKR
OI000290-04,O000290,P0069,1,530,530,PKR
OI000290-05,O000290,P0105,1,1155,1155,PKR
OI000291-01,O000291,P0103,1,1075,1075,PKR
OI000291-02,O000291,P0059,1,600,600,PKR
OI000291-03,O000291,P0088,1,780,780,PKR
OI000292-01,O000292,P0104,1,1645,1645,PKR
OI000292-02,O000292,P0082,1,1025,1025,PKR
OI000292-03,O000292,P0083,1,720,720,PKR
OI000293-01,O000293,P0109,1,260,260,PKR
OI000293-02,O000293,P0078,1,385,385,PKR
OI000293-03,O000293,P0101,1,185,185,PKR
OI000294-01,O000294,P0004,2,1410,2820,PKR
OI000294-02,O000294,P0035,1,380,380,PKR
OI000295-01,O000295,P0096,2,1660,3320,PKR
OI000295-02,O000295,P0029,1,895,895,PKR
OI000295-03,O000295,P0090,2,1680,3360,PKR
OI000296-01,O000296,P0014,1,1895,1895,PKR
OI000296-02,O000296,P0060,1,230,230,PKR
OI000296-03,O000296,P0022,2,1255,2510,PKR
OI000297-01,O000297,P0015,1,895,895,PKR
OI000297-02,O000297,P0017,1,1755,1755,PKR
OI000298-01,O000298,P0007,1,425,425,PKR
OI000298-02,O000298,P0091,1,490,490,PKR
OI000298-03,O000298,P0070,1,1560,1560,PKR
OI000299-01,O000299,P0026,2,755,1510,PKR
OI000299-02,O000299,P0040,1,1090,1090,PKR
OI000299-03,O000299,P0118,1,1270,1270,PKR
OI000300-01,O000300,P0056,3,385,1155,PKR
OI000301-01,O000301,P0034,2,140,280,PKR
OI000302-01,O000302,P0059,1,600,600,PKR
OI000302-02,O000302,P0002,1,265,265,PKR
OI000302-03,O000302,P0066,1,785,785,PKR
OI000302-04,O000302,P0093,1,1805,1805,PKR
OI000302-05,O000302,P0009,3,985,2955,PKR
OI000303-01,O000303,P0007,1,425,425,PKR
OI000303-02,O000303,P0075,1,645,645,PKR
OI000303-03,O000303,P0077,1,595,595,PKR
OI000304-01,O000304,P0033,1,1475,1475,PKR
OI000304-02,O000304,P0044,1,1840,1840,PKR
OI000304-03,O000304,P0111,1,1265,1265,PKR
OI000305-01,O000305,P0110,4,545,2180,PKR
OI000305-02,O000305,P0020,1,325,325,PKR
OI000305-03,O000305,P0120,3,760,2280,PKR
OI000306-01,O000306,P0111,1,1265,1265,PKR
OI000306-02,O000306,P0107,1,1020,1020,PKR
OI000306-03,O000306,P0008,1,1530,1530,PKR
OI000307-01,O000307,P0048,1,1495,1495,PKR
OI000307-02,O000307,P0028,1,1930,1930,PKR
OI000307-03,O000307,P0005,4,1405,5620,PKR
OI000307-04,O000307,P0027,1,1980,1980,PKR
OI000307-05,O000307,P0034,1,140,140,PKR
OI000308-01,O000308,P0077,1,595,595,PKR
OI000308-02,O000308,P0058,3,1715,5145,PKR
OI000309-01,O000309,P0107,1,1020,1020,PKR
OI000309-02,O000309,P0074,3,600,1800,PKR
OI000309-03,O000309,P0076,2,1635,3270,PKR
OI000309-04,O000309,P0094,4,130,520,PKR
OI000310-01,O000310,P0106,2,1080,2160,PKR
OI000311-01,O000311,P0042,2,1400,2800,PKR
OI000311-02,O000311,P0024,2,235,470,PKR
OI000311-03,O000311,P0021,2,1595,3190,PKR
OI000312-01,O000312,P0107,1,1020,1020,PKR
OI000312-02,O000312,P0109,2,260,520,PKR
OI000312-03,O000312,P0083,2,720,1440,PKR
OI000312-04,O000312,P0064,1,1700,1700,PKR
OI000313-01,O000313,P0009,1,985,985,PKR
OI000313-02,O000313,P0089,4,225,900,PKR
OI000313-03,O000313,P0027,2,1980,3960,PKR
OI000313-04,O000313,P0114,1,1530,1530,PKR
OI000314-01,O000314,P0118,1,1270,1270,PKR
OI000315-01,O000315,P0118,4,1270,5080,PKR
OI000316-01,O000316,P0080,2,2175,4350,PKR
OI000316-02,O000316,P0018,1,1305,1305,PKR
OI000316-03,O000316,P0029,2,895,1790,PKR
OI000316-04,O000316,P0063,1,1685,1685,PKR
OI000317-01,O000317,P0019,1,1470,1470,PKR
OI000317-02,O000317,P0104,1,1645,1645,PKR
OI000317-03,O000317,P0063,2,1685,3370,PKR
OI000317-04,O000317,P0096,3,1660,4980,PKR
OI000317-05,O000317,P0033,1,1475,1475,PKR
OI000318-01,O000318,P0095,2,890,1780,PKR
OI000318-02,O000318,P0093,1,1805,1805,PKR
OI000318-03,O000318,P0024,1,235,235,PKR
OI000319-01,O000319,P0073,2,225,450,PKR
OI000319-02,O000319,P0108,3,935,2805,PKR
OI000319-03,O000319,P0019,1,1470,1470,PKR
OI000319-04,O000319,P0030,1,220,220,PKR
OI000320-01,O000320,P0110,1,545,545,PKR
OI000320-02,O000320,P0029,1,895,895,PKR
OI000321-01,O000321,P0065,1,840,840,PKR
OI000322-01,O000322,P0041,1,385,385,PKR
OI000322-02,O000322,P0050,1,810,810,PKR
OI000322-03,O000322,P0069,1,530,530,PKR
OI000322-04,O000322,P0120,1,760,760,PKR
OI000322-05,O000322,P0087,1,1090,1090,PKR
OI000323-01,O000323,P0057,1,1425,1425,PKR
OI000324-01,O000324,P0022,2,1255,2510,PKR
OI000324-02,O000324,P0037,2,180,360,PKR
OI000324-03,O000324,P0040,3,1090,3270,PKR
OI000325-01,O000325,P0086,2,850,1700,PKR
OI000325-02,O000325,P0047,1,1540,1540,PKR
OI000325-03,O000325,P0093,2,1805,3610,PKR
OI000325-04,O000325,P0062,1,1690,1690,PKR
OI000326-01,O000326,P0074,1,600,600,PKR
OI000326-02,O000326,P0048,2,1495,2990,PKR
OI000326-03,O000326,P0028,1,1930,1930,PKR
OI000326-04,O000326,P0099,2,970,1940,PKR
OI000327-01,O000327,P0084,3,1260,3780,PKR
OI000328-01,O000328,P0075,2,645,1290,PKR
OI000328-02,O000328,P0116,2,815,1630,PKR
OI000329-01,O000329,P0029,1,895,895,PKR
OI000329-02,O000329,P0027,1,1980,1980,PKR
OI000330-01,O000330,P0112,1,385,385,PKR
OI000330-02,O000330,P0115,1,1790,1790,PKR
OI000331-01,O000331,P0060,2,230,460,PKR
OI000331-02,O000331,P0079,4,850,3400,PKR
OI000331-03,O000331,P0107,1,1020,1020,PKR
OI000332-01,O000332,P0011,1,1805,1805,PKR
OI000332-02,O000332,P0022,1,1255,1255,PKR
OI000333-01,O000333,P0010,2,375,750,PKR
OI000333-02,O000333,P0032,1,585,585,PKR
OI000334-01,O000334,P0086,3,850,2550,PKR
OI000335-01,O000335,P0046,1,205,205,PKR
OI000335-02,O000335,P0093,1,1805,1805,PKR
OI000335-03,O000335,P0081,2,1110,2220,PKR
OI000336-01,O000336,P0030,1,220,220,PKR
OI000337-01,O000337,P0007,1,425,425,PKR
OI000337-02,O000337,P0058,1,1715,1715,PKR
OI000338-01,O000338,P0041,1,385,385,PKR
OI000339-01,O000339,P0100,1,855,855,PKR
OI000340-01,O000340,P0099,1,970,970,PKR
OI000340-02,O000340,P0049,3,215,645,PKR
OI000341-01,O000341,P0106,1,1080,1080,PKR
OI000341-02,O000341,P0067,2,1215,2430,PKR
OI000342-01,O000342,P0010,1,375,375,PKR
OI000342-02,O000342,P0013,3,1805,5415,PKR
OI000342-03,O000342,P0085,1,270,270,PKR
OI000342-04,O000342,P0042,3,1400,4200,PKR
OI000343-01,O000343,P0048,1,1495,1495,PKR
OI000343-02,O000343,P0037,1,180,180,PKR
OI000344-01,O000344,P0009,1,985,985,PKR
OI000344-02,O000344,P0112,3,385,1155,PKR
OI000344-03,O000344,P0090,3,1680,5040,PKR
OI000344-04,O000344,P0031,2,730,1460,PKR
OI000344-05,O000344,P0036,1,595,595,PKR
OI000345-01,O000345,P0043,2,1190,2380,PKR
OI000346-01,O000346,P0106,2,1080,2160,PKR
OI000346-02,O000346,P0086,2,850,1700,PKR
OI000346-03,O000346,P0089,1,225,225,PKR
OI000346-04,O000346,P0021,1,1595,1595,PKR
OI000347-01,O000347,P0109,2,260,520,PKR
OI000347-02,O000347,P0107,3,1020,3060,PKR
OI000348-01,O000348,P0106,2,1080,2160,PKR
OI000348-02,O000348,P0026,1,755,755,PKR
OI000348-03,O000348,P0064,3,1700,5100,PKR
OI000348-04,O000348,P0095,1,890,890,PKR
OI000348-05,O000348,P0067,1,1215,1215,PKR
OI000349-01,O000349,P0056,1,385,385,PKR
OI000349-02,O000349,P0054,2,620,1240,PKR
OI000350-01,O000350,P0103,2,1075,2150,PKR
OI000351-01,O000351,P0076,2,1635,3270,PKR
OI000351-02,O000351,P0097,1,1730,1730,PKR
OI000352-01,O000352,P0008,1,1530,1530,PKR
OI000352-02,O000352,P0101,1,185,185,PKR
OI000352-03,O000352,P0112,1,385,385,PKR
OI000352-04,O000352,P0111,2,1265,2530,PKR
OI000353-01,O000353,P0042,1,1400,1400,PKR
OI000353-02,O000353,P0061,3,275,825,PKR
OI000353-03,O000353,P0026,1,755,755,PKR
OI000354-01,O000354,P0037,3,180,540,PKR
OI000355-01,O000355,P0067,1,1215,1215,PKR
OI000355-02,O000355,P0114,1,1530,1530,PKR
OI000356-01,O000356,P0021,1,1595,1595,PKR
OI000356-02,O000356,P0119,1,550,550,PKR
OI000356-03,O000356,P0039,1,920,920,PKR
OI000356-04,O000356,P0091,1,490,490,PKR
OI000357-01,O000357,P0063,1,1685,1685,PKR
OI000357-02,O000357,P0086,1,850,850,PKR
OI000357-03,O000357,P0104,3,1645,4935,PKR
OI000358-01,O000358,P0061,1,275,275,PKR
OI000358-02,O000358,P0033,3,1475,4425,PKR
OI000358-03,O000358,P0099,1,970,970,PKR
OI000359-01,O000359,P0063,1,1685,1685,PKR
OI000359-02,O000359,P0007,1,425,425,PKR
OI000359-03,O000359,P0062,1,1690,1690,PKR
OI000359-04,O000359,P0077,2,595,1190,PKR
OI000359-05,O000359,P0059,1,600,600,PKR
OI000360-01,O000360,P0055,3,1405,4215,PKR
OI000360-02,O000360,P0097,1,1730,1730,PKR
OI000360-03,O000360,P0108,2,935,1870,PKR
OI000361-01,O000361,P0016,1,1700,1700,PKR
OI000361-02,O000361,P0058,1,1715,1715,PKR
OI000362-01,O000362,P0091,1,490,490,PKR
OI000362-02,O000362,P0098,1,1885,1885,PKR
OI000362-03,O000362,P0114,1,1530,1530,PKR
OI000363-01,O000363,P0021,4,1595,6380,PKR
OI000363-02,O000363,P0077,1,595,595,PKR
OI000363-03,O000363,P0037,1,180,180,PKR
OI000363-04,O000363,P0029,1,895,895,PKR
OI000363-05,O000363,P0118,1,1270,1270,PKR
OI000364-01,O000364,P0100,3,855,2565,PKR
OI000364-02,O000364,P0115,1,1790,1790,PKR
OI000364-03,O000364,P0066,2,785,1570,PKR
OI000364-04,O000364,P0058,1,1715,1715,PKR
OI000364-05,O000364,P0027,1,1980,1980,PKR
OI000365-01,O000365,P0036,2,595,1190,PKR
OI000365-02,O000365,P0021,2,1595,3190,PKR
OI000365-03,O000365,P0083,1,720,720,PKR
OI000365-04,O000365,P0118,2,1270,2540,PKR
OI000366-01,O000366,P0076,1,1635,1635,PKR
OI000366-02,O000366,P0011,1,1805,1805,PKR
OI000367-01,O000367,P0099,2,970,1940,PKR
OI000368-01,O000368,P0113,2,1250,2500,PKR
OI000368-02,O000368,P0009,1,985,985,PKR
OI000368-03,O000368,P0007,1,425,425,PKR
OI000369-01,O000369,P0006,1,750,750,PKR
OI000369-02,O000369,P0116,1,815,815,PKR
OI000369-03,O000369,P0036,1,595,595,PKR
OI000369-04,O000369,P0070,1,1560,1560,PKR
OI000369-05,O000369,P0019,1,1470,1470,PKR
OI000370-01,O000370,P0100,1,855,855,PKR
OI000370-02,O000370,P0060,1,230,230,PKR
OI000370-03,O000370,P0054,2,620,1240,PKR
OI000371-01,O000371,P0081,1,1110,1110,PKR
OI000371-02,O000371,P0057,1,1425,1425,PKR
OI000371-03,O000371,P0001,1,660,660,PKR
OI000372-01,O000372,P0086,2,850,1700,PKR
OI000373-01,O000373,P0118,1,1270,1270,PKR
OI000374-01,O000374,P0046,1,205,205,PKR
OI000374-02,O000374,P0071,1,850,850,PKR
OI000375-01,O000375,P0100,1,855,855,PKR
OI000375-02,O000375,P0068,1,550,550,PKR
OI000375-03,O000375,P0029,1,895,895,PKR
OI000375-04,O000375,P0101,1,185,185,PKR
OI000376-01,O000376,P0069,2,530,1060,PKR
OI000376-02,O000376,P0100,1,855,855,PKR
OI000376-03,O000376,P0072,1,1075,1075,PKR
OI000377-01,O000377,P0076,1,1635,1635,PKR
OI000378-01,O000378,P0049,2,215,430,PKR
OI000378-02,O000378,P0037,1,180,180,PKR
OI000378-03,O000378,P0041,1,385,385,PKR
OI000379-01,O000379,P0049,1,215,215,PKR
OI000379-02,O000379,P0042,1,1400,1400,PKR
OI000380-01,O000380,P0068,1,550,550,PKR
OI000380-02,O000380,P0013,1,1805,1805,PKR
OI000381-01,O000381,P0029,1,895,895,PKR
OI000382-01,O000382,P0095,2,890,1780,PKR
OI000382-02,O000382,P0013,1,1805,1805,PKR
OI000383-01,O000383,P0059,1,600,600,PKR
OI000383-02,O000383,P0116,1,815,815,PKR
OI000384-01,O000384,P0083,1,720,720,PKR
OI000384-02,O000384,P0001,1,660,660,PKR
OI000384-03,O000384,P0031,1,730,730,PKR
OI000384-04,O000384,P0013,1,1805,1805,PKR
OI000385-01,O000385,P0113,1,1250,1250,PKR
OI000385-02,O000385,P0012,1,155,155,PKR
OI000386-01,O000386,P0010,1,375,375,PKR
OI000386-02,O000386,P0045,1,910,910,PKR
OI000387-01,O000387,P0047,3,1540,4620,PKR
OI000387-02,O000387,P0081,1,1110,1110,PKR
OI000387-03,O000387,P0111,1,1265,1265,PKR
OI000388-01,O000388,P0052,1,250,250,PKR
OI000388-02,O000388,P0107,1,1020,1020,PKR
OI000388-03,O000388,P0039,1,920,920,PKR
OI000388-04,O000388,P0033,1,1475,1475,PKR
OI000389-01,O000389,P0097,1,1730,1730,PKR
OI000389-02,O000389,P0098,1,1885,1885,PKR
OI000390-01,O000390,P0043,1,1190,1190,PKR
OI000391-01,O000391,P0116,1,815,815,PKR
OI000391-02,O000391,P0025,1,290,290,PKR
OI000392-01,O000392,P0034,1,140,140,PKR
OI000392-02,O000392,P0016,3,1700,5100,PKR
OI000392-03,O000392,P0006,1,750,750,PKR
OI000392-04,O000392,P0008,2,1530,3060,PKR
OI000392-05,O000392,P0117,1,720,720,PKR
OI000393-01,O000393,P0013,1,1805,1805,PKR
OI000393-02,O000393,P0097,2,1730,3460,PKR
OI000393-03,O000393,P0010,1,375,375,PKR
OI000393-04,O000393,P0025,1,290,290,PKR
OI000393-05,O000393,P0035,1,380,380,PKR
OI000394-01,O000394,P0082,2,1025,2050,PKR
OI000394-02,O000394,P0086,1,850,850,PKR
OI000395-01,O000395,P0085,2,270,540,PKR
OI000395-02,O000395,P0066,3,785,2355,PKR
OI000395-03,O000395,P0082,2,1025,2050,PKR
OI000395-04,O000395,P0030,2,220,440,PKR
OI000395-05,O000395,P0115,3,1790,5370,PKR
OI000396-01,O000396,P0022,2,1255,2510,PKR
OI000396-02,O000396,P0059,1,600,600,PKR
OI000396-03,O000396,P0036,1,595,595,PKR
OI000397-01,O000397,P0050,3,810,2430,PKR
OI000397-02,O000397,P0082,2,1025,2050,PKR
OI000398-01,O000398,P0025,2,290,580,PKR
OI000398-02,O000398,P0086,3,850,2550,PKR
OI000398-03,O000398,P0112,1,385,385,PKR
OI000398-04,O000398,P0059,1,600,600,PKR
OI000399-01,O000399,P0044,1,1840,1840,PKR
OI000400-01,O000400,P0102,1,555,555,PKR
OI000400-02,O000400,P0025,3,290,870,PKR
OI000401-01,O000401,P0073,2,225,450,PKR
OI000401-02,O000401,P0082,1,1025,1025,PKR
OI000401-03,O000401,P0083,1,720,720,PKR
OI000402-01,O000402,P0062,1,1690,1690,PKR
OI000402-02,O000402,P0056,1,385,385,PKR
OI000403-01,O000403,P0018,2,1305,2610,PKR
OI000404-01,O000404,P0036,1,595,595,PKR
OI000404-02,O000404,P0098,1,1885,1885,PKR
OI000405-01,O000405,P0051,2,200,400,PKR
OI000405-02,O000405,P0033,2,1475,2950,PKR
OI000406-01,O000406,P0053,1,2210,2210,PKR
OI000406-02,O000406,P0089,1,225,225,PKR
OI000406-03,O000406,P0097,2,1730,3460,PKR
OI000406-04,O000406,P0099,2,970,1940,PKR
OI000407-01,O000407,P0054,3,620,1860,PKR
OI000408-01,O000408,P0038,1,475,475,PKR
OI000408-02,O000408,P0071,3,850,2550,PKR
OI000408-03,O000408,P0097,1,1730,1730,PKR
OI000409-01,O000409,P0085,1,270,270,PKR
OI000409-02,O000409,P0036,1,595,595,PKR
OI000409-03,O000409,P0095,1,890,890,PKR
OI000410-01,O000410,P0079,1,850,850,PKR
OI000411-01,O000411,P0102,1,555,555,PKR
OI000411-02,O000411,P0026,1,755,755,PKR
OI000411-03,O000411,P0028,1,1930,1930,PKR
OI000411-04,O000411,P0057,2,1425,2850,PKR
OI000412-01,O000412,P0080,1,2175,2175,PKR
OI000412-02,O000412,P0078,1,385,385,PKR
OI000412-03,O000412,P0044,1,1840,1840,PKR
OI000412-04,O000412,P0072,3,1075,3225,PKR
OI000412-05,O000412,P0009,1,985,985,PKR
OI000413-01,O000413,P0023,1,1745,1745,PKR
OI000413-02,O000413,P0015,1,895,895,PKR
OI000413-03,O000413,P0022,1,1255,1255,PKR
OI000414-01,O000414,P0067,1,1215,1215,PKR
OI000414-02,O000414,P0101,2,185,370,PKR
OI000415-01,O000415,P0014,1,1895,1895,PKR
OI000415-02,O000415,P0018,1,1305,1305,PKR
OI000415-03,O000415,P0083,2,720,1440,PKR
OI000416-01,O000416,P0068,2,550,1100,PKR
OI000416-02,O000416,P0041,1,385,385,PKR
OI000417-01,O000417,P0062,2,1690,3380,PKR
OI000417-02,O000417,P0037,4,180,720,PKR
OI000417-03,O000417,P0012,2,155,310,PKR
OI000418-01,O000418,P0068,2,550,1100,PKR
OI000418-02,O000418,P0026,1,755,755,PKR
OI000418-03,O000418,P0061,2,275,550,PKR
OI000418-04,O000418,P0034,2,140,280,PKR
OI000419-01,O000419,P0028,1,1930,1930,PKR
OI000420-01,O000420,P0106,2,1080,2160,PKR
OI000420-02,O000420,P0004,1,1410,1410,PKR
OI000420-03,O000420,P0007,1,425,425,PKR
OI000421-01,O000421,P0035,1,380,380,PKR
OI000421-02,O000421,P0113,1,1250,1250,PKR
OI000421-03,O000421,P0065,1,840,840,PKR
OI000421-04,O000421,P0101,3,185,555,PKR
OI000422-01,O000422,P0027,1,1980,1980,PKR
OI000423-01,O000423,P0072,3,1075,3225,PKR
OI000423-02,O000423,P0005,1,1405,1405,PKR
OI000423-03,O000423,P0118,3,1270,3810,PKR
OI000424-01,O000424,P0003,1,1000,1000,PKR
OI000424-02,O000424,P0119,1,550,550,PKR
OI000425-01,O000425,P0077,3,595,1785,PKR
OI000425-02,O000425,P0024,1,235,235,PKR
OI000426-01,O000426,P0011,2,1805,3610,PKR
OI000427-01,O000427,P0107,1,1020,1020,PKR
OI000427-02,O000427,P0062,2,1690,3380,PKR
OI000428-01,O000428,P0031,1,730,730,PKR
OI000429-01,O000429,P0047,2,1540,3080,PKR
OI000429-02,O000429,P0021,1,1595,1595,PKR
OI000430-01,O000430,P0059,2,600,1200,PKR
OI000431-01,O000431,P0009,1,985,985,PKR
OI000431-02,O000431,P0073,1,225,225,PKR
OI000431-03,O000431,P0010,2,375,750,PKR
OI000431-04,O000431,P0103,1,1075,1075,PKR
OI000431-05,O000431,P0064,2,1700,3400,PKR
OI000432-01,O000432,P0060,1,230,230,PKR
OI000432-02,O000432,P0077,1,595,595,PKR
OI000432-03,O000432,P0059,2,600,1200,PKR
OI000432-04,O000432,P0017,4,1755,7020,PKR
OI000433-01,O000433,P0023,1,1745,1745,PKR
OI000433-02,O000433,P0076,1,1635,1635,PKR
OI000434-01,O000434,P0116,1,815,815,PKR
OI000435-01,O000435,P0084,3,1260,3780,PKR
OI000435-02,O000435,P0081,1,1110,1110,PKR
OI000435-03,O000435,P0113,1,1250,1250,PKR
OI000436-01,O000436,P0117,2,720,1440,PKR
OI000436-02,O000436,P0104,1,1645,1645,PKR
OI000436-03,O000436,P0004,1,1410,1410,PKR
OI000437-01,O000437,P0040,1,1090,1090,PKR
OI000437-02,O000437,P0116,1,815,815,PKR
OI000437-03,O000437,P0031,1,730,730,PKR
OI000437-04,O000437,P0050,2,810,1620,PKR
OI000438-01,O000438,P0089,1,225,225,PKR
OI000438-02,O000438,P0087,1,1090,1090,PKR
OI000438-03,O000438,P0076,2,1635,3270,PKR
OI000439-01,O000439,P0027,1,1980,1980,PKR
OI000439-02,O000439,P0065,1,840,840,PKR
OI000439-03,O000439,P0108,1,935,935,PKR
OI000439-04,O000439,P0038,1,475,475,PKR
OI000440-01,O000440,P0021,4,1595,6380,PKR
OI000440-02,O000440,P0099,2,970,1940,PKR
OI000440-03,O000440,P0046,1,205,205,PKR
OI000441-01,O000441,P0041,1,385,385,PKR
OI000441-02,O000441,P0117,1,720,720,PKR
OI000442-01,O000442,P0049,3,215,645,PKR
OI000442-02,O000442,P0096,1,1660,1660,PKR
OI000442-03,O000442,P0039,1,920,920,PKR
OI000443-01,O000443,P0047,1,1540,1540,PKR
OI000443-02,O000443,P0074,3,600,1800,PKR
OI000444-01,O000444,P0097,1,1730,1730,PKR
OI000444-02,O000444,P0015,3,895,2685,PKR
OI000444-03,O000444,P0044,1,1840,1840,PKR
OI000444-04,O000444,P0119,1,550,550,PKR
OI000444-05,O000444,P0117,2,720,1440,PKR
OI000445-01,O000445,P0098,2,1885,3770,PKR
OI000446-01,O000446,P0010,1,375,375,PKR
OI000446-02,O000446,P0070,2,1560,3120,PKR
OI000447-01,O000447,P0029,1,895,895,PKR
OI000447-02,O000447,P0113,2,1250,2500,PKR
OI000448-01,O000448,P0056,1,385,385,PKR
OI000448-02,O000448,P0082,1,1025,1025,PKR
OI000448-03,O000448,P0016,1,1700,1700,PKR
OI000449-01,O000449,P0104,1,1645,1645,PKR
OI000449-02,O000449,P0022,1,1255,1255,PKR
OI000450-01,O000450,P0011,2,1805,3610,PKR
OI000450-02,O000450,P0045,1,910,910,PKR
OI000450-03,O000450,P0120,1,760,760,PKR
OI000450-04,O000450,P0103,1,1075,1075,PKR
OI000451-01,O000451,P0013,3,1805,5415,PKR
OI000451-02,O000451,P0036,1,595,595,PKR
OI000452-01,O000452,P0091,2,490,980,PKR
OI000453-01,O000453,P0113,1,1250,1250,PKR
OI000453-02,O000453,P0015,3,895,2685,PKR
OI000454-01,O000454,P0006,2,750,1500,PKR
OI000454-02,O000454,P0040,1,1090,1090,PKR
OI000455-01,O000455,P0068,1,550,550,PKR
OI000456-01,O000456,P0119,1,550,550,PKR
OI000456-02,O000456,P0006,1,750,750,PKR
OI000457-01,O000457,P0006,2,750,1500,PKR
OI000457-02,O000457,P0074,1,600,600,PKR
OI000457-03,O000457,P0059,2,600,1200,PKR
OI000458-01,O000458,P0014,1,1895,1895,PKR
OI000458-02,O000458,P0115,1,1790,1790,PKR
OI000459-01,O000459,P0120,1,760,760,PKR
OI000459-02,O000459,P0095,1,890,890,PKR
OI000459-03,O000459,P0089,1,225,225,PKR
OI000459-04,O000459,P0073,3,225,675,PKR
OI000460-01,O000460,P0112,3,385,1155,PKR
OI000461-01,O000461,P0027,1,1980,1980,PKR
OI000461-02,O000461,P0048,1,1495,1495,PKR
OI000461-03,O000461,P0117,1,720,720,PKR
OI000461-04,O000461,P0045,2,910,1820,PKR
OI000462-01,O000462,P0064,3,1700,5100,PKR
OI000462-02,O000462,P0055,1,1405,1405,PKR
OI000462-03,O000462,P0110,1,545,545,PKR
OI000463-01,O000463,P0022,2,1255,2510,PKR
OI000463-02,O000463,P0007,1,425,425,PKR
OI000463-03,O000463,P0016,1,1700,1700,PKR
OI000463-04,O000463,P0084,3,1260,3780,PKR
OI000464-01,O000464,P0019,1,1470,1470,PKR
OI000464-02,O000464,P0087,1,1090,1090,PKR
OI000464-03,O000464,P0020,1,325,325,PKR
OI000465-01,O000465,P0083,1,720,720,PKR
OI000466-01,O000466,P0080,1,2175,2175,PKR
OI000466-02,O000466,P0111,1,1265,1265,PKR
OI000466-03,O000466,P0085,1,270,270,PKR
OI000466-04,O000466,P0073,3,225,675,PKR
OI000467-01,O000467,P0020,1,325,325,PKR
OI000467-02,O000467,P0041,1,385,385,PKR
OI000467-03,O000467,P0053,1,2210,2210,PKR
OI000467-04,O000467,P0028,1,1930,1930,PKR
OI000467-05,O000467,P0086,2,850,1700,PKR
OI000468-01,O000468,P0048,1,1495,1495,PKR
OI000468-02,O000468,P0041,1,385,385,PKR
OI000468-03,O000468,P0099,2,970,1940,PKR
OI000468-04,O000468,P0037,2,180,360,PKR
OI000469-01,O000469,P0024,2,235,470,PKR
OI000469-02,O000469,P0055,1,1405,1405,PKR
OI000470-01,O000470,P0071,1,850,850,PKR
OI000470-02,O000470,P0025,1,290,290,PKR
OI000470-03,O000470,P0045,4,910,3640,PKR
OI000470-04,O000470,P0047,1,1540,1540,PKR
OI000471-01,O000471,P0096,1,1660,1660,PKR
OI000472-01,O000472,P0060,1,230,230,PKR
OI000472-02,O000472,P0091,1,490,490,PKR
OI000473-01,O000473,P0113,1,1250,1250,PKR
OI000474-01,O000474,P0101,1,185,185,PKR
OI000474-02,O000474,P0072,1,1075,1075,PKR
OI000475-01,O000475,P0046,1,205,205,PKR
OI000475-02,O000475,P0093,2,1805,3610,PKR
OI000476-01,O000476,P0022,1,1255,1255,PKR
OI000476-02,O000476,P0042,1,1400,1400,PKR
OI000476-03,O000476,P0063,1,1685,1685,PKR
OI000477-01,O000477,P0022,1,1255,1255,PKR
OI000477-02,O000477,P0075,1,645,645,PKR
OI000477-03,O000477,P0112,1,385,385,PKR
OI000477-04,O000477,P0023,1,1745,1745,PKR
OI000478-01,O000478,P0111,1,1265,1265,PKR
OI000479-01,O000479,P0052,1,250,250,PKR
OI000479-02,O000479,P0018,2,1305,2610,PKR
OI000479-03,O000479,P0111,3,1265,3795,PKR
OI000479-04,O000479,P0076,1,1635,1635,PKR
OI000479-05,O000479,P0110,1,545,545,PKR
OI000480-01,O000480,P0028,2,1930,3860,PKR
OI000480-02,O000480,P0034,2,140,280,PKR
OI000481-01,O000481,P0105,1,1155,1155,PKR
OI000481-02,O000481,P0067,1,1215,1215,PKR
OI000482-01,O000482,P0119,1,550,550,PKR
OI000482-02,O000482,P0060,1,230,230,PKR
OI000482-03,O000482,P0100,2,855,1710,PKR
OI000483-01,O000483,P0076,2,1635,3270,PKR
OI000483-02,O000483,P0034,1,140,140,PKR
OI000483-03,O000483,P0118,1,1270,1270,PKR
OI000483-04,O000483,P0079,1,850,850,PKR
OI000483-05,O000483,P0060,2,230,460,PKR
OI000484-01,O000484,P0003,2,1000,2000,PKR
OI000484-02,O000484,P0044,2,1840,3680,PKR
OI000484-03,O000484,P0029,1,895,895,PKR
OI000485-01,O000485,P0033,1,1475,1475,PKR
OI000485-02,O000485,P0001,3,660,1980,PKR
OI000485-03,O000485,P0013,1,1805,1805,PKR
OI000485-04,O000485,P0057,2,1425,2850,PKR
OI000486-01,O000486,P0038,1,475,475,PKR
OI000486-02,O000486,P0031,1,730,730,PKR
OI000486-03,O000486,P0013,1,1805,1805,PKR
OI000487-01,O000487,P0061,1,275,275,PKR
OI000487-02,O000487,P0043,2,1190,2380,PKR
OI000488-01,O000488,P0075,3,645,1935,PKR
OI000489-01,O000489,P0092,2,955,1910,PKR
OI000489-02,O000489,P0042,1,1400,1400,PKR
OI000490-01,O000490,P0109,1,260,260,PKR
OI000490-02,O000490,P0042,1,1400,1400,PKR
OI000491-01,O000491,P0044,1,1840,1840,PKR
OI000491-02,O000491,P0015,1,895,895,PKR
OI000491-03,O000491,P0067,1,1215,1215,PKR
OI000491-04,O000491,P0035,2,380,760,PKR
OI000492-01,O000492,P0027,2,1980,3960,PKR
OI000492-02,O000492,P0015,1,895,895,PKR
OI000493-01,O000493,P0073,1,225,225,PKR
OI000493-02,O000493,P0039,1,920,920,PKR
OI000493-03,O000493,P0089,1,225,225,PKR
OI000493-04,O000493,P0093,1,1805,1805,PKR
OI000494-01,O000494,P0070,1,1560,1560,PKR
OI000495-01,O000495,P0082,1,1025,1025,PKR
OI000495-02,O000495,P0074,2,600,1200,PKR
OI000495-03,O000495,P0029,3,895,2685,PKR
OI000496-01,O000496,P0080,2,2175,4350,PKR
OI000496-02,O000496,P0037,1,180,180,PKR
OI000497-01,O000497,P0073,2,225,450,PKR
OI000497-02,O000497,P0052,1,250,250,PKR
OI000497-03,O000497,P0057,1,1425,1425,PKR
OI000497-04,O000497,P0102,3,555,1665,PKR
OI000498-01,O000498,P0047,1,1540,1540,PKR
OI000498-02,O000498,P0090,1,1680,1680,PKR
OI000498-03,O000498,P0027,1,1980,1980,PKR
OI000499-01,O000499,P0043,1,1190,1190,PKR
OI000499-02,O000499,P0014,2,1895,3790,PKR
OI000499-03,O000499,P0090,1,1680,1680,PKR
OI000499-04,O000499,P0051,2,200,400,PKR
OI000499-05,O000499,P0111,3,1265,3795,PKR
OI000500-01,O000500,P0070,3,1560,4680,PKR
OI000500-02,O000500,P0040,2,1090,2180,PKR
OI000500-03,O000500,P0006,1,750,750,PKR
OI000501-01,O000501,P0009,1,985,985,PKR
OI000501-02,O000501,P0106,2,1080,2160,PKR
OI000502-01,O000502,P0096,3,1660,4980,PKR
OI000502-02,O000502,P0002,1,265,265,PKR
OI000502-03,O000502,P0080,1,2175,2175,PKR
OI000503-01,O000503,P0047,1,1540,1540,PKR
OI000503-02,O000503,P0100,1,855,855,PKR
OI000503-03,O000503,P0073,1,225,225,PKR
OI000504-01,O000504,P0100,3,855,2565,PKR
OI000504-02,O000504,P0076,1,1635,1635,PKR
OI000504-03,O000504,P0013,1,1805,1805,PKR
OI000505-01,O000505,P0117,2,720,1440,PKR
OI000505-02,O000505,P0044,3,1840,5520,PKR
OI000505-03,O000505,P0094,3,130,390,PKR
OI000506-01,O000506,P0031,1,730,730,PKR
OI000506-02,O000506,P0018,4,1305,5220,PKR
OI000506-03,O000506,P0023,1,1745,1745,PKR
OI000507-01,O000507,P0041,1,385,385,PKR
OI000508-01,O000508,P0022,1,1255,1255,PKR
OI000508-02,O000508,P0011,2,1805,3610,PKR
OI000508-03,O000508,P0067,2,1215,2430,PKR
OI000509-01,O000509,P0120,1,760,760,PKR
OI000509-02,O000509,P0041,1,385,385,PKR
OI000509-03,O000509,P0024,1,235,235,PKR
OI000509-04,O000509,P0090,1,1680,1680,PKR
OI000510-01,O000510,P0022,1,1255,1255,PKR
OI000510-02,O000510,P0105,1,1155,1155,PKR
OI000510-03,O000510,P0038,1,475,475,PKR
OI000510-04,O000510,P0014,3,1895,5685,PKR
OI000510-05,O000510,P0086,1,850,850,PKR
OI000511-01,O000511,P0092,1,955,955,PKR
OI000511-02,O000511,P0045,1,910,910,PKR
OI000511-03,O000511,P0026,1,755,755,PKR
OI000512-01,O000512,P0108,1,935,935,PKR
OI000512-02,O000512,P0009,1,985,985,PKR
OI000513-01,O000513,P0049,1,215,215,PKR
OI000513-02,O000513,P0099,3,970,2910,PKR
OI000513-03,O000513,P0028,2,1930,3860,PKR
OI000514-01,O000514,P0035,2,380,760,PKR
OI000515-01,O000515,P0021,3,1595,4785,PKR
OI000516-01,O000516,P0052,1,250,250,PKR
OI000516-02,O000516,P0079,1,850,850,PKR
OI000516-03,O000516,P0010,1,375,375,PKR
OI000516-04,O000516,P0072,2,1075,2150,PKR
OI000517-01,O000517,P0054,3,620,1860,PKR
OI000518-01,O000518,P0024,1,235,235,PKR
OI000518-02,O000518,P0075,1,645,645,PKR
OI000518-03,O000518,P0070,2,1560,3120,PKR
OI000519-01,O000519,P0071,1,850,850,PKR
OI000519-02,O000519,P0010,2,375,750,PKR
OI000519-03,O000519,P0065,3,840,2520,PKR
OI000520-01,O000520,P0109,2,260,520,PKR
OI000520-02,O000520,P0031,1,730,730,PKR
OI000521-01,O000521,P0074,1,600,600,PKR
OI000521-02,O000521,P0112,1,385,385,PKR
OI000521-03,O000521,P0027,1,1980,1980,PKR
OI000522-01,O000522,P0058,2,1715,3430,PKR
OI000522-02,O000522,P0039,2,920,1840,PKR
OI000523-01,O000523,P0103,2,1075,2150,PKR
OI000523-02,O000523,P0098,1,1885,1885,PKR
OI000523-03,O000523,P0047,3,1540,4620,PKR
OI000523-04,O000523,P0056,2,385,770,PKR
OI000523-05,O000523,P0048,2,1495,2990,PKR
OI000524-01,O000524,P0035,1,380,380,PKR
OI000524-02,O000524,P0025,1,290,290,PKR
OI000524-03,O000524,P0104,1,1645,1645,PKR
OI000524-04,O000524,P0016,1,1700,1700,PKR
OI000525-01,O000525,P0082,2,1025,2050,PKR
OI000526-01,O000526,P0106,1,1080,1080,PKR
OI000526-02,O000526,P0102,1,555,555,PKR
OI000527-01,O000527,P0038,2,475,950,PKR
OI000527-02,O000527,P0016,1,1700,1700,PKR
OI000528-01,O000528,P0036,1,595,595,PKR
OI000528-02,O000528,P0067,1,1215,1215,PKR
OI000528-03,O000528,P0023,2,1745,3490,PKR
OI000529-01,O000529,P0061,1,275,275,PKR
OI000530-01,O000530,P0090,2,1680,3360,PKR
OI000530-02,O000530,P0062,2,1690,3380,PKR
OI000531-01,O000531,P0106,1,1080,1080,PKR
OI000532-01,O000532,P0065,1,840,840,PKR
OI000532-02,O000532,P0095,1,890,890,PKR
OI000533-01,O000533,P0080,1,2175,2175,PKR
OI000533-02,O000533,P0003,1,1000,1000,PKR
OI000533-03,O000533,P0072,1,1075,1075,PKR
OI000533-04,O000533,P0016,1,1700,1700,PKR
OI000533-05,O000533,P0113,1,1250,1250,PKR
OI000534-01,O000534,P0049,3,215,645,PKR
OI000534-02,O000534,P0102,1,555,555,PKR
OI000534-03,O000534,P0005,1,1405,1405,PKR
OI000535-01,O000535,P0005,1,1405,1405,PKR
OI000535-02,O000535,P0014,2,1895,3790,PKR
OI000535-03,O000535,P0049,3,215,645,PKR
OI000535-04,O000535,P0021,1,1595,1595,PKR
OI000535-05,O000535,P0086,1,850,850,PKR
OI000536-01,O000536,P0021,1,1595,1595,PKR
OI000536-02,O000536,P0059,1,600,600,PKR
OI000536-03,O000536,P0052,1,250,250,PKR
OI000537-01,O000537,P0057,1,1425,1425,PKR
OI000537-02,O000537,P0075,2,645,1290,PKR
OI000537-03,O000537,P0044,1,1840,1840,PKR
OI000537-04,O000537,P0096,1,1660,1660,PKR
OI000538-01,O000538,P0071,2,850,1700,PKR
OI000538-02,O000538,P0118,1,1270,1270,PKR
OI000539-01,O000539,P0082,1,1025,1025,PKR
OI000539-02,O000539,P0046,1,205,205,PKR
OI000540-01,O000540,P0003,1,1000,1000,PKR
OI000540-02,O000540,P0011,2,1805,3610,PKR
OI000540-03,O000540,P0034,1,140,140,PKR
OI000541-01,O000541,P0066,1,785,785,PKR
OI000541-02,O000541,P0031,1,730,730,PKR
OI000541-03,O000541,P0002,3,265,795,PKR
OI000541-04,O000541,P0079,1,850,850,PKR
OI000542-01,O000542,P0085,2,270,540,PKR
OI000543-01,O000543,P0017,1,1755,1755,PKR
OI000544-01,O000544,P0110,1,545,545,PKR
OI000544-02,O000544,P0039,1,920,920,PKR
OI000545-01,O000545,P0085,2,270,540,PKR
OI000546-01,O000546,P0081,1,1110,1110,PKR
OI000546-02,O000546,P0042,1,1400,1400,PKR
OI000547-01,O000547,P0120,1,760,760,PKR
OI000548-01,O000548,P0099,1,970,970,PKR
OI000549-01,O000549,P0008,1,1530,1530,PKR
OI000549-02,O000549,P0025,2,290,580,PKR
OI000549-03,O000549,P0081,1,1110,1110,PKR
OI000549-04,O000549,P0082,1,1025,1025,PKR
OI000550-01,O000550,P0077,1,595,595,PKR
OI000550-02,O000550,P0021,2,1595,3190,PKR
OI000550-03,O000550,P0040,1,1090,1090,PKR
OI000551-01,O000551,P0063,2,1685,3370,PKR
OI000551-02,O000551,P0061,3,275,825,PKR
OI000551-03,O000551,P0120,1,760,760,PKR
OI000552-01,O000552,P0102,1,555,555,PKR
OI000552-02,O000552,P0013,1,1805,1805,PKR
OI000552-03,O000552,P0059,1,600,600,PKR
OI000553-01,O000553,P0072,1,1075,1075,PKR
OI000553-02,O000553,P0068,1,550,550,PKR
OI000554-01,O000554,P0112,1,385,385,PKR
OI000555-01,O000555,P0041,1,385,385,PKR
OI000556-01,O000556,P0032,2,585,1170,PKR
OI000556-02,O000556,P0116,2,815,1630,PKR
OI000556-03,O000556,P0085,2,270,540,PKR
OI000557-01,O000557,P0104,1,1645,1645,PKR
OI000558-01,O000558,P0100,1,855,855,PKR
OI000558-02,O000558,P0070,1,1560,1560,PKR
OI000558-03,O000558,P0017,1,1755,1755,PKR
OI000559-01,O000559,P0087,1,1090,1090,PKR
OI000559-02,O000559,P0094,2,130,260,PKR
OI000560-01,O000560,P0116,3,815,2445,PKR
OI000561-01,O000561,P0087,1,1090,1090,PKR
OI000561-02,O000561,P0021,1,1595,1595,PKR
OI000561-03,O000561,P0100,2,855,1710,PKR
OI000561-04,O000561,P0084,1,1260,1260,PKR
OI000562-01,O000562,P0072,2,1075,2150,PKR
OI000562-02,O000562,P0108,1,935,935,PKR
OI000563-01,O000563,P0040,1,1090,1090,PKR
OI000563-02,O000563,P0048,1,1495,1495,PKR
OI000563-03,O000563,P0016,1,1700,1700,PKR
OI000564-01,O000564,P0041,1,385,385,PKR
OI000564-02,O000564,P0018,2,1305,2610,PKR
OI000565-01,O000565,P0116,1,815,815,PKR
OI000565-02,O000565,P0063,1,1685,1685,PKR
OI000565-03,O000565,P0024,1,235,235,PKR
OI000565-04,O000565,P0087,1,1090,1090,PKR
OI000565-05,O000565,P0083,1,720,720,PKR
OI000566-01,O000566,P0011,1,1805,1805,PKR
OI000566-02,O000566,P0107,1,1020,1020,PKR
OI000567-01,O000567,P0035,1,380,380,PKR
OI000567-02,O000567,P0102,3,555,1665,PKR
OI000567-03,O000567,P0032,2,585,1170,PKR
OI000568-01,O000568,P0071,2,850,1700,PKR
OI000569-01,O000569,P0026,1,755,755,PKR
OI000570-01,O000570,P0076,1,1635,1635,PKR
OI000570-02,O000570,P0014,2,1895,3790,PKR
OI000571-01,O000571,P0005,3,1405,4215,PKR
OI000572-01,O000572,P0041,1,385,385,PKR
OI000572-02,O000572,P0101,2,185,370,PKR
OI000572-03,O000572,P0112,1,385,385,PKR
OI000573-01,O000573,P0116,2,815,1630,PKR
OI000573-02,O000573,P0048,2,1495,2990,PKR
OI000574-01,O000574,P0018,1,1305,1305,PKR
OI000575-01,O000575,P0022,1,1255,1255,PKR
OI000576-01,O000576,P0057,2,1425,2850,PKR
OI000577-01,O000577,P0049,1,215,215,PKR
OI000578-01,O000578,P0040,2,1090,2180,PKR
OI000579-01,O000579,P0022,1,1255,1255,PKR
OI000579-02,O000579,P0029,2,895,1790,PKR
OI000579-03,O000579,P0072,1,1075,1075,PKR
OI000579-04,O000579,P0056,1,385,385,PKR
OI000579-05,O000579,P0082,1,1025,1025,PKR
OI000580-01,O000580,P0082,1,1025,1025,PKR
OI000580-02,O000580,P0032,1,585,585,PKR
OI000580-03,O000580,P0015,2,895,1790,PKR
OI000581-01,O000581,P0031,1,730,730,PKR
OI000582-01,O000582,P0012,3,155,465,PKR
OI000582-02,O000582,P0032,1,585,585,PKR
OI000583-01,O000583,P0088,2,780,1560,PKR
OI000583-02,O000583,P0103,1,1075,1075,PKR
OI000583-03,O000583,P0017,2,1755,3510,PKR
OI000584-01,O000584,P0020,1,325,325,PKR
OI000585-01,O000585,P0001,1,660,660,PKR
OI000586-01,O000586,P0045,2,910,1820,PKR
OI000587-01,O000587,P0054,1,620,620,PKR
OI000587-02,O000587,P0055,2,1405,2810,PKR
OI000587-03,O000587,P0074,1,600,600,PKR
OI000587-04,O000587,P0035,2,380,760,PKR
OI000588-01,O000588,P0006,2,750,1500,PKR
OI000588-02,O000588,P0028,3,1930,5790,PKR
OI000588-03,O000588,P0039,2,920,1840,PKR
OI000588-04,O000588,P0012,1,155,155,PKR
OI000589-01,O000589,P0039,1,920,920,PKR
OI000590-01,O000590,P0027,2,1980,3960,PKR
OI000591-01,O000591,P0008,1,1530,1530,PKR
OI000591-02,O000591,P0120,1,760,760,PKR
OI000592-01,O000592,P0054,3,620,1860,PKR
OI000592-02,O000592,P0014,1,1895,1895,PKR
OI000592-03,O000592,P0073,1,225,225,PKR
OI000593-01,O000593,P0066,1,785,785,PKR
OI000593-02,O000593,P0014,3,1895,5685,PKR
OI000593-03,O000593,P0106,1,1080,1080,PKR
OI000593-04,O000593,P0062,1,1690,1690,PKR
OI000593-05,O000593,P0039,2,920,1840,PKR
OI000594-01,O000594,P0081,2,1110,2220,PKR
OI000594-02,O000594,P0022,1,1255,1255,PKR
OI000594-03,O000594,P0050,3,810,2430,PKR
OI000594-04,O000594,P0042,2,1400,2800,PKR
OI000595-01,O000595,P0075,4,645,2580,PKR
OI000595-02,O000595,P0018,2,1305,2610,PKR
OI000595-03,O000595,P0055,1,1405,1405,PKR
OI000595-04,O000595,P0036,2,595,1190,PKR
OI000596-01,O000596,P0020,3,325,975,PKR
OI000596-02,O000596,P0031,1,730,730,PKR
OI000596-03,O000596,P0114,1,1530,1530,PKR
OI000597-01,O000597,P0028,1,1930,1930,PKR
OI000597-02,O000597,P0008,1,1530,1530,PKR
OI000597-03,O000597,P0035,1,380,380,PKR
OI000597-04,O000597,P0115,1,1790,1790,PKR
OI000598-01,O000598,P0056,2,385,770,PKR
OI000598-02,O000598,P0025,1,290,290,PKR
OI000599-01,O000599,P0083,2,720,1440,PKR
OI000599-02,O000599,P0007,3,425,1275,PKR
OI000600-01,O000600,P0027,2,1980,3960,PKR
OI000600-02,O000600,P0119,1,550,550,PKR
OI000601-01,O000601,P0035,2,380,760,PKR
OI000601-02,O000601,P0070,2,1560,3120,PKR
OI000601-03,O000601,P0037,4,180,720,PKR
OI000601-04,O000601,P0090,1,1680,1680,PKR
OI000602-01,O000602,P0114,3,1530,4590,PKR
OI000602-02,O000602,P0091,1,490,490,PKR
OI000602-03,O000602,P0109,2,260,520,PKR
OI000602-04,O000602,P0026,1,755,755,PKR
OI000603-01,O000603,P0064,1,1700,1700,PKR
OI000603-02,O000603,P0087,1,1090,1090,PKR
OI000603-03,O000603,P0095,1,890,890,PKR
OI000604-01,O000604,P0068,1,550,550,PKR
OI000604-02,O000604,P0023,1,1745,1745,PKR
OI000604-03,O000604,P0072,1,1075,1075,PKR
OI000605-01,O000605,P0084,1,1260,1260,PKR
OI000605-02,O000605,P0011,2,1805,3610,PKR
OI000605-03,O000605,P0004,1,1410,1410,PKR
OI000605-04,O000605,P0030,1,220,220,PKR
OI000606-01,O000606,P0074,1,600,600,PKR
OI000606-02,O000606,P0116,3,815,2445,PKR
OI000606-03,O000606,P0028,1,1930,1930,PKR
OI000607-01,O000607,P0091,1,490,490,PKR
OI000607-02,O000607,P0064,1,1700,1700,PKR
OI000607-03,O000607,P0099,2,970,1940,PKR
OI000608-01,O000608,P0045,1,910,910,PKR
OI000608-02,O000608,P0042,1,1400,1400,PKR
OI000608-03,O000608,P0094,2,130,260,PKR
OI000608-04,O000608,P0097,2,1730,3460,PKR
OI000609-01,O000609,P0113,3,1250,3750,PKR
OI000609-02,O000609,P0069,2,530,1060,PKR
OI000610-01,O000610,P0031,1,730,730,PKR
OI000610-02,O000610,P0009,1,985,985,PKR
OI000611-01,O000611,P0024,2,235,470,PKR
OI000612-01,O000612,P0031,3,730,2190,PKR
OI000612-02,O000612,P0080,1,2175,2175,PKR
OI000612-03,O000612,P0022,2,1255,2510,PKR
OI000613-01,O000613,P0096,1,1660,1660,PKR
OI000613-02,O000613,P0119,1,550,550,PKR
OI000613-03,O000613,P0075,1,645,645,PKR
OI000614-01,O000614,P0114,3,1530,4590,PKR
OI000614-02,O000614,P0038,2,475,950,PKR
OI000615-01,O000615,P0038,1,475,475,PKR
OI000615-02,O000615,P0112,1,385,385,PKR
OI000616-01,O000616,P0045,1,910,910,PKR
OI000616-02,O000616,P0053,1,2210,2210,PKR
OI000617-01,O000617,P0073,1,225,225,PKR
OI000617-02,O000617,P0009,1,985,985,PKR
OI000617-03,O000617,P0012,1,155,155,PKR
OI000618-01,O000618,P0101,1,185,185,PKR
OI000619-01,O000619,P0035,1,380,380,PKR
OI000619-02,O000619,P0066,1,785,785,PKR
OI000620-01,O000620,P0018,4,1305,5220,PKR
OI000620-02,O000620,P0104,1,1645,1645,PKR
OI000621-01,O000621,P0106,3,1080,3240,PKR
OI000622-01,O000622,P0068,2,550,1100,PKR
OI000623-01,O000623,P0026,2,755,1510,PKR
OI000623-02,O000623,P0033,1,1475,1475,PKR
OI000624-01,O000624,P0035,2,380,760,PKR
OI000625-01,O000625,P0105,1,1155,1155,PKR
OI000626-01,O000626,P0060,2,230,460,PKR
OI000626-02,O000626,P0077,1,595,595,PKR
OI000626-03,O000626,P0005,1,1405,1405,PKR
OI000627-01,O000627,P0060,1,230,230,PKR
OI000628-01,O000628,P0057,1,1425,1425,PKR
OI000628-02,O000628,P0073,3,225,675,PKR
OI000629-01,O000629,P0011,2,1805,3610,PKR
OI000629-02,O000629,P0055,1,1405,1405,PKR
OI000629-03,O000629,P0101,2,185,370,PKR
OI000629-04,O000629,P0025,1,290,290,PKR
OI000630-01,O000630,P0006,2,750,1500,PKR
OI000630-02,O000630,P0108,1,935,935,PKR
OI000631-01,O000631,P0008,1,1530,1530,PKR
OI000631-02,O000631,P0116,1,815,815,PKR
OI000632-01,O000632,P0037,1,180,180,PKR
OI000632-02,O000632,P0076,1,1635,1635,PKR
OI000633-01,O000633,P0055,2,1405,2810,PKR
OI000633-02,O000633,P0103,1,1075,1075,PKR
OI000634-01,O000634,P0023,1,1745,1745,PKR
OI000634-02,O000634,P0020,1,325,325,PKR
OI000635-01,O000635,P0078,3,385,1155,PKR
OI000635-02,O000635,P0043,1,1190,1190,PKR
OI000635-03,O000635,P0048,1,1495,1495,PKR
OI000635-04,O000635,P0090,1,1680,1680,PKR
OI000635-05,O000635,P0114,2,1530,3060,PKR
OI000636-01,O000636,P0084,1,1260,1260,PKR
OI000637-01,O000637,P0048,2,1495,2990,PKR
OI000637-02,O000637,P0007,2,425,850,PKR
OI000638-01,O000638,P0032,1,585,585,PKR
OI000638-02,O000638,P0055,1,1405,1405,PKR
OI000638-03,O000638,P0111,1,1265,1265,PKR
OI000639-01,O000639,P0099,2,970,1940,PKR
OI000639-02,O000639,P0080,2,2175,4350,PKR
OI000639-03,O000639,P0109,1,260,260,PKR
OI000640-01,O000640,P0112,1,385,385,PKR
OI000640-02,O000640,P0038,3,475,1425,PKR
OI000640-03,O000640,P0031,1,730,730,PKR
OI000640-04,O000640,P0119,1,550,550,PKR
OI000641-01,O000641,P0026,2,755,1510,PKR
OI000642-01,O000642,P0103,1,1075,1075,PKR
OI000642-02,O000642,P0004,1,1410,1410,PKR
OI000642-03,O000642,P0101,1,185,185,PKR
OI000643-01,O000643,P0075,2,645,1290,PKR
OI000643-02,O000643,P0120,3,760,2280,PKR
OI000644-01,O000644,P0061,1,275,275,PKR
OI000645-01,O000645,P0104,1,1645,1645,PKR
OI000646-01,O000646,P0007,2,425,850,PKR
OI000646-02,O000646,P0113,2,1250,2500,PKR
OI000646-03,O000646,P0098,3,1885,5655,PKR
OI000647-01,O000647,P0109,1,260,260,PKR
OI000648-01,O000648,P0011,2,1805,3610,PKR
OI000648-02,O000648,P0057,3,1425,4275,PKR
OI000649-01,O000649,P0114,1,1530,1530,PKR
OI000649-02,O000649,P0070,1,1560,1560,PKR
OI000650-01,O000650,P0028,1,1930,1930,PKR
OI000650-02,O000650,P0044,1,1840,1840,PKR
OI000650-03,O000650,P0046,1,205,205,PKR
OI000651-01,O000651,P0046,2,205,410,PKR
OI000651-02,O000651,P0048,1,1495,1495,PKR
OI000652-01,O000652,P0020,1,325,325,PKR
OI000652-02,O000652,P0032,3,585,1755,PKR
OI000653-01,O000653,P0093,3,1805,5415,PKR
OI000653-02,O000653,P0110,1,545,545,PKR
OI000654-01,O000654,P0080,4,2175,8700,PKR
OI000654-02,O000654,P0081,1,1110,1110,PKR
OI000655-01,O000655,P0086,2,850,1700,PKR
OI000655-02,O000655,P0004,1,1410,1410,PKR
OI000655-03,O000655,P0113,2,1250,2500,PKR
OI000656-01,O000656,P0035,1,380,380,PKR
OI000657-01,O000657,P0119,2,550,1100,PKR
OI000657-02,O000657,P0033,1,1475,1475,PKR
OI000657-03,O000657,P0019,1,1470,1470,PKR
OI000658-01,O000658,P0110,1,545,545,PKR
OI000658-02,O000658,P0090,1,1680,1680,PKR
OI000659-01,O000659,P0073,1,225,225,PKR
OI000659-02,O000659,P0058,2,1715,3430,PKR
OI000660-01,O000660,P0028,3,1930,5790,PKR
OI000661-01,O000661,P0109,2,260,520,PKR
OI000661-02,O000661,P0108,1,935,935,PKR
OI000661-03,O000661,P0060,1,230,230,PKR
OI000662-01,O000662,P0009,1,985,985,PKR
OI000662-02,O000662,P0024,1,235,235,PKR
OI000662-03,O000662,P0082,1,1025,1025,PKR
OI000663-01,O000663,P0113,1,1250,1250,PKR
OI000663-02,O000663,P0087,2,1090,2180,PKR
OI000663-03,O000663,P0095,1,890,890,PKR
OI000664-01,O000664,P0072,1,1075,1075,PKR
OI000664-02,O000664,P0058,2,1715,3430,PKR
OI000664-03,O000664,P0026,2,755,1510,PKR
OI000664-04,O000664,P0053,2,2210,4420,PKR
OI000664-05,O000664,P0048,2,1495,2990,PKR
OI000665-01,O000665,P0107,1,1020,1020,PKR
OI000665-02,O000665,P0053,1,2210,2210,PKR
OI000666-01,O000666,P0093,1,1805,1805,PKR
OI000666-02,O000666,P0007,1,425,425,PKR
OI000666-03,O000666,P0075,1,645,645,PKR
OI000667-01,O000667,P0008,2,1530,3060,PKR
OI000667-02,O000667,P0019,1,1470,1470,PKR
OI000667-03,O000667,P0073,1,225,225,PKR
OI000667-04,O000667,P0015,2,895,1790,PKR
OI000667-05,O000667,P0029,2,895,1790,PKR
OI000668-01,O000668,P0001,2,660,1320,PKR
OI000668-02,O000668,P0056,1,385,385,PKR
OI000669-01,O000669,P0106,2,1080,2160,PKR
OI000669-02,O000669,P0076,1,1635,1635,PKR
OI000669-03,O000669,P0116,1,815,815,PKR
OI000670-01,O000670,P0064,1,1700,1700,PKR
OI000670-02,O000670,P0007,2,425,850,PKR
OI000670-03,O000670,P0003,1,1000,1000,PKR
OI000670-04,O000670,P0016,1,1700,1700,PKR
OI000671-01,O000671,P0008,2,1530,3060,PKR
OI000672-01,O000672,P0040,1,1090,1090,PKR
OI000672-02,O000672,P0066,1,785,785,PKR
OI000673-01,O000673,P0086,1,850,850,PKR
OI000673-02,O000673,P0026,1,755,755,PKR
OI000673-03,O000673,P0042,1,1400,1400,PKR
OI000673-04,O000673,P0091,1,490,490,PKR
OI000674-01,O000674,P0114,2,1530,3060,PKR
OI000675-01,O000675,P0027,3,1980,5940,PKR
OI000676-01,O000676,P0077,2,595,1190,PKR
OI000676-02,O000676,P0083,1,720,720,PKR
OI000676-03,O000676,P0032,3,585,1755,PKR
OI000676-04,O000676,P0034,2,140,280,PKR
OI000676-05,O000676,P0089,1,225,225,PKR
OI000677-01,O000677,P0061,1,275,275,PKR
OI000678-01,O000678,P0027,1,1980,1980,PKR
OI000678-02,O000678,P0085,1,270,270,PKR
OI000679-01,O000679,P0043,1,1190,1190,PKR
OI000679-02,O000679,P0022,1,1255,1255,PKR
OI000679-03,O000679,P0092,1,955,955,PKR
OI000680-01,O000680,P0002,1,265,265,PKR
OI000680-02,O000680,P0008,1,1530,1530,PKR
OI000681-01,O000681,P0066,1,785,785,PKR
OI000681-02,O000681,P0041,1,385,385,PKR
OI000682-01,O000682,P0015,1,895,895,PKR
OI000682-02,O000682,P0081,3,1110,3330,PKR
OI000682-03,O000682,P0004,2,1410,2820,PKR
OI000682-04,O000682,P0048,2,1495,2990,PKR
OI000683-01,O000683,P0099,1,970,970,PKR
OI000683-02,O000683,P0070,3,1560,4680,PKR
OI000683-03,O000683,P0082,1,1025,1025,PKR
OI000684-01,O000684,P0101,2,185,370,PKR
OI000685-01,O000685,P0040,2,1090,2180,PKR
OI000686-01,O000686,P0095,2,890,1780,PKR
OI000686-02,O000686,P0077,1,595,595,PKR
OI000686-03,O000686,P0080,1,2175,2175,PKR
OI000686-04,O000686,P0050,2,810,1620,PKR
OI000687-01,O000687,P0041,2,385,770,PKR
OI000687-02,O000687,P0061,2,275,550,PKR
OI000687-03,O000687,P0008,3,1530,4590,PKR
OI000687-04,O000687,P0024,1,235,235,PKR
OI000687-05,O000687,P0002,2,265,530,PKR
OI000688-01,O000688,P0113,1,1250,1250,PKR
OI000688-02,O000688,P0104,1,1645,1645,PKR
OI000688-03,O000688,P0006,1,750,750,PKR
OI000689-01,O000689,P0043,1,1190,1190,PKR
OI000689-02,O000689,P0056,1,385,385,PKR
OI000690-01,O000690,P0028,1,1930,1930,PKR
OI000690-02,O000690,P0118,3,1270,3810,PKR
OI000690-03,O000690,P0055,1,1405,1405,PKR
OI000691-01,O000691,P0095,3,890,2670,PKR
OI000691-02,O000691,P0110,2,545,1090,PKR
OI000691-03,O000691,P0041,1,385,385,PKR
OI000691-04,O000691,P0040,4,1090,4360,PKR
OI000692-01,O000692,P0097,1,1730,1730,PKR
OI000692-02,O000692,P0093,1,1805,1805,PKR
OI000692-03,O000692,P0048,2,1495,2990,PKR
OI000693-01,O000693,P0049,2,215,430,PKR
OI000693-02,O000693,P0060,1,230,230,PKR
OI000693-03,O000693,P0075,1,645,645,PKR
OI000693-04,O000693,P0080,1,2175,2175,PKR
OI000694-01,O000694,P0010,1,375,375,PKR
OI000695-01,O000695,P0106,1,1080,1080,PKR
OI000695-02,O000695,P0063,3,1685,5055,PKR
OI000695-03,O000695,P0050,3,810,2430,PKR
OI000695-04,O000695,P0089,2,225,450,PKR
OI000695-05,O000695,P0029,2,895,1790,PKR
OI000696-01,O000696,P0052,1,250,250,PKR
OI000696-02,O000696,P0017,1,1755,1755,PKR
OI000696-03,O000696,P0002,2,265,530,PKR
OI000697-01,O000697,P0026,1,755,755,PKR
OI000698-01,O000698,P0119,1,550,550,PKR
OI000698-02,O000698,P0071,2,850,1700,PKR
OI000699-01,O000699,P0022,1,1255,1255,PKR
OI000699-02,O000699,P0095,2,890,1780,PKR
OI000700-01,O000700,P0070,1,1560,1560,PKR
OI000700-02,O000700,P0071,2,850,1700,PKR
OI000700-03,O000700,P0032,1,585,585,PKR
OI000700-04,O000700,P0072,2,1075,2150,PKR
OI000701-01,O000701,P0110,1,545,545,PKR
OI000702-01,O000702,P0052,1,250,250,PKR
OI000702-02,O000702,P0012,1,155,155,PKR
OI000703-01,O000703,P0034,1,140,140,PKR
OI000704-01,O000704,P0049,2,215,430,PKR
OI000705-01,O000705,P0003,1,1000,1000,PKR
OI000705-02,O000705,P0060,3,230,690,PKR
OI000705-03,O000705,P0055,1,1405,1405,PKR
OI000706-01,O000706,P0024,1,235,235,PKR
OI000707-01,O000707,P0026,1,755,755,PKR
OI000707-02,O000707,P0077,1,595,595,PKR
OI000708-01,O000708,P0099,2,970,1940,PKR
OI000708-02,O000708,P0055,1,1405,1405,PKR
OI000709-01,O000709,P0118,1,1270,1270,PKR
OI000709-02,O000709,P0006,1,750,750,PKR
OI000709-03,O000709,P0086,1,850,850,PKR
OI000710-01,O000710,P0082,1,1025,1025,PKR
OI000710-02,O000710,P0101,1,185,185,PKR
OI000710-03,O000710,P0113,2,1250,2500,PKR
OI000711-01,O000711,P0020,1,325,325,PKR
OI000712-01,O000712,P0054,2,620,1240,PKR
OI000712-02,O000712,P0084,2,1260,2520,PKR
OI000713-01,O000713,P0090,3,1680,5040,PKR
OI000713-02,O000713,P0086,1,850,850,PKR
OI000713-03,O000713,P0077,1,595,595,PKR
OI000714-01,O000714,P0076,1,1635,1635,PKR
OI000714-02,O000714,P0068,1,550,550,PKR
OI000715-01,O000715,P0035,1,380,380,PKR
OI000715-02,O000715,P0036,4,595,2380,PKR
OI000715-03,O000715,P0051,4,200,800,PKR
OI000715-04,O000715,P0015,1,895,895,PKR
OI000715-05,O000715,P0002,1,265,265,PKR
OI000716-01,O000716,P0062,1,1690,1690,PKR
OI000716-02,O000716,P0102,1,555,555,PKR
OI000716-03,O000716,P0005,1,1405,1405,PKR
OI000717-01,O000717,P0104,3,1645,4935,PKR
OI000718-01,O000718,P0081,1,1110,1110,PKR
OI000718-02,O000718,P0120,1,760,760,PKR
OI000718-03,O000718,P0040,2,1090,2180,PKR
OI000718-04,O000718,P0043,3,1190,3570,PKR
OI000718-05,O000718,P0063,2,1685,3370,PKR
OI000719-01,O000719,P0078,2,385,770,PKR
OI000719-02,O000719,P0037,1,180,180,PKR
OI000719-03,O000719,P0035,3,380,1140,PKR
OI000720-01,O000720,P0100,2,855,1710,PKR
OI000720-02,O000720,P0020,2,325,650,PKR
OI000720-03,O000720,P0038,1,475,475,PKR
OI000721-01,O000721,P0078,2,385,770,PKR
OI000721-02,O000721,P0032,1,585,585,PKR
OI000721-03,O000721,P0096,1,1660,1660,PKR
OI000721-04,O000721,P0114,1,1530,1530,PKR
OI000721-05,O000721,P0069,1,530,530,PKR
OI000722-01,O000722,P0065,1,840,840,PKR
OI000722-02,O000722,P0046,1,205,205,PKR
OI000723-01,O000723,P0020,1,325,325,PKR
OI000723-02,O000723,P0078,1,385,385,PKR
OI000724-01,O000724,P0102,1,555,555,PKR
OI000724-02,O000724,P0109,1,260,260,PKR
OI000725-01,O000725,P0051,1,200,200,PKR
OI000725-02,O000725,P0088,1,780,780,PKR
OI000725-03,O000725,P0008,1,1530,1530,PKR
OI000726-01,O000726,P0091,2,490,980,PKR
OI000726-02,O000726,P0116,3,815,2445,PKR
OI000727-01,O000727,P0007,2,425,850,PKR
OI000727-02,O000727,P0033,1,1475,1475,PKR
OI000728-01,O000728,P0065,4,840,3360,PKR
OI000728-02,O000728,P0063,1,1685,1685,PKR
OI000729-01,O000729,P0090,2,1680,3360,PKR
OI000729-02,O000729,P0100,1,855,855,PKR
OI000730-01,O000730,P0006,1,750,750,PKR
OI000730-02,O000730,P0099,4,970,3880,PKR
OI000730-03,O000730,P0032,2,585,1170,PKR
OI000730-04,O000730,P0057,1,1425,1425,PKR
OI000731-01,O000731,P0093,1,1805,1805,PKR
OI000731-02,O000731,P0013,2,1805,3610,PKR
OI000731-03,O000731,P0072,2,1075,2150,PKR
OI000732-01,O000732,P0019,2,1470,2940,PKR
OI000733-01,O000733,P0016,2,1700,3400,PKR
OI000734-01,O000734,P0062,1,1690,1690,PKR
OI000735-01,O000735,P0090,1,1680,1680,PKR
OI000735-02,O000735,P0060,2,230,460,PKR
OI000736-01,O000736,P0083,1,720,720,PKR
OI000736-02,O000736,P0077,1,595,595,PKR
OI000737-01,O000737,P0114,2,1530,3060,PKR
OI000737-02,O000737,P0028,1,1930,1930,PKR
OI000737-03,O000737,P0004,1,1410,1410,PKR
OI000738-01,O000738,P0070,1,1560,1560,PKR
OI000738-02,O000738,P0045,1,910,910,PKR
OI000739-01,O000739,P0015,1,895,895,PKR
OI000739-02,O000739,P0104,1,1645,1645,PKR
OI000740-01,O000740,P0111,3,1265,3795,PKR
OI000740-02,O000740,P0070,3,1560,4680,PKR
OI000740-03,O000740,P0119,3,550,1650,PKR
OI000740-04,O000740,P0028,1,1930,1930,PKR
OI000740-05,O000740,P0042,2,1400,2800,PKR
OI000741-01,O000741,P0009,3,985,2955,PKR
OI000741-02,O000741,P0112,2,385,770,PKR
OI000742-01,O000742,P0021,1,1595,1595,PKR
OI000743-01,O000743,P0118,1,1270,1270,PKR
OI000743-02,O000743,P0077,2,595,1190,PKR
OI000743-03,O000743,P0050,1,810,810,PKR
OI000744-01,O000744,P0116,1,815,815,PKR
OI000744-02,O000744,P0039,1,920,920,PKR
OI000744-03,O000744,P0068,1,550,550,PKR
OI000744-04,O000744,P0107,3,1020,3060,PKR
OI000745-01,O000745,P0039,4,920,3680,PKR
OI000746-01,O000746,P0038,3,475,1425,PKR
OI000746-02,O000746,P0058,1,1715,1715,PKR
OI000747-01,O000747,P0043,1,1190,1190,PKR
OI000747-02,O000747,P0041,1,385,385,PKR
OI000747-03,O000747,P0029,1,895,895,PKR
OI000747-04,O000747,P0073,2,225,450,PKR
OI000748-01,O000748,P0060,2,230,460,PKR
OI000748-02,O000748,P0035,2,380,760,PKR
OI000748-03,O000748,P0053,1,2210,2210,PKR
OI000748-04,O000748,P0052,1,250,250,PKR
OI000748-05,O000748,P0005,1,1405,1405,PKR
OI000749-01,O000749,P0096,1,1660,1660,PKR
OI000749-02,O000749,P0008,1,1530,1530,PKR
OI000749-03,O000749,P0067,1,1215,1215,PKR
OI000750-01,O000750,P0075,3,645,1935,PKR
OI000750-02,O000750,P0100,1,855,855,PKR
OI000751-01,O000751,P0092,1,955,955,PKR
OI000752-01,O000752,P0036,1,595,595,PKR
OI000752-02,O000752,P0055,1,1405,1405,PKR
OI000752-03,O000752,P0009,2,985,1970,PKR
OI000752-04,O000752,P0086,1,850,850,PKR
OI000753-01,O000753,P0020,1,325,325,PKR
OI000753-02,O000753,P0052,1,250,250,PKR
OI000754-01,O000754,P0096,3,1660,4980,PKR
OI000755-01,O000755,P0097,1,1730,1730,PKR
OI000756-01,O000756,P0019,3,1470,4410,PKR
OI000756-02,O000756,P0114,1,1530,1530,PKR
OI000756-03,O000756,P0032,1,585,585,PKR
OI000756-04,O000756,P0022,1,1255,1255,PKR
OI000756-05,O000756,P0059,2,600,1200,PKR
OI000757-01,O000757,P0057,2,1425,2850,PKR
OI000757-02,O000757,P0029,1,895,895,PKR
OI000758-01,O000758,P0111,1,1265,1265,PKR
OI000758-02,O000758,P0064,1,1700,1700,PKR
OI000759-01,O000759,P0006,1,750,750,PKR
OI000760-01,O000760,P0098,2,1885,3770,PKR
OI000760-02,O000760,P0052,4,250,1000,PKR
OI000760-03,O000760,P0024,1,235,235,PKR
OI000760-04,O000760,P0077,4,595,2380,PKR
OI000760-05,O000760,P0118,3,1270,3810,PKR
OI000761-01,O000761,P0117,1,720,720,PKR
OI000761-02,O000761,P0003,1,1000,1000,PKR
OI000761-03,O000761,P0014,1,1895,1895,PKR
OI000762-01,O000762,P0106,2,1080,2160,PKR
OI000763-01,O000763,P0065,1,840,840,PKR
OI000763-02,O000763,P0074,1,600,600,PKR
OI000763-03,O000763,P0036,2,595,1190,PKR
OI000763-04,O000763,P0002,1,265,265,PKR
OI000763-05,O000763,P0085,3,270,810,PKR
OI000764-01,O000764,P0114,2,1530,3060,PKR
OI000764-02,O000764,P0101,1,185,185,PKR
OI000765-01,O000765,P0095,1,890,890,PKR
OI000766-01,O000766,P0058,1,1715,1715,PKR
OI000767-01,O000767,P0106,1,1080,1080,PKR
OI000767-02,O000767,P0087,1,1090,1090,PKR
OI000767-03,O000767,P0019,1,1470,1470,PKR
OI000768-01,O000768,P0075,2,645,1290,PKR
OI000768-02,O000768,P0094,1,130,130,PKR
OI000769-01,O000769,P0008,2,1530,3060,PKR
OI000769-02,O000769,P0119,1,550,550,PKR
OI000770-01,O000770,P0024,1,235,235,PKR
OI000770-02,O000770,P0048,1,1495,1495,PKR
OI000771-01,O000771,P0022,1,1255,1255,PKR
OI000771-02,O000771,P0093,1,1805,1805,PKR
OI000772-01,O000772,P0007,4,425,1700,PKR
OI000773-01,O000773,P0115,1,1790,1790,PKR
OI000773-02,O000773,P0009,2,985,1970,PKR
OI000773-03,O000773,P0058,2,1715,3430,PKR
OI000773-04,O000773,P0029,1,895,895,PKR
OI000773-05,O000773,P0021,4,1595,6380,PKR
OI000774-01,O000774,P0091,1,490,490,PKR
OI000774-02,O000774,P0097,2,1730,3460,PKR
OI000775-01,O000775,P0002,3,265,795,PKR
OI000775-02,O000775,P0017,2,1755,3510,PKR
OI000775-03,O000775,P0112,3,385,1155,PKR
OI000776-01,O000776,P0109,3,260,780,PKR
OI000776-02,O000776,P0111,1,1265,1265,PKR
OI000777-01,O000777,P0117,1,720,720,PKR
OI000777-02,O000777,P0026,1,755,755,PKR
OI000777-03,O000777,P0105,1,1155,1155,PKR
OI000778-01,O000778,P0117,1,720,720,PKR
OI000778-02,O000778,P0039,1,920,920,PKR
OI000779-01,O000779,P0120,3,760,2280,PKR
OI000779-02,O000779,P0114,1,1530,1530,PKR
OI000780-01,O000780,P0005,1,1405,1405,PKR
OI000780-02,O000780,P0112,1,385,385,PKR
OI000781-01,O000781,P0039,1,920,920,PKR
OI000781-02,O000781,P0073,1,225,225,PKR
OI000781-03,O000781,P0025,1,290,290,PKR
OI000781-04,O000781,P0089,1,225,225,PKR
OI000782-01,O000782,P0038,2,475,950,PKR
OI000783-01,O000783,P0076,1,1635,1635,PKR
OI000784-01,O000784,P0041,2,385,770,PKR
OI000784-02,O000784,P0063,3,1685,5055,PKR
OI000785-01,O000785,P0003,1,1000,1000,PKR
OI000785-02,O000785,P0106,2,1080,2160,PKR
OI000786-01,O000786,P0073,1,225,225,PKR
OI000787-01,O000787,P0076,1,1635,1635,PKR
OI000787-02,O000787,P0068,1,550,550,PKR
OI000787-03,O000787,P0036,1,595,595,PKR
OI000787-04,O000787,P0060,2,230,460,PKR
OI000788-01,O000788,P0108,3,935,2805,PKR
OI000788-02,O000788,P0057,1,1425,1425,PKR
OI000788-03,O000788,P0047,2,1540,3080,PKR
OI000788-04,O000788,P0063,1,1685,1685,PKR
OI000789-01,O000789,P0026,1,755,755,PKR
OI000789-02,O000789,P0094,1,130,130,PKR
OI000790-01,O000790,P0080,2,2175,4350,PKR
OI000790-02,O000790,P0108,2,935,1870,PKR
OI000791-01,O000791,P0063,1,1685,1685,PKR
OI000791-02,O000791,P0090,2,1680,3360,PKR
OI000791-03,O000791,P0096,2,1660,3320,PKR
OI000791-04,O000791,P0057,1,1425,1425,PKR
OI000791-05,O000791,P0093,1,1805,1805,PKR
OI000792-01,O000792,P0083,1,720,720,PKR
OI000792-02,O000792,P0023,1,1745,1745,PKR
OI000793-01,O000793,P0075,1,645,645,PKR
OI000793-02,O000793,P0120,3,760,2280,PKR
OI000794-01,O000794,P0037,1,180,180,PKR
OI000795-01,O000795,P0042,1,1400,1400,PKR
OI000795-02,O000795,P0026,1,755,755,PKR
OI000796-01,O000796,P0007,4,425,1700,PKR
OI000797-01,O000797,P0084,1,1260,1260,PKR
OI000797-02,O000797,P0117,1,720,720,PKR
OI000797-03,O000797,P0014,1,1895,1895,PKR
OI000797-04,O000797,P0031,2,730,1460,PKR
OI000798-01,O000798,P0102,1,555,555,PKR
OI000798-02,O000798,P0094,1,130,130,PKR
OI000798-03,O000798,P0103,1,1075,1075,PKR
OI000799-01,O000799,P0067,1,1215,1215,PKR
OI000799-02,O000799,P0112,2,385,770,PKR
OI000800-01,O000800,P0035,1,380,380,PKR
OI000800-02,O000800,P0086,2,850,1700,PKR
OI000800-03,O000800,P0093,1,1805,1805,PKR
OI000801-01,O000801,P0058,1,1715,1715,PKR
OI000802-01,O000802,P0095,1,890,890,PKR
OI000803-01,O000803,P0083,1,720,720,PKR
OI000804-01,O000804,P0028,2,1930,3860,PKR
OI000804-02,O000804,P0075,1,645,645,PKR
OI000805-01,O000805,P0024,2,235,470,PKR
OI000805-02,O000805,P0017,1,1755,1755,PKR
OI000806-01,O000806,P0072,2,1075,2150,PKR
OI000806-02,O000806,P0082,1,1025,1025,PKR
OI000807-01,O000807,P0012,1,155,155,PKR
OI000807-02,O000807,P0093,1,1805,1805,PKR
OI000808-01,O000808,P0036,1,595,595,PKR
OI000808-02,O000808,P0100,1,855,855,PKR
OI000808-03,O000808,P0020,1,325,325,PKR
OI000809-01,O000809,P0056,3,385,1155,PKR
OI000809-02,O000809,P0028,1,1930,1930,PKR
OI000810-01,O000810,P0036,1,595,595,PKR
OI000810-02,O000810,P0038,1,475,475,PKR
OI000811-01,O000811,P0049,1,215,215,PKR
OI000811-02,O000811,P0038,1,475,475,PKR
OI000812-01,O000812,P0098,2,1885,3770,PKR
OI000812-02,O000812,P0004,3,1410,4230,PKR
OI000813-01,O000813,P0095,1,890,890,PKR
OI000813-02,O000813,P0012,1,155,155,PKR
OI000813-03,O000813,P0080,4,2175,8700,PKR
OI000813-04,O000813,P0017,1,1755,1755,PKR
OI000814-01,O000814,P0003,1,1000,1000,PKR
OI000814-02,O000814,P0119,2,550,1100,PKR
OI000814-03,O000814,P0009,1,985,985,PKR
OI000815-01,O000815,P0018,1,1305,1305,PKR
OI000815-02,O000815,P0112,2,385,770,PKR
OI000816-01,O000816,P0108,2,935,1870,PKR
OI000816-02,O000816,P0089,3,225,675,PKR
OI000817-01,O000817,P0034,1,140,140,PKR
OI000817-02,O000817,P0013,1,1805,1805,PKR
OI000818-01,O000818,P0060,1,230,230,PKR
OI000819-01,O000819,P0001,2,660,1320,PKR
OI000819-02,O000819,P0059,1,600,600,PKR
OI000819-03,O000819,P0028,1,1930,1930,PKR
OI000820-01,O000820,P0063,1,1685,1685,PKR
OI000821-01,O000821,P0060,1,230,230,PKR
OI000821-02,O000821,P0068,4,550,2200,PKR
OI000822-01,O000822,P0033,2,1475,2950,PKR
OI000822-02,O000822,P0008,1,1530,1530,PKR
OI000822-03,O000822,P0045,2,910,1820,PKR
OI000822-04,O000822,P0055,2,1405,2810,PKR
OI000823-01,O000823,P0054,1,620,620,PKR
OI000823-02,O000823,P0096,1,1660,1660,PKR
OI000824-01,O000824,P0113,2,1250,2500,PKR
OI000824-02,O000824,P0033,4,1475,5900,PKR
OI000824-03,O000824,P0062,1,1690,1690,PKR
OI000825-01,O000825,P0029,2,895,1790,PKR
OI000825-02,O000825,P0026,1,755,755,PKR
OI000825-03,O000825,P0070,1,1560,1560,PKR
OI000826-01,O000826,P0119,1,550,550,PKR
OI000826-02,O000826,P0007,1,425,425,PKR
OI000826-03,O000826,P0029,1,895,895,PKR
OI000827-01,O000827,P0074,1,600,600,PKR
OI000828-01,O000828,P0041,1,385,385,PKR
OI000828-02,O000828,P0076,1,1635,1635,PKR
OI000828-03,O000828,P0079,1,850,850,PKR
OI000828-04,O000828,P0096,1,1660,1660,PKR
OI000829-01,O000829,P0049,2,215,430,PKR
OI000830-01,O000830,P0081,1,1110,1110,PKR
OI000830-02,O000830,P0102,1,555,555,PKR
OI000830-03,O000830,P0033,3,1475,4425,PKR
OI000830-04,O000830,P0110,1,545,545,PKR
OI000831-01,O000831,P0082,1,1025,1025,PKR
OI000831-02,O000831,P0045,1,910,910,PKR
OI000831-03,O000831,P0114,1,1530,1530,PKR
OI000831-04,O000831,P0004,1,1410,1410,PKR
OI000831-05,O000831,P0097,1,1730,1730,PKR
OI000832-01,O000832,P0098,3,1885,5655,PKR
OI000833-01,O000833,P0022,1,1255,1255,PKR
OI000833-02,O000833,P0091,2,490,980,PKR
OI000834-01,O000834,P0109,1,260,260,PKR
OI000834-02,O000834,P0081,1,1110,1110,PKR
OI000834-03,O000834,P0067,1,1215,1215,PKR
OI000835-01,O000835,P0024,1,235,235,PKR
OI000835-02,O000835,P0040,1,1090,1090,PKR
OI000835-03,O000835,P0042,1,1400,1400,PKR
OI000835-04,O000835,P0090,3,1680,5040,PKR
OI000836-01,O000836,P0042,1,1400,1400,PKR
OI000836-02,O000836,P0073,1,225,225,PKR
OI000836-03,O000836,P0001,1,660,660,PKR
OI000837-01,O000837,P0055,2,1405,2810,PKR
OI000838-01,O000838,P0016,1,1700,1700,PKR
OI000839-01,O000839,P0049,1,215,215,PKR
OI000839-02,O000839,P0036,2,595,1190,PKR
OI000840-01,O000840,P0083,2,720,1440,PKR
OI000840-02,O000840,P0030,1,220,220,PKR
OI000840-03,O000840,P0106,1,1080,1080,PKR
OI000841-01,O000841,P0022,1,1255,1255,PKR
OI000841-02,O000841,P0088,1,780,780,PKR
OI000842-01,O000842,P0067,2,1215,2430,PKR
OI000842-02,O000842,P0002,2,265,530,PKR
OI000842-03,O000842,P0101,1,185,185,PKR
OI000843-01,O000843,P0005,1,1405,1405,PKR
OI000843-02,O000843,P0092,1,955,955,PKR
OI000843-03,O000843,P0010,2,375,750,PKR
OI000844-01,O000844,P0001,1,660,660,PKR
OI000844-02,O000844,P0098,1,1885,1885,PKR
OI000844-03,O000844,P0005,2,1405,2810,PKR
OI000845-01,O000845,P0083,3,720,2160,PKR
OI000845-02,O000845,P0084,1,1260,1260,PKR
OI000845-03,O000845,P0067,2,1215,2430,PKR
OI000845-04,O000845,P0024,2,235,470,PKR
OI000846-01,O000846,P0046,1,205,205,PKR
OI000846-02,O000846,P0041,3,385,1155,PKR
OI000847-01,O000847,P0017,1,1755,1755,PKR
OI000847-02,O000847,P0111,1,1265,1265,PKR
OI000847-03,O000847,P0082,2,1025,2050,PKR
OI000847-04,O000847,P0117,1,720,720,PKR
OI000848-01,O000848,P0075,1,645,645,PKR
OI000848-02,O000848,P0028,1,1930,1930,PKR
OI000848-03,O000848,P0044,2,1840,3680,PKR
OI000848-04,O000848,P0061,1,275,275,PKR
OI000849-01,O000849,P0079,1,850,850,PKR
OI000849-02,O000849,P0109,2,260,520,PKR
OI000849-03,O000849,P0118,1,1270,1270,PKR
OI000850-01,O000850,P0023,2,1745,3490,PKR
OI000850-02,O000850,P0086,1,850,850,PKR
OI000850-03,O000850,P0025,1,290,290,PKR
OI000851-01,O000851,P0056,1,385,385,PKR
OI000851-02,O000851,P0025,1,290,290,PKR
OI000851-03,O000851,P0078,1,385,385,PKR
OI000852-01,O000852,P0086,1,850,850,PKR
OI000852-02,O000852,P0017,2,1755,3510,PKR
OI000852-03,O000852,P0089,1,225,225,PKR
OI000852-04,O000852,P0027,2,1980,3960,PKR
OI000852-05,O000852,P0072,2,1075,2150,PKR
OI000853-01,O000853,P0076,1,1635,1635,PKR
OI000854-01,O000854,P0104,1,1645,1645,PKR
OI000855-01,O000855,P0103,2,1075,2150,PKR
OI000855-02,O000855,P0065,2,840,1680,PKR
OI000855-03,O000855,P0009,1,985,985,PKR
OI000856-01,O000856,P0111,1,1265,1265,PKR
OI000856-02,O000856,P0027,1,1980,1980,PKR
OI000856-03,O000856,P0012,1,155,155,PKR
OI000857-01,O000857,P0099,1,970,970,PKR
OI000858-01,O000858,P0110,3,545,1635,PKR
OI000859-01,O000859,P0031,2,730,1460,PKR
OI000860-01,O000860,P0046,2,205,410,PKR
OI000860-02,O000860,P0026,1,755,755,PKR
OI000860-03,O000860,P0092,1,955,955,PKR
OI000861-01,O000861,P0116,1,815,815,PKR
OI000861-02,O000861,P0111,1,1265,1265,PKR
OI000862-01,O000862,P0112,3,385,1155,PKR
OI000862-02,O000862,P0002,2,265,530,PKR
OI000863-01,O000863,P0002,2,265,530,PKR
OI000864-01,O000864,P0023,1,1745,1745,PKR
OI000864-02,O000864,P0116,2,815,1630,PKR
OI000865-01,O000865,P0053,2,2210,4420,PKR
OI000865-02,O000865,P0083,1,720,720,PKR
OI000865-03,O000865,P0077,2,595,1190,PKR
OI000866-01,O000866,P0120,3,760,2280,PKR
OI000866-02,O000866,P0025,3,290,870,PKR
OI000867-01,O000867,P0053,3,2210,6630,PKR
OI000868-01,O000868,P0118,1,1270,1270,PKR
OI000868-02,O000868,P0016,1,1700,1700,PKR
OI000868-03,O000868,P0088,2,780,1560,PKR
OI000868-04,O000868,P0071,1,850,850,PKR
OI000869-01,O000869,P0098,4,1885,7540,PKR
OI000869-02,O000869,P0029,1,895,895,PKR
OI000870-01,O000870,P0008,1,1530,1530,PKR
OI000870-02,O000870,P0063,2,1685,3370,PKR
OI000871-01,O000871,P0058,1,1715,1715,PKR
OI000871-02,O000871,P0070,1,1560,1560,PKR
OI000872-01,O000872,P0096,2,1660,3320,PKR
OI000872-02,O000872,P0102,2,555,1110,PKR
OI000872-03,O000872,P0047,2,1540,3080,PKR
OI000873-01,O000873,P0071,2,850,1700,PKR
OI000874-01,O000874,P0047,4,1540,6160,PKR
OI000875-01,O000875,P0007,2,425,850,PKR
OI000875-02,O000875,P0088,1,780,780,PKR
OI000875-03,O000875,P0069,2,530,1060,PKR
OI000876-01,O000876,P0007,2,425,850,PKR
OI000877-01,O000877,P0041,2,385,770,PKR
OI000878-01,O000878,P0108,1,935,935,PKR
OI000878-02,O000878,P0045,1,910,910,PKR
OI000878-03,O000878,P0105,1,1155,1155,PKR
OI000878-04,O000878,P0119,1,550,550,PKR
OI000879-01,O000879,P0084,1,1260,1260,PKR
OI000879-02,O000879,P0007,1,425,425,PKR
OI000879-03,O000879,P0107,1,1020,1020,PKR
OI000880-01,O000880,P0048,1,1495,1495,PKR
OI000880-02,O000880,P0063,2,1685,3370,PKR
OI000880-03,O000880,P0014,1,1895,1895,PKR
OI000881-01,O000881,P0078,3,385,1155,PKR
OI000881-02,O000881,P0065,2,840,1680,PKR
OI000881-03,O000881,P0021,1,1595,1595,PKR
OI000882-01,O000882,P0058,2,1715,3430,PKR
OI000883-01,O000883,P0046,2,205,410,PKR
OI000883-02,O000883,P0026,1,755,755,PKR
OI000883-03,O000883,P0067,1,1215,1215,PKR
OI000884-01,O000884,P0088,2,780,1560,PKR
OI000884-02,O000884,P0096,1,1660,1660,PKR
OI000884-03,O000884,P0054,1,620,620,PKR
OI000885-01,O000885,P0120,2,760,1520,PKR
OI000885-02,O000885,P0103,1,1075,1075,PKR
OI000885-03,O000885,P0090,1,1680,1680,PKR
OI000886-01,O000886,P0078,3,385,1155,PKR
OI000886-02,O000886,P0047,1,1540,1540,PKR
OI000887-01,O000887,P0046,1,205,205,PKR
OI000887-02,O000887,P0028,1,1930,1930,PKR
OI000888-01,O000888,P0024,1,235,235,PKR
OI000888-02,O000888,P0119,1,550,550,PKR
OI000888-03,O000888,P0025,2,290,580,PKR
OI000889-01,O000889,P0088,1,780,780,PKR
OI000890-01,O000890,P0064,1,1700,1700,PKR
OI000890-02,O000890,P0021,1,1595,1595,PKR
OI000890-03,O000890,P0050,2,810,1620,PKR
OI000890-04,O000890,P0031,1,730,730,PKR
OI000891-01,O000891,P0058,3,1715,5145,PKR
OI000891-02,O000891,P0094,2,130,260,PKR
OI000891-03,O000891,P0109,2,260,520,PKR
OI000892-01,O000892,P0086,1,850,850,PKR
OI000892-02,O000892,P0016,1,1700,1700,PKR
OI000892-03,O000892,P0031,1,730,730,PKR
OI000893-01,O000893,P0054,1,620,620,PKR
OI000893-02,O000893,P0046,1,205,205,PKR
OI000894-01,O000894,P0044,3,1840,5520,PKR
OI000894-02,O000894,P0100,1,855,855,PKR
OI000895-01,O000895,P0086,2,850,1700,PKR
OI000895-02,O000895,P0090,1,1680,1680,PKR
OI000896-01,O000896,P0094,1,130,130,PKR
OI000896-02,O000896,P0048,1,1495,1495,PKR
OI000896-03,O000896,P0002,2,265,530,PKR
OI000896-04,O000896,P0024,2,235,470,PKR
OI000897-01,O000897,P0067,1,1215,1215,PKR
OI000898-01,O000898,P0049,1,215,215,PKR
OI000899-01,O000899,P0030,1,220,220,PKR
OI000900-01,O000900,P0032,1,585,585,PKR
OI000900-02,O000900,P0022,2,1255,2510,PKR
OI000901-01,O000901,P0071,1,850,850,PKR
OI000901-02,O000901,P0084,1,1260,1260,PKR
OI000901-03,O000901,P0017,1,1755,1755,PKR
OI000901-04,O000901,P0085,1,270,270,PKR
OI000902-01,O000902,P0100,1,855,855,PKR
OI000903-01,O000903,P0005,1,1405,1405,PKR
OI000903-02,O000903,P0095,1,890,890,PKR
OI000903-03,O000903,P0034,3,140,420,PKR
OI000904-01,O000904,P0101,2,185,370,PKR
OI000904-02,O000904,P0069,1,530,530,PKR
OI000904-03,O000904,P0013,1,1805,1805,PKR
OI000904-04,O000904,P0039,1,920,920,PKR
OI000905-01,O000905,P0013,1,1805,1805,PKR
OI000905-02,O000905,P0118,2,1270,2540,PKR
OI000906-01,O000906,P0014,2,1895,3790,PKR
OI000906-02,O000906,P0030,1,220,220,PKR
OI000907-01,O000907,P0101,2,185,370,PKR
OI000907-02,O000907,P0058,1,1715,1715,PKR
OI000908-01,O000908,P0002,1,265,265,PKR
OI000909-01,O000909,P0013,1,1805,1805,PKR
OI000909-02,O000909,P0119,1,550,550,PKR
OI000910-01,O000910,P0100,1,855,855,PKR
OI000910-02,O000910,P0049,1,215,215,PKR
OI000911-01,O000911,P0087,1,1090,1090,PKR
OI000911-02,O000911,P0095,1,890,890,PKR
OI000911-03,O000911,P0089,1,225,225,PKR
OI000912-01,O000912,P0086,2,850,1700,PKR
OI000912-02,O000912,P0062,1,1690,1690,PKR
OI000912-03,O000912,P0019,1,1470,1470,PKR
OI000912-04,O000912,P0064,1,1700,1700,PKR
OI000913-01,O000913,P0011,1,1805,1805,PKR
OI000913-02,O000913,P0118,1,1270,1270,PKR
OI000913-03,O000913,P0014,2,1895,3790,PKR
OI000913-04,O000913,P0085,1,270,270,PKR
OI000914-01,O000914,P0059,1,600,600,PKR
OI000914-02,O000914,P0037,1,180,180,PKR
OI000914-03,O000914,P0063,4,1685,6740,PKR
OI000915-01,O000915,P0083,2,720,1440,PKR
OI000916-01,O000916,P0049,1,215,215,PKR
OI000916-02,O000916,P0036,3,595,1785,PKR
OI000917-01,O000917,P0077,1,595,595,PKR
OI000918-01,O000918,P0117,1,720,720,PKR
OI000918-02,O000918,P0077,1,595,595,PKR
OI000919-01,O000919,P0095,1,890,890,PKR
OI000919-02,O000919,P0022,3,1255,3765,PKR
OI000919-03,O000919,P0076,1,1635,1635,PKR
OI000920-01,O000920,P0113,2,1250,2500,PKR
OI000920-02,O000920,P0111,1,1265,1265,PKR
OI000921-01,O000921,P0119,1,550,550,PKR
OI000921-02,O000921,P0010,2,375,750,PKR
OI000921-03,O000921,P0054,2,620,1240,PKR
OI000921-04,O000921,P0097,2,1730,3460,PKR
OI000922-01,O000922,P0087,1,1090,1090,PKR
OI000922-02,O000922,P0009,2,985,1970,PKR
OI000922-03,O000922,P0037,1,180,180,PKR
OI000922-04,O000922,P0001,1,660,660,PKR
OI000923-01,O000923,P0026,1,755,755,PKR
OI000923-02,O000923,P0024,2,235,470,PKR
OI000923-03,O000923,P0041,1,385,385,PKR
OI000923-04,O000923,P0057,2,1425,2850,PKR
OI000923-05,O000923,P0018,2,1305,2610,PKR
OI000924-01,O000924,P0091,3,490,1470,PKR
OI000925-01,O000925,P0006,2,750,1500,PKR
OI000926-01,O000926,P0026,1,755,755,PKR
OI000926-02,O000926,P0058,1,1715,1715,PKR
OI000926-03,O000926,P0056,2,385,770,PKR
OI000926-04,O000926,P0072,1,1075,1075,PKR
OI000927-01,O000927,P0004,1,1410,1410,PKR
OI000927-02,O000927,P0108,2,935,1870,PKR
OI000927-03,O000927,P0083,1,720,720,PKR
OI000928-01,O000928,P0093,2,1805,3610,PKR
OI000928-02,O000928,P0098,2,1885,3770,PKR
OI000929-01,O000929,P0041,1,385,385,PKR
OI000929-02,O000929,P0061,2,275,550,PKR
OI000930-01,O000930,P0055,3,1405,4215,PKR
OI000931-01,O000931,P0067,3,1215,3645,PKR
OI000932-01,O000932,P0031,1,730,730,PKR
OI000932-02,O000932,P0046,3,205,615,PKR
OI000933-01,O000933,P0067,1,1215,1215,PKR
OI000933-02,O000933,P0049,1,215,215,PKR
OI000933-03,O000933,P0105,2,1155,2310,PKR
OI000933-04,O000933,P0089,2,225,450,PKR
OI000934-01,O000934,P0046,2,205,410,PKR
OI000934-02,O000934,P0081,3,1110,3330,PKR
OI000935-01,O000935,P0015,1,895,895,PKR
OI000936-01,O000936,P0011,1,1805,1805,PKR
OI000937-01,O000937,P0029,1,895,895,PKR
OI000938-01,O000938,P0098,1,1885,1885,PKR
OI000938-02,O000938,P0050,1,810,810,PKR
OI000938-03,O000938,P0011,1,1805,1805,PKR
OI000938-04,O000938,P0118,1,1270,1270,PKR
OI000939-01,O000939,P0087,1,1090,1090,PKR
OI000939-02,O000939,P0104,1,1645,1645,PKR
OI000940-01,O000940,P0115,2,1790,3580,PKR
OI000940-02,O000940,P0059,1,600,600,PKR
OI000941-01,O000941,P0073,3,225,675,PKR
OI000942-01,O000942,P0078,1,385,385,PKR
OI000943-01,O000943,P0080,1,2175,2175,PKR
OI000943-02,O000943,P0024,3,235,705,PKR
OI000943-03,O000943,P0059,1,600,600,PKR
OI000943-04,O000943,P0108,1,935,935,PKR
OI000943-05,O000943,P0013,1,1805,1805,PKR
OI000944-01,O000944,P0052,1,250,250,PKR
OI000944-02,O000944,P0035,1,380,380,PKR
OI000944-03,O000944,P0031,1,730,730,PKR
OI000945-01,O000945,P0046,2,205,410,PKR
OI000945-02,O000945,P0023,2,1745,3490,PKR
OI000946-01,O000946,P0021,3,1595,4785,PKR
OI000946-02,O000946,P0092,4,955,3820,PKR
OI000946-03,O000946,P0090,1,1680,1680,PKR
OI000946-04,O000946,P0026,1,755,755,PKR
OI000946-05,O000946,P0039,1,920,920,PKR
OI000947-01,O000947,P0039,1,920,920,PKR
OI000947-02,O000947,P0042,1,1400,1400,PKR
OI000947-03,O000947,P0066,3,785,2355,PKR
OI000947-04,O000947,P0023,1,1745,1745,PKR
OI000948-01,O000948,P0027,4,1980,7920,PKR
OI000948-02,O000948,P0120,1,760,760,PKR
OI000948-03,O000948,P0077,1,595,595,PKR
OI000948-04,O000948,P0090,1,1680,1680,PKR
OI000948-05,O000948,P0114,1,1530,1530,PKR
OI000949-01,O000949,P0031,1,730,730,PKR
OI000949-02,O000949,P0093,1,1805,1805,PKR
OI000949-03,O000949,P0014,1,1895,1895,PKR
OI000949-04,O000949,P0083,1,720,720,PKR
OI000950-01,O000950,P0093,2,1805,3610,PKR
OI000951-01,O000951,P0014,1,1895,1895,PKR
OI000951-02,O000951,P0056,1,385,385,PKR
OI000952-01,O000952,P0073,1,225,225,PKR
OI000952-02,O000952,P0105,1,1155,1155,PKR
OI000952-03,O000952,P0016,1,1700,1700,PKR
OI000952-04,O000952,P0107,2,1020,2040,PKR
OI000952-05,O000952,P0086,1,850,850,PKR
OI000953-01,O000953,P0109,1,260,260,PKR
OI000953-02,O000953,P0052,2,250,500,PKR
OI000953-03,O000953,P0070,1,1560,1560,PKR
OI000953-04,O000953,P0097,2,1730,3460,PKR
OI000954-01,O000954,P0042,2,1400,2800,PKR
OI000954-02,O000954,P0054,2,620,1240,PKR
OI000955-01,O000955,P0048,1,1495,1495,PKR
OI000956-01,O000956,P0114,3,1530,4590,PKR
OI000956-02,O000956,P0004,4,1410,5640,PKR
OI000957-01,O000957,P0062,1,1690,1690,PKR
OI000958-01,O000958,P0016,2,1700,3400,PKR
OI000959-01,O000959,P0051,1,200,200,PKR
OI000959-02,O000959,P0100,3,855,2565,PKR
OI000960-01,O000960,P0093,1,1805,1805,PKR
OI000960-02,O000960,P0103,1,1075,1075,PKR
OI000960-03,O000960,P0099,1,970,970,PKR
OI000960-04,O000960,P0080,1,2175,2175,PKR
OI000961-01,O000961,P0090,1,1680,1680,PKR
OI000961-02,O000961,P0018,3,1305,3915,PKR
OI000962-01,O000962,P0041,3,385,1155,PKR
OI000962-02,O000962,P0002,1,265,265,PKR
OI000962-03,O000962,P0064,1,1700,1700,PKR
OI000962-04,O000962,P0114,1,1530,1530,PKR
OI000963-01,O000963,P0079,2,850,1700,PKR
OI000963-02,O000963,P0021,1,1595,1595,PKR
OI000964-01,O000964,P0022,1,1255,1255,PKR
OI000965-01,O000965,P0081,2,1110,2220,PKR
OI000965-02,O000965,P0057,1,1425,1425,PKR
OI000965-03,O000965,P0075,1,645,645,PKR
OI000966-01,O000966,P0094,1,130,130,PKR
OI000966-02,O000966,P0087,1,1090,1090,PKR
OI000966-03,O000966,P0049,1,215,215,PKR
OI000967-01,O000967,P0022,1,1255,1255,PKR
OI000967-02,O000967,P0061,2,275,550,PKR
OI000967-03,O000967,P0117,2,720,1440,PKR
OI000968-01,O000968,P0090,1,1680,1680,PKR
OI000968-02,O000968,P0007,1,425,425,PKR
OI000969-01,O000969,P0052,1,250,250,PKR
OI000969-02,O000969,P0071,1,850,850,PKR
OI000969-03,O000969,P0006,2,750,1500,PKR
OI000969-04,O000969,P0015,1,895,895,PKR
OI000969-05,O000969,P0097,4,1730,6920,PKR
OI000970-01,O000970,P0027,1,1980,1980,PKR
OI000970-02,O000970,P0082,3,1025,3075,PKR
OI000971-01,O000971,P0071,1,850,850,PKR
OI000971-02,O000971,P0107,1,1020,1020,PKR
OI000971-03,O000971,P0068,2,550,1100,PKR
OI000971-04,O000971,P0098,1,1885,1885,PKR
OI000972-01,O000972,P0084,3,1260,3780,PKR
OI000972-02,O000972,P0015,2,895,1790,PKR
OI000972-03,O000972,P0024,3,235,705,PKR
OI000973-01,O000973,P0112,1,385,385,PKR
OI000973-02,O000973,P0002,1,265,265,PKR
OI000974-01,O000974,P0034,1,140,140,PKR
OI000974-02,O000974,P0109,1,260,260,PKR
OI000974-03,O000974,P0073,1,225,225,PKR
OI000974-04,O000974,P0036,3,595,1785,PKR
OI000975-01,O000975,P0095,2,890,1780,PKR
OI000976-01,O000976,P0014,2,1895,3790,PKR
OI000976-02,O000976,P0035,1,380,380,PKR
OI000977-01,O000977,P0021,3,1595,4785,PKR
OI000977-02,O000977,P0007,2,425,850,PKR
OI000978-01,O000978,P0080,3,2175,6525,PKR
OI000978-02,O000978,P0093,1,1805,1805,PKR
OI000978-03,O000978,P0030,1,220,220,PKR
OI000979-01,O000979,P0068,1,550,550,PKR
OI000979-02,O000979,P0043,2,1190,2380,PKR
OI000979-03,O000979,P0094,2,130,260,PKR
OI000979-04,O000979,P0060,1,230,230,PKR
OI000980-01,O000980,P0012,2,155,310,PKR
OI000981-01,O000981,P0087,2,1090,2180,PKR
OI000982-01,O000982,P0081,2,1110,2220,PKR
OI000982-02,O000982,P0115,1,1790,1790,PKR
OI000983-01,O000983,P0074,2,600,1200,PKR
OI000983-02,O000983,P0008,1,1530,1530,PKR
OI000983-03,O000983,P0084,2,1260,2520,PKR
OI000984-01,O000984,P0035,2,380,760,PKR
OI000984-02,O000984,P0072,1,1075,1075,PKR
OI000984-03,O000984,P0110,2,545,1090,PKR
OI000985-01,O000985,P0053,4,2210,8840,PKR
OI000986-01,O000986,P0077,2,595,1190,PKR
OI000987-01,O000987,P0044,1,1840,1840,PKR
OI000987-02,O000987,P0043,1,1190,1190,PKR
OI000988-01,O000988,P0117,1,720,720,PKR
OI000988-02,O000988,P0038,1,475,475,PKR
OI000989-01,O000989,P0117,1,720,720,PKR
OI000989-02,O000989,P0015,1,895,895,PKR
OI000989-03,O000989,P0062,1,1690,1690,PKR
OI000990-01,O000990,P0096,2,1660,3320,PKR
OI000991-01,O000991,P0108,1,935,935,PKR
OI000992-01,O000992,P0091,1,490,490,PKR
OI000992-02,O000992,P0008,1,1530,1530,PKR
OI000993-01,O000993,P0069,1,530,530,PKR
OI000994-01,O000994,P0030,1,220,220,PKR
OI000994-02,O000994,P0106,3,1080,3240,PKR
OI000995-01,O000995,P0026,1,755,755,PKR
OI000995-02,O000995,P0097,1,1730,1730,PKR
OI000995-03,O000995,P0024,1,235,235,PKR
OI000995-04,O000995,P0040,2,1090,2180,PKR
OI000995-05,O000995,P0006,1,750,750,PKR
OI000996-01,O000996,P0034,3,140,420,PKR
OI000996-02,O000996,P0026,1,755,755,PKR
OI000997-01,O000997,P0117,2,720,1440,PKR
OI000997-02,O000997,P0062,1,1690,1690,PKR
OI000998-01,O000998,P0025,2,290,580,PKR
OI000998-02,O000998,P0022,1,1255,1255,PKR
OI000998-03,O000998,P0096,1,1660,1660,PKR
OI000999-01,O000999,P0002,2,265,530,PKR
OI000999-02,O000999,P0119,1,550,550,PKR
OI001000-01,O001000,P0086,3,850,2550,PKR
OI001000-02,O001000,P0024,1,235,235,PKR
OI001000-03,O001000,P0032,1,585,585,PKR
OI001000-04,O001000,P0036,1,595,595,PKR
OI001000-05,O001000,P0087,1,1090,1090,PKR
OI001001-01,O001001,P0103,2,1075,2150,PKR
OI001001-02,O001001,P0079,1,850,850,PKR
OI001002-01,O001002,P0017,1,1755,1755,PKR
OI001002-02,O001002,P0109,1,260,260,PKR
OI001003-01,O001003,P0060,1,230,230,PKR
OI001003-02,O001003,P0072,4,1075,4300,PKR
OI001004-01,O001004,P0030,1,220,220,PKR
OI001004-02,O001004,P0072,1,1075,1075,PKR
OI001004-03,O001004,P0061,1,275,275,PKR
OI001004-04,O001004,P0025,1,290,290,PKR
OI001005-01,O001005,P0088,2,780,1560,PKR
OI001006-01,O001006,P0022,1,1255,1255,PKR
OI001006-02,O001006,P0038,1,475,475,PKR
OI001007-01,O001007,P0031,1,730,730,PKR
OI001008-01,O001008,P0060,1,230,230,PKR
OI001009-01,O001009,P0068,2,550,1100,PKR
OI001010-01,O001010,P0036,2,595,1190,PKR
OI001011-01,O001011,P0054,1,620,620,PKR
OI001012-01,O001012,P0044,3,1840,5520,PKR
OI001012-02,O001012,P0113,2,1250,2500,PKR
OI001012-03,O001012,P0080,2,2175,4350,PKR
OI001013-01,O001013,P0053,1,2210,2210,PKR
OI001013-02,O001013,P0119,1,550,550,PKR
OI001013-03,O001013,P0079,1,850,850,PKR
OI001014-01,O001014,P0063,1,1685,1685,PKR
OI001015-01,O001015,P0016,1,1700,1700,PKR
OI001015-02,O001015,P0106,1,1080,1080,PKR
OI001016-01,O001016,P0019,3,1470,4410,PKR
OI001016-02,O001016,P0041,3,385,1155,PKR
OI001016-03,O001016,P0006,1,750,750,PKR
OI001017-01,O001017,P0070,1,1560,1560,PKR
OI001017-02,O001017,P0036,2,595,1190,PKR
OI001017-03,O001017,P0113,1,1250,1250,PKR
OI001017-04,O001017,P0007,2,425,850,PKR
OI001018-01,O001018,P0021,1,1595,1595,PKR
OI001018-02,O001018,P0082,1,1025,1025,PKR
OI001018-03,O001018,P0066,2,785,1570,PKR
OI001018-04,O001018,P0046,1,205,205,PKR
OI001019-01,O001019,P0081,1,1110,1110,PKR
OI001020-01,O001020,P0033,1,1475,1475,PKR
OI001020-02,O001020,P0063,1,1685,1685,PKR
OI001020-03,O001020,P0084,1,1260,1260,PKR
OI001021-01,O001021,P0015,1,895,895,PKR
OI001022-01,O001022,P0078,1,385,385,PKR
OI001022-02,O001022,P0057,1,1425,1425,PKR
OI001022-03,O001022,P0033,1,1475,1475,PKR
OI001023-01,O001023,P0036,1,595,595,PKR
OI001023-02,O001023,P0060,1,230,230,PKR
OI001023-03,O001023,P0109,1,260,260,PKR
OI001023-04,O001023,P0006,1,750,750,PKR
OI001023-05,O001023,P0002,2,265,530,PKR
OI001024-01,O001024,P0055,2,1405,2810,PKR
OI001025-01,O001025,P0099,3,970,2910,PKR
OI001025-02,O001025,P0013,1,1805,1805,PKR
OI001025-03,O001025,P0116,1,815,815,PKR
OI001026-01,O001026,P0063,2,1685,3370,PKR
OI001026-02,O001026,P0059,1,600,600,PKR
OI001026-03,O001026,P0087,2,1090,2180,PKR
OI001027-01,O001027,P0032,1,585,585,PKR
OI001027-02,O001027,P0105,1,1155,1155,PKR
OI001027-03,O001027,P0040,4,1090,4360,PKR
OI001028-01,O001028,P0090,1,1680,1680,PKR
OI001028-02,O001028,P0058,1,1715,1715,PKR
OI001028-03,O001028,P0101,2,185,370,PKR
OI001029-01,O001029,P0022,1,1255,1255,PKR
OI001030-01,O001030,P0097,1,1730,1730,PKR
OI001030-02,O001030,P0101,3,185,555,PKR
OI001030-03,O001030,P0028,1,1930,1930,PKR
OI001031-01,O001031,P0065,1,840,840,PKR
OI001031-02,O001031,P0046,1,205,205,PKR
OI001032-01,O001032,P0106,4,1080,4320,PKR
OI001032-02,O001032,P0081,1,1110,1110,PKR
OI001032-03,O001032,P0032,1,585,585,PKR
OI001033-01,O001033,P0095,2,890,1780,PKR
OI001033-02,O001033,P0028,1,1930,1930,PKR
OI001033-03,O001033,P0038,1,475,475,PKR
OI001033-04,O001033,P0058,1,1715,1715,PKR
OI001033-05,O001033,P0083,4,720,2880,PKR
OI001034-01,O001034,P0012,2,155,310,PKR
OI001034-02,O001034,P0025,1,290,290,PKR
OI001034-03,O001034,P0006,2,750,1500,PKR
OI001035-01,O001035,P0089,1,225,225,PKR
OI001036-01,O001036,P0005,2,1405,2810,PKR
OI001037-01,O001037,P0006,1,750,750,PKR
OI001037-02,O001037,P0089,1,225,225,PKR
OI001038-01,O001038,P0081,3,1110,3330,PKR
OI001038-02,O001038,P0014,2,1895,3790,PKR
OI001039-01,O001039,P0009,1,985,985,PKR
OI001040-01,O001040,P0023,1,1745,1745,PKR
OI001040-02,O001040,P0115,1,1790,1790,PKR
OI001041-01,O001041,P0004,1,1410,1410,PKR
OI001041-02,O001041,P0072,1,1075,1075,PKR
OI001042-01,O001042,P0082,3,1025,3075,PKR
OI001042-02,O001042,P0114,1,1530,1530,PKR
OI001042-03,O001042,P0005,1,1405,1405,PKR
OI001043-01,O001043,P0078,2,385,770,PKR
OI001044-01,O001044,P0032,1,585,585,PKR
OI001044-02,O001044,P0117,1,720,720,PKR
OI001045-01,O001045,P0057,3,1425,4275,PKR
OI001046-01,O001046,P0002,1,265,265,PKR
OI001046-02,O001046,P0007,3,425,1275,PKR
OI001046-03,O001046,P0050,1,810,810,PKR
OI001047-01,O001047,P0001,2,660,1320,PKR
OI001047-02,O001047,P0078,1,385,385,PKR
OI001047-03,O001047,P0051,1,200,200,PKR
OI001047-04,O001047,P0020,3,325,975,PKR
OI001047-05,O001047,P0075,1,645,645,PKR
OI001048-01,O001048,P0077,1,595,595,PKR
OI001048-02,O001048,P0056,3,385,1155,PKR
OI001048-03,O001048,P0065,3,840,2520,PKR
OI001049-01,O001049,P0067,1,1215,1215,PKR
OI001049-02,O001049,P0118,1,1270,1270,PKR
OI001050-01,O001050,P0052,1,250,250,PKR
OI001050-02,O001050,P0056,1,385,385,PKR
OI001050-03,O001050,P0100,1,855,855,PKR
OI001050-04,O001050,P0010,1,375,375,PKR
OI001050-05,O001050,P0089,1,225,225,PKR
OI001051-01,O001051,P0040,1,1090,1090,PKR
OI001052-01,O001052,P0012,2,155,310,PKR
OI001053-01,O001053,P0101,3,185,555,PKR
OI001053-02,O001053,P0081,1,1110,1110,PKR
OI001053-03,O001053,P0035,1,380,380,PKR
OI001053-04,O001053,P0013,2,1805,3610,PKR
OI001054-01,O001054,P0102,2,555,1110,PKR
OI001054-02,O001054,P0120,2,760,1520,PKR
OI001054-03,O001054,P0052,2,250,500,PKR
OI001055-01,O001055,P0058,1,1715,1715,PKR
OI001055-02,O001055,P0110,2,545,1090,PKR
OI001056-01,O001056,P0094,3,130,390,PKR
OI001057-01,O001057,P0104,3,1645,4935,PKR
OI001058-01,O001058,P0069,1,530,530,PKR
OI001058-02,O001058,P0066,3,785,2355,PKR
OI001059-01,O001059,P0082,1,1025,1025,PKR
OI001059-02,O001059,P0069,1,530,530,PKR
OI001059-03,O001059,P0072,1,1075,1075,PKR
OI001059-04,O001059,P0097,2,1730,3460,PKR
OI001060-01,O001060,P0071,3,850,2550,PKR
OI001060-02,O001060,P0008,1,1530,1530,PKR
OI001061-01,O001061,P0056,1,385,385,PKR
OI001062-01,O001062,P0003,2,1000,2000,PKR
OI001062-02,O001062,P0010,1,375,375,PKR
OI001062-03,O001062,P0034,1,140,140,PKR
OI001063-01,O001063,P0057,2,1425,2850,PKR
OI001063-02,O001063,P0028,1,1930,1930,PKR
OI001064-01,O001064,P0086,2,850,1700,PKR
OI001065-01,O001065,P0054,2,620,1240,PKR
OI001065-02,O001065,P0046,1,205,205,PKR
OI001066-01,O001066,P0111,1,1265,1265,PKR
OI001067-01,O001067,P0093,1,1805,1805,PKR
OI001068-01,O001068,P0059,1,600,600,PKR
OI001068-02,O001068,P0071,1,850,850,PKR
OI001068-03,O001068,P0045,1,910,910,PKR
OI001068-04,O001068,P0035,2,380,760,PKR
OI001068-05,O001068,P0022,1,1255,1255,PKR
OI001069-01,O001069,P0066,2,785,1570,PKR
OI001069-02,O001069,P0019,1,1470,1470,PKR
OI001070-01,O001070,P0015,1,895,895,PKR
OI001071-01,O001071,P0120,1,760,760,PKR
OI001072-01,O001072,P0100,1,855,855,PKR
OI001072-02,O001072,P0024,1,235,235,PKR
OI001073-01,O001073,P0047,1,1540,1540,PKR
OI001074-01,O001074,P0108,1,935,935,PKR
OI001075-01,O001075,P0082,1,1025,1025,PKR
OI001075-02,O001075,P0098,1,1885,1885,PKR
OI001075-03,O001075,P0109,3,260,780,PKR
OI001075-04,O001075,P0019,1,1470,1470,PKR
OI001076-01,O001076,P0005,1,1405,1405,PKR
OI001076-02,O001076,P0107,1,1020,1020,PKR
OI001076-03,O001076,P0067,2,1215,2430,PKR
OI001076-04,O001076,P0108,1,935,935,PKR
OI001077-01,O001077,P0112,1,385,385,PKR
OI001077-02,O001077,P0118,1,1270,1270,PKR
OI001077-03,O001077,P0047,1,1540,1540,PKR
OI001078-01,O001078,P0058,4,1715,6860,PKR
OI001078-02,O001078,P0081,1,1110,1110,PKR
OI001079-01,O001079,P0045,1,910,910,PKR
OI001079-02,O001079,P0018,3,1305,3915,PKR
OI001079-03,O001079,P0093,1,1805,1805,PKR
OI001080-01,O001080,P0027,3,1980,5940,PKR
OI001081-01,O001081,P0005,1,1405,1405,PKR
OI001082-01,O001082,P0065,2,840,1680,PKR
OI001082-02,O001082,P0082,4,1025,4100,PKR
OI001083-01,O001083,P0051,1,200,200,PKR
OI001083-02,O001083,P0079,2,850,1700,PKR
OI001083-03,O001083,P0096,1,1660,1660,PKR
OI001084-01,O001084,P0089,2,225,450,PKR
OI001084-02,O001084,P0102,1,555,555,PKR
OI001085-01,O001085,P0013,3,1805,5415,PKR
OI001085-02,O001085,P0115,1,1790,1790,PKR
OI001085-03,O001085,P0078,2,385,770,PKR
OI001086-01,O001086,P0028,1,1930,1930,PKR
OI001086-02,O001086,P0095,1,890,890,PKR
OI001086-03,O001086,P0052,3,250,750,PKR
OI001086-04,O001086,P0063,1,1685,1685,PKR
OI001086-05,O001086,P0058,2,1715,3430,PKR
OI001087-01,O001087,P0041,1,385,385,PKR
OI001087-02,O001087,P0082,1,1025,1025,PKR
OI001088-01,O001088,P0069,4,530,2120,PKR
OI001088-02,O001088,P0052,1,250,250,PKR
OI001088-03,O001088,P0017,4,1755,7020,PKR
OI001088-04,O001088,P0115,1,1790,1790,PKR
OI001089-01,O001089,P0096,2,1660,3320,PKR
OI001089-02,O001089,P0102,1,555,555,PKR
OI001090-01,O001090,P0042,1,1400,1400,PKR
OI001090-02,O001090,P0002,4,265,1060,PKR
OI001090-03,O001090,P0078,1,385,385,PKR
OI001090-04,O001090,P0069,1,530,530,PKR
OI001091-01,O001091,P0066,2,785,1570,PKR
OI001092-01,O001092,P0040,1,1090,1090,PKR
OI001093-01,O001093,P0056,2,385,770,PKR
OI001094-01,O001094,P0102,1,555,555,PKR
OI001094-02,O001094,P0084,3,1260,3780,PKR
OI001094-03,O001094,P0118,1,1270,1270,PKR
OI001095-01,O001095,P0070,2,1560,3120,PKR
OI001095-02,O001095,P0008,1,1530,1530,PKR
OI001095-03,O001095,P0116,1,815,815,PKR
OI001096-01,O001096,P0092,3,955,2865,PKR
OI001096-02,O001096,P0020,1,325,325,PKR
OI001097-01,O001097,P0032,3,585,1755,PKR
OI001097-02,O001097,P0074,1,600,600,PKR
OI001097-03,O001097,P0024,2,235,470,PKR
OI001098-01,O001098,P0090,3,1680,5040,PKR
OI001099-01,O001099,P0096,1,1660,1660,PKR
OI001099-02,O001099,P0063,2,1685,3370,PKR
OI001099-03,O001099,P0060,1,230,230,PKR
OI001100-01,O001100,P0120,1,760,760,PKR
OI001100-02,O001100,P0049,1,215,215,PKR
OI001101-01,O001101,P0042,1,1400,1400,PKR
OI001101-02,O001101,P0104,1,1645,1645,PKR
OI001101-03,O001101,P0036,1,595,595,PKR
OI001102-01,O001102,P0009,3,985,2955,PKR
OI001102-02,O001102,P0111,2,1265,2530,PKR
OI001102-03,O001102,P0046,1,205,205,PKR
OI001103-01,O001103,P0021,1,1595,1595,PKR
OI001103-02,O001103,P0117,1,720,720,PKR
OI001104-01,O001104,P0002,2,265,530,PKR
OI001104-02,O001104,P0083,1,720,720,PKR
OI001105-01,O001105,P0090,2,1680,3360,PKR
OI001105-02,O001105,P0105,1,1155,1155,PKR
OI001106-01,O001106,P0087,2,1090,2180,PKR
OI001106-02,O001106,P0060,2,230,460,PKR
OI001106-03,O001106,P0016,3,1700,5100,PKR
OI001106-04,O001106,P0003,1,1000,1000,PKR
OI001106-05,O001106,P0040,1,1090,1090,PKR
OI001107-01,O001107,P0119,1,550,550,PKR
OI001108-01,O001108,P0026,1,755,755,PKR
OI001108-02,O001108,P0015,2,895,1790,PKR
OI001109-01,O001109,P0018,1,1305,1305,PKR
OI001110-01,O001110,P0100,3,855,2565,PKR
OI001110-02,O001110,P0086,1,850,850,PKR
OI001110-03,O001110,P0113,1,1250,1250,PKR
OI001111-01,O001111,P0005,2,1405,2810,PKR
OI001111-02,O001111,P0032,1,585,585,PKR
OI001112-01,O001112,P0078,1,385,385,PKR
OI001112-02,O001112,P0044,1,1840,1840,PKR
OI001112-03,O001112,P0020,1,325,325,PKR
OI001113-01,O001113,P0082,1,1025,1025,PKR
OI001113-02,O001113,P0007,1,425,425,PKR
OI001114-01,O001114,P0103,2,1075,2150,PKR
OI001114-02,O001114,P0045,1,910,910,PKR
OI001115-01,O001115,P0031,1,730,730,PKR
OI001115-02,O001115,P0061,1,275,275,PKR
OI001115-03,O001115,P0007,1,425,425,PKR
OI001115-04,O001115,P0090,2,1680,3360,PKR
OI001115-05,O001115,P0032,1,585,585,PKR
OI001116-01,O001116,P0117,1,720,720,PKR
OI001116-02,O001116,P0100,1,855,855,PKR
OI001116-03,O001116,P0073,1,225,225,PKR
OI001117-01,O001117,P0117,1,720,720,PKR
OI001118-01,O001118,P0044,2,1840,3680,PKR
OI001118-02,O001118,P0073,1,225,225,PKR
OI001118-03,O001118,P0090,2,1680,3360,PKR
OI001119-01,O001119,P0008,3,1530,4590,PKR
OI001120-01,O001120,P0046,2,205,410,PKR
OI001120-02,O001120,P0026,1,755,755,PKR
OI001121-01,O001121,P0056,1,385,385,PKR
OI001121-02,O001121,P0055,1,1405,1405,PKR
OI001121-03,O001121,P0017,1,1755,1755,PKR
OI001121-04,O001121,P0019,1,1470,1470,PKR
OI001121-05,O001121,P0081,1,1110,1110,PKR
OI001122-01,O001122,P0091,2,490,980,PKR
OI001123-01,O001123,P0005,2,1405,2810,PKR
OI001123-02,O001123,P0087,1,1090,1090,PKR
OI001123-03,O001123,P0009,1,985,985,PKR
OI001123-04,O001123,P0074,1,600,600,PKR
OI001124-01,O001124,P0054,1,620,620,PKR
OI001124-02,O001124,P0112,2,385,770,PKR
OI001124-03,O001124,P0023,1,1745,1745,PKR
OI001125-01,O001125,P0049,2,215,430,PKR
OI001125-02,O001125,P0092,4,955,3820,PKR
OI001125-03,O001125,P0073,2,225,450,PKR
OI001125-04,O001125,P0038,1,475,475,PKR
OI001126-01,O001126,P0093,1,1805,1805,PKR
OI001126-02,O001126,P0069,2,530,1060,PKR
OI001127-01,O001127,P0069,1,530,530,PKR
OI001127-02,O001127,P0062,1,1690,1690,PKR
OI001128-01,O001128,P0071,1,850,850,PKR
OI001129-01,O001129,P0073,1,225,225,PKR
OI001130-01,O001130,P0048,2,1495,2990,PKR
OI001130-02,O001130,P0108,2,935,1870,PKR
OI001131-01,O001131,P0016,1,1700,1700,PKR
OI001131-02,O001131,P0070,1,1560,1560,PKR
OI001131-03,O001131,P0116,1,815,815,PKR
OI001131-04,O001131,P0023,2,1745,3490,PKR
OI001131-05,O001131,P0046,1,205,205,PKR
OI001132-01,O001132,P0089,2,225,450,PKR
OI001132-02,O001132,P0090,1,1680,1680,PKR
OI001132-03,O001132,P0115,1,1790,1790,PKR
OI001133-01,O001133,P0081,1,1110,1110,PKR
OI001134-01,O001134,P0075,1,645,645,PKR
OI001134-02,O001134,P0103,1,1075,1075,PKR
OI001135-01,O001135,P0068,1,550,550,PKR
OI001135-02,O001135,P0108,3,935,2805,PKR
OI001135-03,O001135,P0075,1,645,645,PKR
OI001135-04,O001135,P0064,1,1700,1700,PKR
OI001136-01,O001136,P0043,1,1190,1190,PKR
OI001136-02,O001136,P0088,2,780,1560,PKR
OI001136-03,O001136,P0101,1,185,185,PKR
OI001136-04,O001136,P0013,1,1805,1805,PKR
OI001136-05,O001136,P0113,1,1250,1250,PKR
OI001137-01,O001137,P0108,2,935,1870,PKR
OI001137-02,O001137,P0106,1,1080,1080,PKR
OI001137-03,O001137,P0047,2,1540,3080,PKR
OI001137-04,O001137,P0003,1,1000,1000,PKR
OI001138-01,O001138,P0045,1,910,910,PKR
OI001138-02,O001138,P0024,1,235,235,PKR
OI001138-03,O001138,P0014,2,1895,3790,PKR
OI001138-04,O001138,P0073,3,225,675,PKR
OI001139-01,O001139,P0025,1,290,290,PKR
OI001140-01,O001140,P0024,2,235,470,PKR
OI001140-02,O001140,P0059,2,600,1200,PKR
OI001140-03,O001140,P0039,1,920,920,PKR
OI001141-01,O001141,P0087,3,1090,3270,PKR
OI001141-02,O001141,P0112,1,385,385,PKR
OI001142-01,O001142,P0107,2,1020,2040,PKR
OI001142-02,O001142,P0037,2,180,360,PKR
OI001142-03,O001142,P0005,1,1405,1405,PKR
OI001142-04,O001142,P0088,1,780,780,PKR
OI001143-01,O001143,P0089,1,225,225,PKR
OI001144-01,O001144,P0057,2,1425,2850,PKR
OI001145-01,O001145,P0085,1,270,270,PKR
OI001145-02,O001145,P0028,1,1930,1930,PKR
OI001145-03,O001145,P0050,1,810,810,PKR
OI001146-01,O001146,P0032,2,585,1170,PKR
OI001146-02,O001146,P0024,1,235,235,PKR
OI001146-03,O001146,P0035,3,380,1140,PKR
OI001146-04,O001146,P0083,1,720,720,PKR
OI001147-01,O001147,P0038,1,475,475,PKR
OI001148-01,O001148,P0018,2,1305,2610,PKR
OI001148-02,O001148,P0003,1,1000,1000,PKR
OI001148-03,O001148,P0020,2,325,650,PKR
OI001149-01,O001149,P0099,1,970,970,PKR
OI001149-02,O001149,P0055,1,1405,1405,PKR
OI001149-03,O001149,P0007,1,425,425,PKR
OI001149-04,O001149,P0088,4,780,3120,PKR
OI001150-01,O001150,P0055,1,1405,1405,PKR
OI001150-02,O001150,P0095,2,890,1780,PKR
OI001150-03,O001150,P0062,3,1690,5070,PKR
OI001150-04,O001150,P0080,1,2175,2175,PKR
OI001151-01,O001151,P0105,3,1155,3465,PKR
OI001151-02,O001151,P0037,3,180,540,PKR
OI001151-03,O001151,P0056,2,385,770,PKR
OI001152-01,O001152,P0111,1,1265,1265,PKR
OI001152-02,O001152,P0079,1,850,850,PKR
OI001153-01,O001153,P0006,1,750,750,PKR
OI001153-02,O001153,P0053,2,2210,4420,PKR
OI001154-01,O001154,P0095,2,890,1780,PKR
OI001154-02,O001154,P0001,2,660,1320,PKR
OI001154-03,O001154,P0120,2,760,1520,PKR
OI001154-04,O001154,P0072,1,1075,1075,PKR
OI001155-01,O001155,P0001,2,660,1320,PKR
OI001155-02,O001155,P0039,1,920,920,PKR
OI001155-03,O001155,P0041,2,385,770,PKR
OI001156-01,O001156,P0056,1,385,385,PKR
OI001156-02,O001156,P0071,4,850,3400,PKR
OI001156-03,O001156,P0049,3,215,645,PKR
OI001157-01,O001157,P0110,1,545,545,PKR
OI001158-01,O001158,P0089,2,225,450,PKR
OI001159-01,O001159,P0074,1,600,600,PKR
OI001159-02,O001159,P0016,2,1700,3400,PKR
OI001159-03,O001159,P0107,3,1020,3060,PKR
OI001159-04,O001159,P0087,2,1090,2180,PKR
OI001160-01,O001160,P0083,2,720,1440,PKR
OI001160-02,O001160,P0023,1,1745,1745,PKR
OI001161-01,O001161,P0087,1,1090,1090,PKR
OI001161-02,O001161,P0040,1,1090,1090,PKR
OI001162-01,O001162,P0094,1,130,130,PKR
OI001162-02,O001162,P0082,1,1025,1025,PKR
OI001163-01,O001163,P0036,1,595,595,PKR
OI001164-01,O001164,P0028,1,1930,1930,PKR
OI001164-02,O001164,P0085,1,270,270,PKR
OI001165-01,O001165,P0030,1,220,220,PKR
OI001165-02,O001165,P0116,2,815,1630,PKR
OI001166-01,O001166,P0070,3,1560,4680,PKR
OI001166-02,O001166,P0084,1,1260,1260,PKR
OI001167-01,O001167,P0086,4,850,3400,PKR
OI001167-02,O001167,P0004,1,1410,1410,PKR
OI001167-03,O001167,P0115,1,1790,1790,PKR
OI001168-01,O001168,P0029,2,895,1790,PKR
OI001169-01,O001169,P0115,2,1790,3580,PKR
OI001170-01,O001170,P0072,1,1075,1075,PKR
OI001170-02,O001170,P0109,1,260,260,PKR
OI001171-01,O001171,P0005,1,1405,1405,PKR
OI001171-02,O001171,P0051,1,200,200,PKR
OI001171-03,O001171,P0083,2,720,1440,PKR
OI001171-04,O001171,P0018,2,1305,2610,PKR
OI001172-01,O001172,P0111,3,1265,3795,PKR
OI001173-01,O001173,P0042,4,1400,5600,PKR
OI001173-02,O001173,P0116,3,815,2445,PKR
OI001173-03,O001173,P0077,1,595,595,PKR
OI001174-01,O001174,P0073,1,225,225,PKR
OI001174-02,O001174,P0086,3,850,2550,PKR
OI001174-03,O001174,P0033,3,1475,4425,PKR
OI001175-01,O001175,P0008,1,1530,1530,PKR
OI001175-02,O001175,P0096,1,1660,1660,PKR
OI001175-03,O001175,P0049,1,215,215,PKR
OI001176-01,O001176,P0010,1,375,375,PKR
OI001176-02,O001176,P0116,1,815,815,PKR
OI001176-03,O001176,P0017,1,1755,1755,PKR
OI001177-01,O001177,P0006,2,750,1500,PKR
OI001177-02,O001177,P0013,2,1805,3610,PKR
OI001178-01,O001178,P0053,1,2210,2210,PKR
OI001178-02,O001178,P0054,1,620,620,PKR
OI001179-01,O001179,P0067,2,1215,2430,PKR
OI001179-02,O001179,P0027,4,1980,7920,PKR
OI001180-01,O001180,P0106,2,1080,2160,PKR
OI001180-02,O001180,P0018,1,1305,1305,PKR
OI001180-03,O001180,P0053,3,2210,6630,PKR
OI001180-04,O001180,P0092,1,955,955,PKR
OI001180-05,O001180,P0110,2,545,1090,PKR
OI001181-01,O001181,P0004,1,1410,1410,PKR
OI001181-02,O001181,P0034,2,140,280,PKR
OI001181-03,O001181,P0104,2,1645,3290,PKR
OI001182-01,O001182,P0030,2,220,440,PKR
OI001182-02,O001182,P0067,1,1215,1215,PKR
OI001183-01,O001183,P0017,1,1755,1755,PKR
OI001183-02,O001183,P0053,1,2210,2210,PKR
OI001184-01,O001184,P0022,2,1255,2510,PKR
OI001185-01,O001185,P0005,2,1405,2810,PKR
OI001185-02,O001185,P0026,1,755,755,PKR
OI001185-03,O001185,P0016,3,1700,5100,PKR
OI001186-01,O001186,P0094,1,130,130,PKR
OI001186-02,O001186,P0051,2,200,400,PKR
OI001187-01,O001187,P0106,3,1080,3240,PKR
OI001187-02,O001187,P0112,1,385,385,PKR
OI001187-03,O001187,P0104,2,1645,3290,PKR
OI001188-01,O001188,P0059,1,600,600,PKR
OI001188-02,O001188,P0078,3,385,1155,PKR
OI001188-03,O001188,P0069,2,530,1060,PKR
OI001188-04,O001188,P0051,2,200,400,PKR
OI001188-05,O001188,P0106,1,1080,1080,PKR
OI001189-01,O001189,P0044,1,1840,1840,PKR
OI001190-01,O001190,P0071,2,850,1700,PKR
OI001190-02,O001190,P0096,3,1660,4980,PKR
OI001190-03,O001190,P0038,1,475,475,PKR
OI001191-01,O001191,P0109,2,260,520,PKR
OI001192-01,O001192,P0022,2,1255,2510,PKR
OI001192-02,O001192,P0030,2,220,440,PKR
OI001192-03,O001192,P0069,1,530,530,PKR
OI001192-04,O001192,P0112,1,385,385,PKR
OI001193-01,O001193,P0091,1,490,490,PKR
OI001193-02,O001193,P0090,1,1680,1680,PKR
OI001193-03,O001193,P0035,1,380,380,PKR
OI001194-01,O001194,P0100,2,855,1710,PKR
OI001194-02,O001194,P0013,1,1805,1805,PKR
OI001194-03,O001194,P0048,3,1495,4485,PKR
OI001194-04,O001194,P0023,1,1745,1745,PKR
OI001194-05,O001194,P0117,2,720,1440,PKR
OI001195-01,O001195,P0096,4,1660,6640,PKR
OI001196-01,O001196,P0082,1,1025,1025,PKR
OI001196-02,O001196,P0017,3,1755,5265,PKR
OI001196-03,O001196,P0042,1,1400,1400,PKR
OI001197-01,O001197,P0054,1,620,620,PKR
OI001197-02,O001197,P0041,1,385,385,PKR
OI001198-01,O001198,P0020,2,325,650,PKR
OI001199-01,O001199,P0076,1,1635,1635,PKR
OI001199-02,O001199,P0118,1,1270,1270,PKR
OI001200-01,O001200,P0046,1,205,205,PKR
OI001201-01,O001201,P0080,1,2175,2175,PKR
OI001202-01,O001202,P0120,1,760,760,PKR
OI001203-01,O001203,P0062,2,1690,3380,PKR
OI001203-02,O001203,P0109,1,260,260,PKR
OI001203-03,O001203,P0090,1,1680,1680,PKR
OI001204-01,O001204,P0026,1,755,755,PKR
OI001204-02,O001204,P0051,2,200,400,PKR
OI001204-03,O001204,P0072,4,1075,4300,PKR
OI001205-01,O001205,P0011,1,1805,1805,PKR
OI001205-02,O001205,P0027,3,1980,5940,PKR
OI001206-01,O001206,P0068,2,550,1100,PKR
OI001206-02,O001206,P0064,1,1700,1700,PKR
OI001206-03,O001206,P0051,1,200,200,PKR
OI001206-04,O001206,P0020,2,325,650,PKR
OI001207-01,O001207,P0037,1,180,180,PKR
OI001207-02,O001207,P0038,1,475,475,PKR
OI001208-01,O001208,P0088,1,780,780,PKR
OI001208-02,O001208,P0080,1,2175,2175,PKR
OI001209-01,O001209,P0055,2,1405,2810,PKR
OI001209-02,O001209,P0042,3,1400,4200,PKR
OI001210-01,O001210,P0041,1,385,385,PKR
OI001211-01,O001211,P0117,1,720,720,PKR
OI001211-02,O001211,P0076,2,1635,3270,PKR
OI001212-01,O001212,P0028,3,1930,5790,PKR
OI001213-01,O001213,P0071,1,850,850,PKR
OI001213-02,O001213,P0099,1,970,970,PKR
OI001214-01,O001214,P0032,4,585,2340,PKR
OI001215-01,O001215,P0008,1,1530,1530,PKR
OI001215-02,O001215,P0072,1,1075,1075,PKR
OI001215-03,O001215,P0103,1,1075,1075,PKR
OI001215-04,O001215,P0118,2,1270,2540,PKR
OI001216-01,O001216,P0002,1,265,265,PKR
OI001216-02,O001216,P0119,1,550,550,PKR
OI001217-01,O001217,P0103,2,1075,2150,PKR
OI001217-02,O001217,P0072,2,1075,2150,PKR
OI001217-03,O001217,P0094,1,130,130,PKR
OI001217-04,O001217,P0038,2,475,950,PKR
OI001218-01,O001218,P0095,1,890,890,PKR
OI001218-02,O001218,P0042,1,1400,1400,PKR
OI001219-01,O001219,P0083,1,720,720,PKR
OI001220-01,O001220,P0065,2,840,1680,PKR
OI001220-02,O001220,P0102,3,555,1665,PKR
OI001220-03,O001220,P0067,2,1215,2430,PKR
OI001221-01,O001221,P0106,4,1080,4320,PKR
OI001222-01,O001222,P0083,1,720,720,PKR
OI001222-02,O001222,P0067,1,1215,1215,PKR
OI001223-01,O001223,P0057,2,1425,2850,PKR
OI001223-02,O001223,P0012,2,155,310,PKR
OI001224-01,O001224,P0050,3,810,2430,PKR
OI001225-01,O001225,P0097,1,1730,1730,PKR
OI001226-01,O001226,P0048,2,1495,2990,PKR
OI001227-01,O001227,P0053,4,2210,8840,PKR
OI001227-02,O001227,P0070,1,1560,1560,PKR
OI001227-03,O001227,P0007,1,425,425,PKR
OI001228-01,O001228,P0108,1,935,935,PKR
OI001228-02,O001228,P0062,1,1690,1690,PKR
OI001229-01,O001229,P0047,1,1540,1540,PKR
OI001229-02,O001229,P0065,1,840,840,PKR
OI001229-03,O001229,P0111,1,1265,1265,PKR
OI001230-01,O001230,P0051,1,200,200,PKR
OI001230-02,O001230,P0058,1,1715,1715,PKR
OI001230-03,O001230,P0004,1,1410,1410,PKR
OI001230-04,O001230,P0024,1,235,235,PKR
OI001230-05,O001230,P0093,3,1805,5415,PKR
OI001231-01,O001231,P0016,1,1700,1700,PKR
OI001231-02,O001231,P0093,1,1805,1805,PKR
OI001231-03,O001231,P0088,1,780,780,PKR
OI001232-01,O001232,P0118,1,1270,1270,PKR
OI001232-02,O001232,P0046,1,205,205,PKR
OI001232-03,O001232,P0043,2,1190,2380,PKR
OI001233-01,O001233,P0019,1,1470,1470,PKR
OI001233-02,O001233,P0063,1,1685,1685,PKR
OI001233-03,O001233,P0051,1,200,200,PKR
OI001234-01,O001234,P0052,1,250,250,PKR
OI001235-01,O001235,P0046,1,205,205,PKR
OI001236-01,O001236,P0097,1,1730,1730,PKR
OI001236-02,O001236,P0041,1,385,385,PKR
OI001236-03,O001236,P0066,1,785,785,PKR
OI001237-01,O001237,P0072,3,1075,3225,PKR
OI001238-01,O001238,P0074,1,600,600,PKR
OI001239-01,O001239,P0028,3,1930,5790,PKR
OI001239-02,O001239,P0060,2,230,460,PKR
OI001239-03,O001239,P0102,1,555,555,PKR
OI001239-04,O001239,P0108,1,935,935,PKR
OI001240-01,O001240,P0071,1,850,850,PKR
OI001240-02,O001240,P0060,1,230,230,PKR
OI001241-01,O001241,P0024,1,235,235,PKR
OI001242-01,O001242,P0078,1,385,385,PKR
OI001242-02,O001242,P0058,1,1715,1715,PKR
OI001243-01,O001243,P0007,2,425,850,PKR
OI001243-02,O001243,P0082,1,1025,1025,PKR
OI001244-01,O001244,P0050,2,810,1620,PKR
OI001245-01,O001245,P0062,1,1690,1690,PKR
OI001246-01,O001246,P0075,1,645,645,PKR
OI001246-02,O001246,P0092,2,955,1910,PKR
OI001247-01,O001247,P0087,2,1090,2180,PKR
OI001247-02,O001247,P0039,1,920,920,PKR
OI001248-01,O001248,P0109,2,260,520,PKR
OI001249-01,O001249,P0036,1,595,595,PKR
OI001249-02,O001249,P0019,1,1470,1470,PKR
OI001249-03,O001249,P0026,1,755,755,PKR
OI001250-01,O001250,P0074,1,600,600,PKR
OI001250-02,O001250,P0105,1,1155,1155,PKR
OI001250-03,O001250,P0089,1,225,225,PKR
OI001251-01,O001251,P0036,3,595,1785,PKR
OI001251-02,O001251,P0044,2,1840,3680,PKR
OI001251-03,O001251,P0109,2,260,520,PKR
OI001251-04,O001251,P0035,2,380,760,PKR
OI001252-01,O001252,P0084,1,1260,1260,PKR
OI001252-02,O001252,P0075,1,645,645,PKR
OI001252-03,O001252,P0049,2,215,430,PKR
OI001252-04,O001252,P0088,1,780,780,PKR
OI001253-01,O001253,P0035,2,380,760,PKR
OI001253-02,O001253,P0100,2,855,1710,PKR
OI001253-03,O001253,P0070,1,1560,1560,PKR
OI001253-04,O001253,P0047,1,1540,1540,PKR
OI001254-01,O001254,P0074,3,600,1800,PKR
OI001254-02,O001254,P0044,1,1840,1840,PKR
OI001254-03,O001254,P0013,2,1805,3610,PKR
OI001254-04,O001254,P0068,1,550,550,PKR
OI001255-01,O001255,P0040,2,1090,2180,PKR
OI001256-01,O001256,P0057,1,1425,1425,PKR
OI001256-02,O001256,P0059,2,600,1200,PKR
OI001257-01,O001257,P0008,1,1530,1530,PKR
OI001257-02,O001257,P0046,4,205,820,PKR
OI001257-03,O001257,P0027,1,1980,1980,PKR
OI001257-04,O001257,P0111,2,1265,2530,PKR
OI001258-01,O001258,P0113,1,1250,1250,PKR
OI001258-02,O001258,P0040,1,1090,1090,PKR
OI001259-01,O001259,P0077,2,595,1190,PKR
OI001260-01,O001260,P0057,1,1425,1425,PKR
OI001260-02,O001260,P0085,4,270,1080,PKR
OI001261-01,O001261,P0103,1,1075,1075,PKR
OI001261-02,O001261,P0120,1,760,760,PKR
OI001262-01,O001262,P0053,1,2210,2210,PKR
OI001262-02,O001262,P0101,2,185,370,PKR
OI001262-03,O001262,P0025,1,290,290,PKR
OI001262-04,O001262,P0007,1,425,425,PKR
OI001263-01,O001263,P0035,1,380,380,PKR
OI001264-01,O001264,P0111,2,1265,2530,PKR
OI001264-02,O001264,P0033,1,1475,1475,PKR
OI001265-01,O001265,P0090,1,1680,1680,PKR
OI001265-02,O001265,P0075,1,645,645,PKR
OI001265-03,O001265,P0077,2,595,1190,PKR
OI001266-01,O001266,P0046,1,205,205,PKR
OI001266-02,O001266,P0117,2,720,1440,PKR
OI001266-03,O001266,P0061,2,275,550,PKR
OI001267-01,O001267,P0081,2,1110,2220,PKR
OI001267-02,O001267,P0068,1,550,550,PKR
OI001267-03,O001267,P0040,2,1090,2180,PKR
OI001268-01,O001268,P0054,1,620,620,PKR
OI001268-02,O001268,P0119,2,550,1100,PKR
OI001268-03,O001268,P0032,2,585,1170,PKR
OI001268-04,O001268,P0069,1,530,530,PKR
OI001269-01,O001269,P0074,4,600,2400,PKR
OI001269-02,O001269,P0033,1,1475,1475,PKR
OI001270-01,O001270,P0076,1,1635,1635,PKR
OI001271-01,O001271,P0115,1,1790,1790,PKR
OI001272-01,O001272,P0061,2,275,550,PKR
OI001272-02,O001272,P0009,1,985,985,PKR
OI001272-03,O001272,P0019,1,1470,1470,PKR
OI001272-04,O001272,P0118,2,1270,2540,PKR
OI001272-05,O001272,P0093,2,1805,3610,PKR
OI001273-01,O001273,P0119,1,550,550,PKR
OI001274-01,O001274,P0030,1,220,220,PKR
OI001274-02,O001274,P0007,1,425,425,PKR
OI001274-03,O001274,P0051,1,200,200,PKR
OI001274-04,O001274,P0013,4,1805,7220,PKR
OI001275-01,O001275,P0038,1,475,475,PKR
OI001275-02,O001275,P0002,2,265,530,PKR
OI001276-01,O001276,P0073,3,225,675,PKR
OI001277-01,O001277,P0069,1,530,530,PKR
OI001277-02,O001277,P0011,2,1805,3610,PKR
OI001277-03,O001277,P0118,1,1270,1270,PKR
OI001278-01,O001278,P0112,2,385,770,PKR
OI001278-02,O001278,P0040,1,1090,1090,PKR
OI001279-01,O001279,P0069,3,530,1590,PKR
OI001280-01,O001280,P0003,4,1000,4000,PKR
OI001280-02,O001280,P0119,1,550,550,PKR
OI001280-03,O001280,P0092,1,955,955,PKR
OI001280-04,O001280,P0058,1,1715,1715,PKR
OI001281-01,O001281,P0070,2,1560,3120,PKR
OI001282-01,O001282,P0074,1,600,600,PKR
OI001283-01,O001283,P0051,2,200,400,PKR
OI001283-02,O001283,P0027,1,1980,1980,PKR
OI001283-03,O001283,P0047,3,1540,4620,PKR
OI001283-04,O001283,P0083,1,720,720,PKR
OI001284-01,O001284,P0086,1,850,850,PKR
OI001284-02,O001284,P0004,3,1410,4230,PKR
OI001284-03,O001284,P0106,1,1080,1080,PKR
OI001285-01,O001285,P0028,2,1930,3860,PKR
OI001285-02,O001285,P0001,3,660,1980,PKR
OI001285-03,O001285,P0036,1,595,595,PKR
OI001286-01,O001286,P0084,1,1260,1260,PKR
OI001287-01,O001287,P0036,1,595,595,PKR
OI001287-02,O001287,P0091,1,490,490,PKR
OI001287-03,O001287,P0113,1,1250,1250,PKR
OI001288-01,O001288,P0032,2,585,1170,PKR
OI001288-02,O001288,P0053,1,2210,2210,PKR
OI001288-03,O001288,P0035,1,380,380,PKR
OI001288-04,O001288,P0045,1,910,910,PKR
OI001288-05,O001288,P0065,2,840,1680,PKR
OI001289-01,O001289,P0057,1,1425,1425,PKR
OI001290-01,O001290,P0088,2,780,1560,PKR
OI001290-02,O001290,P0077,3,595,1785,PKR
OI001290-03,O001290,P0068,1,550,550,PKR
OI001291-01,O001291,P0045,1,910,910,PKR
OI001291-02,O001291,P0033,1,1475,1475,PKR
OI001292-01,O001292,P0062,1,1690,1690,PKR
OI001292-02,O001292,P0018,2,1305,2610,PKR
OI001292-03,O001292,P0030,1,220,220,PKR
OI001293-01,O001293,P0032,2,585,1170,PKR
OI001293-02,O001293,P0074,1,600,600,PKR
OI001293-03,O001293,P0048,2,1495,2990,PKR
OI001294-01,O001294,P0082,1,1025,1025,PKR
OI001294-02,O001294,P0074,1,600,600,PKR
OI001294-03,O001294,P0023,1,1745,1745,PKR
OI001294-04,O001294,P0010,1,375,375,PKR
OI001295-01,O001295,P0115,1,1790,1790,PKR
OI001295-02,O001295,P0004,1,1410,1410,PKR
OI001296-01,O001296,P0053,1,2210,2210,PKR
OI001296-02,O001296,P0059,1,600,600,PKR
OI001296-03,O001296,P0073,1,225,225,PKR
OI001296-04,O001296,P0092,3,955,2865,PKR
OI001297-01,O001297,P0015,1,895,895,PKR
OI001297-02,O001297,P0057,2,1425,2850,PKR
OI001298-01,O001298,P0028,1,1930,1930,PKR
OI001298-02,O001298,P0097,2,1730,3460,PKR
OI001298-03,O001298,P0102,1,555,555,PKR
OI001299-01,O001299,P0053,1,2210,2210,PKR
OI001300-01,O001300,P0052,1,250,250,PKR
OI001300-02,O001300,P0039,2,920,1840,PKR
OI001300-03,O001300,P0113,2,1250,2500,PKR
OI001301-01,O001301,P0033,1,1475,1475,PKR
OI001301-02,O001301,P0038,1,475,475,PKR
OI001301-03,O001301,P0103,1,1075,1075,PKR
OI001301-04,O001301,P0018,2,1305,2610,PKR
OI001301-05,O001301,P0086,4,850,3400,PKR
OI001302-01,O001302,P0029,1,895,895,PKR
OI001303-01,O001303,P0002,2,265,530,PKR
OI001303-02,O001303,P0052,1,250,250,PKR
OI001303-03,O001303,P0023,1,1745,1745,PKR
OI001304-01,O001304,P0020,1,325,325,PKR
OI001304-02,O001304,P0082,1,1025,1025,PKR
OI001305-01,O001305,P0120,1,760,760,PKR
OI001305-02,O001305,P0022,3,1255,3765,PKR
OI001305-03,O001305,P0050,1,810,810,PKR
OI001306-01,O001306,P0089,1,225,225,PKR
OI001306-02,O001306,P0047,1,1540,1540,PKR
OI001306-03,O001306,P0099,2,970,1940,PKR
OI001307-01,O001307,P0025,1,290,290,PKR
OI001307-02,O001307,P0051,2,200,400,PKR
OI001307-03,O001307,P0089,1,225,225,PKR
OI001307-04,O001307,P0027,1,1980,1980,PKR
OI001308-01,O001308,P0108,1,935,935,PKR
OI001309-01,O001309,P0070,3,1560,4680,PKR
OI001309-02,O001309,P0115,1,1790,1790,PKR
OI001309-03,O001309,P0098,2,1885,3770,PKR
OI001310-01,O001310,P0052,2,250,500,PKR
OI001310-02,O001310,P0049,1,215,215,PKR
OI001310-03,O001310,P0062,2,1690,3380,PKR
OI001310-04,O001310,P0110,1,545,545,PKR
OI001310-05,O001310,P0116,1,815,815,PKR
OI001311-01,O001311,P0110,1,545,545,PKR
OI001311-02,O001311,P0064,1,1700,1700,PKR
OI001311-03,O001311,P0024,1,235,235,PKR
OI001311-04,O001311,P0019,3,1470,4410,PKR
OI001312-01,O001312,P0047,1,1540,1540,PKR
OI001312-02,O001312,P0031,1,730,730,PKR
OI001313-01,O001313,P0023,1,1745,1745,PKR
OI001314-01,O001314,P0062,1,1690,1690,PKR
OI001314-02,O001314,P0088,1,780,780,PKR
OI001314-03,O001314,P0094,1,130,130,PKR
OI001315-01,O001315,P0027,1,1980,1980,PKR
OI001315-02,O001315,P0078,2,385,770,PKR
OI001315-03,O001315,P0047,2,1540,3080,PKR
OI001315-04,O001315,P0057,1,1425,1425,PKR
OI001315-05,O001315,P0110,2,545,1090,PKR
OI001316-01,O001316,P0097,1,1730,1730,PKR
OI001316-02,O001316,P0033,1,1475,1475,PKR
OI001316-03,O001316,P0025,2,290,580,PKR
OI001317-01,O001317,P0045,2,910,1820,PKR
OI001317-02,O001317,P0076,2,1635,3270,PKR
OI001318-01,O001318,P0071,1,850,850,PKR
OI001318-02,O001318,P0090,2,1680,3360,PKR
OI001319-01,O001319,P0086,2,850,1700,PKR
OI001319-02,O001319,P0049,1,215,215,PKR
OI001319-03,O001319,P0113,1,1250,1250,PKR
OI001320-01,O001320,P0092,3,955,2865,PKR
OI001320-02,O001320,P0083,3,720,2160,PKR
OI001321-01,O001321,P0084,2,1260,2520,PKR
OI001321-02,O001321,P0040,1,1090,1090,PKR
OI001321-03,O001321,P0004,2,1410,2820,PKR
OI001321-04,O001321,P0067,1,1215,1215,PKR
OI001322-01,O001322,P0011,2,1805,3610,PKR
OI001323-01,O001323,P0091,3,490,1470,PKR
OI001323-02,O001323,P0001,4,660,2640,PKR
OI001324-01,O001324,P0116,1,815,815,PKR
OI001324-02,O001324,P0044,1,1840,1840,PKR
OI001325-01,O001325,P0099,1,970,970,PKR
OI001325-02,O001325,P0006,1,750,750,PKR
OI001325-03,O001325,P0111,3,1265,3795,PKR
OI001325-04,O001325,P0056,1,385,385,PKR
OI001326-01,O001326,P0067,1,1215,1215,PKR
OI001327-01,O001327,P0019,1,1470,1470,PKR
OI001327-02,O001327,P0020,2,325,650,PKR
OI001328-01,O001328,P0017,2,1755,3510,PKR
OI001328-02,O001328,P0098,1,1885,1885,PKR
OI001329-01,O001329,P0094,1,130,130,PKR
OI001329-02,O001329,P0033,1,1475,1475,PKR
OI001329-03,O001329,P0079,1,850,850,PKR
OI001330-01,O001330,P0087,1,1090,1090,PKR
OI001330-02,O001330,P0089,3,225,675,PKR
OI001330-03,O001330,P0108,1,935,935,PKR
OI001331-01,O001331,P0041,1,385,385,PKR
OI001331-02,O001331,P0047,1,1540,1540,PKR
OI001332-01,O001332,P0050,1,810,810,PKR
OI001332-02,O001332,P0093,1,1805,1805,PKR
OI001333-01,O001333,P0026,1,755,755,PKR
OI001333-02,O001333,P0104,3,1645,4935,PKR
OI001333-03,O001333,P0089,1,225,225,PKR
OI001333-04,O001333,P0015,2,895,1790,PKR
OI001333-05,O001333,P0039,2,920,1840,PKR
OI001334-01,O001334,P0092,1,955,955,PKR
OI001334-02,O001334,P0081,2,1110,2220,PKR
OI001334-03,O001334,P0008,1,1530,1530,PKR
OI001335-01,O001335,P0050,1,810,810,PKR
OI001335-02,O001335,P0009,1,985,985,PKR
OI001335-03,O001335,P0064,1,1700,1700,PKR
OI001335-04,O001335,P0041,1,385,385,PKR
OI001336-01,O001336,P0053,1,2210,2210,PKR
OI001336-02,O001336,P0002,2,265,530,PKR
OI001337-01,O001337,P0026,1,755,755,PKR
OI001337-02,O001337,P0078,1,385,385,PKR
OI001338-01,O001338,P0010,2,375,750,PKR
OI001338-02,O001338,P0087,1,1090,1090,PKR
OI001339-01,O001339,P0065,2,840,1680,PKR
OI001340-01,O001340,P0096,1,1660,1660,PKR
OI001340-02,O001340,P0087,1,1090,1090,PKR
OI001340-03,O001340,P0015,1,895,895,PKR
OI001340-04,O001340,P0093,1,1805,1805,PKR
OI001341-01,O001341,P0091,2,490,980,PKR
OI001341-02,O001341,P0092,1,955,955,PKR
OI001341-03,O001341,P0009,2,985,1970,PKR
OI001342-01,O001342,P0001,2,660,1320,PKR
OI001343-01,O001343,P0041,1,385,385,PKR
OI001343-02,O001343,P0116,1,815,815,PKR
OI001343-03,O001343,P0007,1,425,425,PKR
OI001343-04,O001343,P0110,3,545,1635,PKR
OI001343-05,O001343,P0104,2,1645,3290,PKR
OI001344-01,O001344,P0078,1,385,385,PKR
OI001344-02,O001344,P0006,3,750,2250,PKR
OI001344-03,O001344,P0115,1,1790,1790,PKR
OI001344-04,O001344,P0080,1,2175,2175,PKR
OI001344-05,O001344,P0107,1,1020,1020,PKR
OI001345-01,O001345,P0010,1,375,375,PKR
OI001345-02,O001345,P0049,1,215,215,PKR
OI001346-01,O001346,P0076,1,1635,1635,PKR
OI001346-02,O001346,P0099,2,970,1940,PKR
OI001347-01,O001347,P0053,3,2210,6630,PKR
OI001348-01,O001348,P0061,2,275,550,PKR
OI001348-02,O001348,P0013,2,1805,3610,PKR
OI001348-03,O001348,P0025,1,290,290,PKR
OI001348-04,O001348,P0104,1,1645,1645,PKR
OI001348-05,O001348,P0067,3,1215,3645,PKR
OI001349-01,O001349,P0012,2,155,310,PKR
OI001350-01,O001350,P0097,1,1730,1730,PKR
OI001350-02,O001350,P0057,1,1425,1425,PKR
OI001351-01,O001351,P0017,2,1755,3510,PKR
OI001351-02,O001351,P0050,1,810,810,PKR
OI001352-01,O001352,P0026,1,755,755,PKR
OI001352-02,O001352,P0119,1,550,550,PKR
OI001352-03,O001352,P0038,1,475,475,PKR
OI001352-04,O001352,P0001,1,660,660,PKR
OI001353-01,O001353,P0024,1,235,235,PKR
OI001353-02,O001353,P0058,1,1715,1715,PKR
OI001354-01,O001354,P0108,1,935,935,PKR
OI001355-01,O001355,P0068,2,550,1100,PKR
OI001356-01,O001356,P0075,2,645,1290,PKR
OI001356-02,O001356,P0098,1,1885,1885,PKR
OI001357-01,O001357,P0109,2,260,520,PKR
OI001357-02,O001357,P0091,1,490,490,PKR
OI001358-01,O001358,P0025,3,290,870,PKR
OI001359-01,O001359,P0009,3,985,2955,PKR
OI001359-02,O001359,P0028,1,1930,1930,PKR
OI001360-01,O001360,P0096,2,1660,3320,PKR
OI001360-02,O001360,P0029,1,895,895,PKR
OI001361-01,O001361,P0034,1,140,140,PKR
OI001361-02,O001361,P0012,2,155,310,PKR
OI001361-03,O001361,P0032,1,585,585,PKR
OI001361-04,O001361,P0082,1,1025,1025,PKR
OI001362-01,O001362,P0063,2,1685,3370,PKR
OI001362-02,O001362,P0044,1,1840,1840,PKR
OI001362-03,O001362,P0051,1,200,200,PKR
OI001363-01,O001363,P0020,3,325,975,PKR
OI001363-02,O001363,P0024,2,235,470,PKR
OI001363-03,O001363,P0108,1,935,935,PKR
OI001363-04,O001363,P0029,1,895,895,PKR
OI001364-01,O001364,P0046,3,205,615,PKR
OI001364-02,O001364,P0089,1,225,225,PKR
OI001364-03,O001364,P0061,3,275,825,PKR
OI001364-04,O001364,P0094,2,130,260,PKR
OI001364-05,O001364,P0044,1,1840,1840,PKR
OI001365-01,O001365,P0019,1,1470,1470,PKR
OI001365-02,O001365,P0103,1,1075,1075,PKR
OI001365-03,O001365,P0112,1,385,385,PKR
OI001365-04,O001365,P0017,1,1755,1755,PKR
OI001365-05,O001365,P0094,1,130,130,PKR
OI001366-01,O001366,P0057,1,1425,1425,PKR
OI001367-01,O001367,P0092,2,955,1910,PKR
OI001368-01,O001368,P0082,1,1025,1025,PKR
OI001368-02,O001368,P0096,1,1660,1660,PKR
OI001368-03,O001368,P0042,3,1400,4200,PKR
OI001369-01,O001369,P0079,1,850,850,PKR
OI001370-01,O001370,P0009,1,985,985,PKR
OI001371-01,O001371,P0004,3,1410,4230,PKR
OI001372-01,O001372,P0082,1,1025,1025,PKR
OI001372-02,O001372,P0045,1,910,910,PKR
OI001372-03,O001372,P0059,1,600,600,PKR
OI001372-04,O001372,P0081,3,1110,3330,PKR
OI001372-05,O001372,P0026,1,755,755,PKR
OI001373-01,O001373,P0108,1,935,935,PKR
OI001373-02,O001373,P0113,1,1250,1250,PKR
OI001373-03,O001373,P0112,1,385,385,PKR
OI001374-01,O001374,P0051,1,200,200,PKR
OI001374-02,O001374,P0094,1,130,130,PKR
OI001374-03,O001374,P0078,1,385,385,PKR
OI001375-01,O001375,P0027,2,1980,3960,PKR
OI001375-02,O001375,P0080,1,2175,2175,PKR
OI001375-03,O001375,P0029,3,895,2685,PKR
OI001376-01,O001376,P0039,1,920,920,PKR
OI001376-02,O001376,P0092,1,955,955,PKR
OI001376-03,O001376,P0072,1,1075,1075,PKR
OI001376-04,O001376,P0103,1,1075,1075,PKR
OI001377-01,O001377,P0066,1,785,785,PKR
OI001377-02,O001377,P0073,2,225,450,PKR
OI001378-01,O001378,P0097,1,1730,1730,PKR
OI001378-02,O001378,P0041,3,385,1155,PKR
OI001379-01,O001379,P0078,1,385,385,PKR
OI001379-02,O001379,P0042,3,1400,4200,PKR
OI001380-01,O001380,P0048,1,1495,1495,PKR
OI001381-01,O001381,P0089,1,225,225,PKR
OI001381-02,O001381,P0077,1,595,595,PKR
OI001381-03,O001381,P0034,1,140,140,PKR
OI001381-04,O001381,P0083,2,720,1440,PKR
OI001382-01,O001382,P0081,1,1110,1110,PKR
OI001382-02,O001382,P0087,1,1090,1090,PKR
OI001383-01,O001383,P0099,1,970,970,PKR
OI001383-02,O001383,P0074,1,600,600,PKR
OI001383-03,O001383,P0004,1,1410,1410,PKR
OI001383-04,O001383,P0022,2,1255,2510,PKR
OI001384-01,O001384,P0103,1,1075,1075,PKR
OI001384-02,O001384,P0064,2,1700,3400,PKR
OI001384-03,O001384,P0047,3,1540,4620,PKR
OI001385-01,O001385,P0041,2,385,770,PKR
OI001386-01,O001386,P0095,2,890,1780,PKR
OI001386-02,O001386,P0119,1,550,550,PKR
OI001386-03,O001386,P0016,1,1700,1700,PKR
OI001387-01,O001387,P0111,1,1265,1265,PKR
OI001387-02,O001387,P0118,1,1270,1270,PKR
OI001387-03,O001387,P0008,1,1530,1530,PKR
OI001388-01,O001388,P0052,1,250,250,PKR
OI001388-02,O001388,P0005,1,1405,1405,PKR
OI001388-03,O001388,P0008,3,1530,4590,PKR
OI001389-01,O001389,P0083,1,720,720,PKR
OI001389-02,O001389,P0098,1,1885,1885,PKR
OI001389-03,O001389,P0079,3,850,2550,PKR
OI001389-04,O001389,P0090,1,1680,1680,PKR
OI001390-01,O001390,P0016,2,1700,3400,PKR
OI001390-02,O001390,P0072,2,1075,2150,PKR
OI001391-01,O001391,P0071,1,850,850,PKR
OI001391-02,O001391,P0018,4,1305,5220,PKR
OI001391-03,O001391,P0105,1,1155,1155,PKR
OI001391-04,O001391,P0093,1,1805,1805,PKR
OI001392-01,O001392,P0058,2,1715,3430,PKR
OI001393-01,O001393,P0039,2,920,1840,PKR
OI001393-02,O001393,P0109,1,260,260,PKR
OI001393-03,O001393,P0118,1,1270,1270,PKR
OI001393-04,O001393,P0006,1,750,750,PKR
OI001394-01,O001394,P0032,2,585,1170,PKR
OI001394-02,O001394,P0003,2,1000,2000,PKR
OI001394-03,O001394,P0090,1,1680,1680,PKR
OI001394-04,O001394,P0100,1,855,855,PKR
OI001395-01,O001395,P0003,1,1000,1000,PKR
OI001395-02,O001395,P0061,2,275,550,PKR
OI001396-01,O001396,P0014,1,1895,1895,PKR
OI001397-01,O001397,P0106,1,1080,1080,PKR
OI001397-02,O001397,P0045,1,910,910,PKR
OI001397-03,O001397,P0111,1,1265,1265,PKR
OI001397-04,O001397,P0054,1,620,620,PKR
OI001397-05,O001397,P0016,4,1700,6800,PKR
OI001398-01,O001398,P0067,1,1215,1215,PKR
OI001398-02,O001398,P0058,1,1715,1715,PKR
OI001398-03,O001398,P0038,1,475,475,PKR
OI001399-01,O001399,P0007,1,425,425,PKR
OI001399-02,O001399,P0089,2,225,450,PKR
OI001400-01,O001400,P0085,1,270,270,PKR
OI001401-01,O001401,P0089,2,225,450,PKR
OI001401-02,O001401,P0017,2,1755,3510,PKR
OI001401-03,O001401,P0057,1,1425,1425,PKR
OI001401-04,O001401,P0082,1,1025,1025,PKR
OI001402-01,O001402,P0106,1,1080,1080,PKR
OI001402-02,O001402,P0057,2,1425,2850,PKR
OI001402-03,O001402,P0100,2,855,1710,PKR
OI001402-04,O001402,P0050,1,810,810,PKR
OI001403-01,O001403,P0120,3,760,2280,PKR
OI001404-01,O001404,P0118,1,1270,1270,PKR
OI001404-02,O001404,P0083,2,720,1440,PKR
OI001404-03,O001404,P0080,1,2175,2175,PKR
OI001405-01,O001405,P0066,1,785,785,PKR
OI001406-01,O001406,P0056,1,385,385,PKR
OI001406-02,O001406,P0096,1,1660,1660,PKR
OI001407-01,O001407,P0023,1,1745,1745,PKR
OI001407-02,O001407,P0024,2,235,470,PKR
OI001407-03,O001407,P0051,2,200,400,PKR
OI001407-04,O001407,P0074,1,600,600,PKR
OI001408-01,O001408,P0039,1,920,920,PKR
OI001408-02,O001408,P0111,1,1265,1265,PKR
OI001408-03,O001408,P0003,4,1000,4000,PKR
OI001409-01,O001409,P0028,1,1930,1930,PKR
OI001410-01,O001410,P0042,1,1400,1400,PKR
OI001410-02,O001410,P0090,3,1680,5040,PKR
OI001411-01,O001411,P0026,2,755,1510,PKR
OI001412-01,O001412,P0065,2,840,1680,PKR
OI001412-02,O001412,P0084,1,1260,1260,PKR
OI001412-03,O001412,P0105,1,1155,1155,PKR
OI001413-01,O001413,P0033,2,1475,2950,PKR
OI001413-02,O001413,P0120,1,760,760,PKR
OI001414-01,O001414,P0087,1,1090,1090,PKR
OI001414-02,O001414,P0008,2,1530,3060,PKR
OI001414-03,O001414,P0091,1,490,490,PKR
OI001415-01,O001415,P0004,1,1410,1410,PKR
OI001416-01,O001416,P0082,1,1025,1025,PKR
OI001416-02,O001416,P0097,1,1730,1730,PKR
OI001417-01,O001417,P0066,1,785,785,PKR
OI001417-02,O001417,P0006,2,750,1500,PKR
OI001417-03,O001417,P0096,3,1660,4980,PKR
OI001417-04,O001417,P0048,1,1495,1495,PKR
OI001417-05,O001417,P0045,1,910,910,PKR
OI001418-01,O001418,P0107,1,1020,1020,PKR
OI001418-02,O001418,P0026,2,755,1510,PKR
OI001419-01,O001419,P0105,1,1155,1155,PKR
OI001420-01,O001420,P0027,1,1980,1980,PKR
OI001420-02,O001420,P0069,3,530,1590,PKR
OI001420-03,O001420,P0023,1,1745,1745,PKR
OI001421-01,O001421,P0062,1,1690,1690,PKR
OI001421-02,O001421,P0057,2,1425,2850,PKR
OI001421-03,O001421,P0054,2,620,1240,PKR
OI001421-04,O001421,P0084,2,1260,2520,PKR
OI001422-01,O001422,P0008,3,1530,4590,PKR
OI001423-01,O001423,P0022,2,1255,2510,PKR
OI001424-01,O001424,P0080,2,2175,4350,PKR
OI001424-02,O001424,P0112,1,385,385,PKR
OI001425-01,O001425,P0052,1,250,250,PKR
OI001425-02,O001425,P0048,1,1495,1495,PKR
OI001425-03,O001425,P0029,2,895,1790,PKR
OI001426-01,O001426,P0043,1,1190,1190,PKR
OI001426-02,O001426,P0024,1,235,235,PKR
OI001427-01,O001427,P0105,2,1155,2310,PKR
OI001428-01,O001428,P0111,1,1265,1265,PKR
OI001428-02,O001428,P0084,2,1260,2520,PKR
OI001428-03,O001428,P0067,1,1215,1215,PKR
OI001428-04,O001428,P0042,1,1400,1400,PKR
OI001428-05,O001428,P0118,1,1270,1270,PKR
OI001429-01,O001429,P0053,2,2210,4420,PKR
OI001429-02,O001429,P0108,1,935,935,PKR
OI001429-03,O001429,P0110,1,545,545,PKR
OI001430-01,O001430,P0032,1,585,585,PKR
OI001430-02,O001430,P0094,3,130,390,PKR
OI001430-03,O001430,P0076,1,1635,1635,PKR
OI001431-01,O001431,P0045,3,910,2730,PKR
OI001432-01,O001432,P0032,2,585,1170,PKR
OI001432-02,O001432,P0022,2,1255,2510,PKR
OI001433-01,O001433,P0040,2,1090,2180,PKR
OI001433-02,O001433,P0114,2,1530,3060,PKR
OI001433-03,O001433,P0097,1,1730,1730,PKR
OI001434-01,O001434,P0061,1,275,275,PKR
OI001434-02,O001434,P0049,1,215,215,PKR
OI001435-01,O001435,P0088,1,780,780,PKR
OI001435-02,O001435,P0043,1,1190,1190,PKR
OI001436-01,O001436,P0063,1,1685,1685,PKR
OI001436-02,O001436,P0048,1,1495,1495,PKR
OI001436-03,O001436,P0054,2,620,1240,PKR
OI001437-01,O001437,P0052,1,250,250,PKR
OI001437-02,O001437,P0060,1,230,230,PKR
OI001438-01,O001438,P0070,2,1560,3120,PKR
OI001438-02,O001438,P0095,1,890,890,PKR
OI001439-01,O001439,P0048,2,1495,2990,PKR
OI001439-02,O001439,P0006,2,750,1500,PKR
OI001440-01,O001440,P0071,2,850,1700,PKR
OI001440-02,O001440,P0026,1,755,755,PKR
OI001440-03,O001440,P0019,2,1470,2940,PKR
OI001440-04,O001440,P0025,1,290,290,PKR
OI001441-01,O001441,P0108,1,935,935,PKR
OI001442-01,O001442,P0036,1,595,595,PKR
OI001442-02,O001442,P0007,1,425,425,PKR
OI001443-01,O001443,P0120,1,760,760,PKR
OI001443-02,O001443,P0066,1,785,785,PKR
OI001443-03,O001443,P0062,1,1690,1690,PKR
OI001443-04,O001443,P0071,1,850,850,PKR
OI001444-01,O001444,P0007,1,425,425,PKR
OI001444-02,O001444,P0021,1,1595,1595,PKR
OI001445-01,O001445,P0089,1,225,225,PKR
OI001445-02,O001445,P0038,2,475,950,PKR
OI001445-03,O001445,P0002,1,265,265,PKR
OI001446-01,O001446,P0117,2,720,1440,PKR
OI001447-01,O001447,P0006,1,750,750,PKR
OI001448-01,O001448,P0056,1,385,385,PKR
OI001448-02,O001448,P0073,3,225,675,PKR
OI001448-03,O001448,P0062,1,1690,1690,PKR
OI001449-01,O001449,P0117,1,720,720,PKR
OI001449-02,O001449,P0037,1,180,180,PKR
OI001449-03,O001449,P0085,1,270,270,PKR
OI001449-04,O001449,P0052,1,250,250,PKR
OI001450-01,O001450,P0076,1,1635,1635,PKR
OI001450-02,O001450,P0033,1,1475,1475,PKR
OI001451-01,O001451,P0042,1,1400,1400,PKR
OI001452-01,O001452,P0051,2,200,400,PKR
OI001452-02,O001452,P0068,2,550,1100,PKR
OI001452-03,O001452,P0106,1,1080,1080,PKR
OI001453-01,O001453,P0059,4,600,2400,PKR
OI001453-02,O001453,P0057,1,1425,1425,PKR
OI001454-01,O001454,P0042,1,1400,1400,PKR
OI001454-02,O001454,P0047,1,1540,1540,PKR
OI001455-01,O001455,P0036,1,595,595,PKR
OI001455-02,O001455,P0062,3,1690,5070,PKR
OI001456-01,O001456,P0082,3,1025,3075,PKR
OI001457-01,O001457,P0107,3,1020,3060,PKR
OI001457-02,O001457,P0018,2,1305,2610,PKR
OI001457-03,O001457,P0045,1,910,910,PKR
OI001458-01,O001458,P0039,2,920,1840,PKR
OI001458-02,O001458,P0066,1,785,785,PKR
OI001459-01,O001459,P0030,2,220,440,PKR
OI001459-02,O001459,P0029,3,895,2685,PKR
OI001459-03,O001459,P0031,1,730,730,PKR
OI001460-01,O001460,P0110,1,545,545,PKR
OI001460-02,O001460,P0056,1,385,385,PKR
OI001460-03,O001460,P0068,1,550,550,PKR
OI001460-04,O001460,P0109,1,260,260,PKR
OI001460-05,O001460,P0004,2,1410,2820,PKR
OI001461-01,O001461,P0025,2,290,580,PKR
OI001462-01,O001462,P0049,1,215,215,PKR
OI001462-02,O001462,P0061,1,275,275,PKR
OI001463-01,O001463,P0008,2,1530,3060,PKR
OI001463-02,O001463,P0013,1,1805,1805,PKR
OI001464-01,O001464,P0099,1,970,970,PKR
OI001464-02,O001464,P0012,1,155,155,PKR
OI001465-01,O001465,P0107,1,1020,1020,PKR
OI001465-02,O001465,P0044,1,1840,1840,PKR
OI001466-01,O001466,P0033,2,1475,2950,PKR
OI001467-01,O001467,P0109,4,260,1040,PKR
OI001467-02,O001467,P0105,2,1155,2310,PKR
OI001468-01,O001468,P0043,3,1190,3570,PKR
OI001468-02,O001468,P0118,1,1270,1270,PKR
OI001468-03,O001468,P0075,3,645,1935,PKR
OI001469-01,O001469,P0058,2,1715,3430,PKR
OI001469-02,O001469,P0037,1,180,180,PKR
OI001470-01,O001470,P0038,1,475,475,PKR
OI001471-01,O001471,P0005,1,1405,1405,PKR
OI001472-01,O001472,P0029,3,895,2685,PKR
OI001472-02,O001472,P0066,2,785,1570,PKR
OI001472-03,O001472,P0088,1,780,780,PKR
OI001473-01,O001473,P0069,4,530,2120,PKR
OI001473-02,O001473,P0109,1,260,260,PKR
OI001474-01,O001474,P0030,1,220,220,PKR
OI001474-02,O001474,P0008,2,1530,3060,PKR
OI001474-03,O001474,P0076,1,1635,1635,PKR
OI001475-01,O001475,P0013,1,1805,1805,PKR
OI001475-02,O001475,P0097,1,1730,1730,PKR
OI001475-03,O001475,P0112,1,385,385,PKR
OI001475-04,O001475,P0045,1,910,910,PKR
OI001475-05,O001475,P0058,1,1715,1715,PKR
OI001476-01,O001476,P0112,1,385,385,PKR
OI001476-02,O001476,P0111,1,1265,1265,PKR
OI001476-03,O001476,P0067,1,1215,1215,PKR
OI001477-01,O001477,P0090,3,1680,5040,PKR
OI001478-01,O001478,P0003,1,1000,1000,PKR
OI001478-02,O001478,P0067,2,1215,2430,PKR
OI001479-01,O001479,P0004,1,1410,1410,PKR
OI001479-02,O001479,P0033,1,1475,1475,PKR
OI001479-03,O001479,P0019,3,1470,4410,PKR
OI001479-04,O001479,P0006,1,750,750,PKR
OI001479-05,O001479,P0062,1,1690,1690,PKR
OI001480-01,O001480,P0111,1,1265,1265,PKR
OI001480-02,O001480,P0109,2,260,520,PKR
OI001481-01,O001481,P0113,2,1250,2500,PKR
OI001482-01,O001482,P0042,2,1400,2800,PKR
OI001482-02,O001482,P0031,3,730,2190,PKR
OI001483-01,O001483,P0005,1,1405,1405,PKR
OI001483-02,O001483,P0067,1,1215,1215,PKR
OI001484-01,O001484,P0108,1,935,935,PKR
OI001484-02,O001484,P0015,1,895,895,PKR
OI001484-03,O001484,P0087,1,1090,1090,PKR
OI001484-04,O001484,P0110,1,545,545,PKR
OI001485-01,O001485,P0062,1,1690,1690,PKR
OI001486-01,O001486,P0032,1,585,585,PKR
OI001487-01,O001487,P0058,1,1715,1715,PKR
OI001487-02,O001487,P0050,1,810,810,PKR
OI001488-01,O001488,P0001,1,660,660,PKR
OI001488-02,O001488,P0068,1,550,550,PKR
OI001488-03,O001488,P0014,1,1895,1895,PKR
OI001489-01,O001489,P0093,3,1805,5415,PKR
OI001489-02,O001489,P0094,2,130,260,PKR
OI001490-01,O001490,P0053,1,2210,2210,PKR
OI001490-02,O001490,P0062,1,1690,1690,PKR
OI001491-01,O001491,P0071,2,850,1700,PKR
OI001492-01,O001492,P0073,2,225,450,PKR
OI001492-02,O001492,P0071,2,850,1700,PKR
OI001493-01,O001493,P0016,1,1700,1700,PKR
OI001493-02,O001493,P0113,2,1250,2500,PKR
OI001494-01,O001494,P0075,1,645,645,PKR
OI001494-02,O001494,P0117,1,720,720,PKR
OI001494-03,O001494,P0022,1,1255,1255,PKR
OI001494-04,O001494,P0059,1,600,600,PKR
OI001495-01,O001495,P0092,3,955,2865,PKR
OI001495-02,O001495,P0105,1,1155,1155,PKR
OI001495-03,O001495,P0043,1,1190,1190,PKR
OI001495-04,O001495,P0116,2,815,1630,PKR
OI001496-01,O001496,P0017,1,1755,1755,PKR
OI001497-01,O001497,P0113,1,1250,1250,PKR
OI001497-02,O001497,P0011,2,1805,3610,PKR
OI001498-01,O001498,P0068,1,550,550,PKR
OI001498-02,O001498,P0088,1,780,780,PKR
OI001499-01,O001499,P0025,2,290,580,PKR
OI001499-02,O001499,P0009,1,985,985,PKR
OI001500-01,O001500,P0095,1,890,890,PKR
OI001500-02,O001500,P0087,3,1090,3270,PKR
OI001501-01,O001501,P0118,2,1270,2540,PKR
OI001501-02,O001501,P0049,2,215,430,PKR
OI001502-01,O001502,P0055,2,1405,2810,PKR
OI001502-02,O001502,P0091,4,490,1960,PKR
OI001502-03,O001502,P0032,2,585,1170,PKR
OI001503-01,O001503,P0005,1,1405,1405,PKR
OI001503-02,O001503,P0084,1,1260,1260,PKR
OI001503-03,O001503,P0045,2,910,1820,PKR
OI001503-04,O001503,P0118,1,1270,1270,PKR
OI001504-01,O001504,P0101,2,185,370,PKR
OI001505-01,O001505,P0075,1,645,645,PKR
OI001506-01,O001506,P0067,1,1215,1215,PKR
OI001506-02,O001506,P0047,1,1540,1540,PKR
OI001506-03,O001506,P0083,2,720,1440,PKR
OI001507-01,O001507,P0058,1,1715,1715,PKR
OI001507-02,O001507,P0080,1,2175,2175,PKR
OI001508-01,O001508,P0084,2,1260,2520,PKR
OI001508-02,O001508,P0010,1,375,375,PKR
OI001509-01,O001509,P0061,1,275,275,PKR
OI001509-02,O001509,P0105,1,1155,1155,PKR
OI001509-03,O001509,P0100,1,855,855,PKR
OI001510-01,O001510,P0045,3,910,2730,PKR
OI001510-02,O001510,P0050,3,810,2430,PKR
OI001511-01,O001511,P0005,2,1405,2810,PKR
OI001511-02,O001511,P0018,1,1305,1305,PKR
OI001511-03,O001511,P0050,2,810,1620,PKR
OI001512-01,O001512,P0108,1,935,935,PKR
OI001512-02,O001512,P0107,3,1020,3060,PKR
OI001512-03,O001512,P0024,1,235,235,PKR
OI001513-01,O001513,P0079,1,850,850,PKR
OI001513-02,O001513,P0106,2,1080,2160,PKR
OI001513-03,O001513,P0069,1,530,530,PKR
OI001514-01,O001514,P0049,2,215,430,PKR
OI001514-02,O001514,P0071,2,850,1700,PKR
OI001515-01,O001515,P0091,1,490,490,PKR
OI001515-02,O001515,P0071,2,850,1700,PKR
OI001516-01,O001516,P0043,3,1190,3570,PKR
OI001517-01,O001517,P0059,1,600,600,PKR
OI001518-01,O001518,P0113,1,1250,1250,PKR
OI001518-02,O001518,P0014,1,1895,1895,PKR
OI001518-03,O001518,P0061,1,275,275,PKR
OI001518-04,O001518,P0100,1,855,855,PKR
OI001518-05,O001518,P0111,1,1265,1265,PKR
OI001519-01,O001519,P0033,2,1475,2950,PKR
OI001519-02,O001519,P0059,1,600,600,PKR
OI001519-03,O001519,P0089,1,225,225,PKR
OI001520-01,O001520,P0009,1,985,985,PKR
OI001520-02,O001520,P0117,2,720,1440,PKR
OI001521-01,O001521,P0103,2,1075,2150,PKR
OI001522-01,O001522,P0057,2,1425,2850,PKR
OI001522-02,O001522,P0025,2,290,580,PKR
OI001522-03,O001522,P0061,1,275,275,PKR
OI001522-04,O001522,P0036,1,595,595,PKR
OI001523-01,O001523,P0108,1,935,935,PKR
OI001523-02,O001523,P0047,1,1540,1540,PKR
OI001523-03,O001523,P0005,2,1405,2810,PKR
OI001524-01,O001524,P0076,3,1635,4905,PKR
OI001525-01,O001525,P0035,1,380,380,PKR
OI001525-02,O001525,P0073,1,225,225,PKR
OI001525-03,O001525,P0021,1,1595,1595,PKR
OI001525-04,O001525,P0037,1,180,180,PKR
OI001526-01,O001526,P0049,1,215,215,PKR
OI001526-02,O001526,P0107,1,1020,1020,PKR
OI001526-03,O001526,P0082,2,1025,2050,PKR
OI001527-01,O001527,P0033,2,1475,2950,PKR
OI001528-01,O001528,P0017,1,1755,1755,PKR
OI001528-02,O001528,P0050,1,810,810,PKR
OI001528-03,O001528,P0033,4,1475,5900,PKR
OI001529-01,O001529,P0013,2,1805,3610,PKR
OI001529-02,O001529,P0071,2,850,1700,PKR
OI001529-03,O001529,P0070,2,1560,3120,PKR
OI001530-01,O001530,P0049,1,215,215,PKR
OI001530-02,O001530,P0074,1,600,600,PKR
OI001530-03,O001530,P0037,1,180,180,PKR
OI001531-01,O001531,P0007,1,425,425,PKR
OI001531-02,O001531,P0021,1,1595,1595,PKR
OI001531-03,O001531,P0066,1,785,785,PKR
OI001531-04,O001531,P0056,1,385,385,PKR
OI001532-01,O001532,P0077,1,595,595,PKR
OI001532-02,O001532,P0117,1,720,720,PKR
OI001532-03,O001532,P0089,4,225,900,PKR
OI001532-04,O001532,P0012,1,155,155,PKR
OI001533-01,O001533,P0068,2,550,1100,PKR
OI001534-01,O001534,P0053,2,2210,4420,PKR
OI001534-02,O001534,P0029,2,895,1790,PKR
OI001534-03,O001534,P0111,1,1265,1265,PKR
OI001534-04,O001534,P0002,1,265,265,PKR
OI001534-05,O001534,P0034,1,140,140,PKR
OI001535-01,O001535,P0072,2,1075,2150,PKR
OI001535-02,O001535,P0053,1,2210,2210,PKR
OI001535-03,O001535,P0065,2,840,1680,PKR
OI001535-04,O001535,P0120,3,760,2280,PKR
OI001536-01,O001536,P0009,1,985,985,PKR
OI001537-01,O001537,P0075,1,645,645,PKR
OI001538-01,O001538,P0039,1,920,920,PKR
OI001538-02,O001538,P0120,2,760,1520,PKR
OI001539-01,O001539,P0067,3,1215,3645,PKR
OI001540-01,O001540,P0006,1,750,750,PKR
OI001540-02,O001540,P0039,1,920,920,PKR
OI001541-01,O001541,P0118,2,1270,2540,PKR
OI001542-01,O001542,P0062,1,1690,1690,PKR
OI001542-02,O001542,P0044,1,1840,1840,PKR
OI001543-01,O001543,P0008,2,1530,3060,PKR
OI001543-02,O001543,P0099,1,970,970,PKR
OI001543-03,O001543,P0056,2,385,770,PKR
OI001543-04,O001543,P0106,1,1080,1080,PKR
OI001543-05,O001543,P0034,2,140,280,PKR
OI001544-01,O001544,P0101,1,185,185,PKR
OI001544-02,O001544,P0024,1,235,235,PKR
OI001545-01,O001545,P0040,1,1090,1090,PKR
OI001545-02,O001545,P0033,1,1475,1475,PKR
OI001545-03,O001545,P0046,2,205,410,PKR
OI001546-01,O001546,P0014,1,1895,1895,PKR
OI001546-02,O001546,P0071,3,850,2550,PKR
OI001546-03,O001546,P0045,1,910,910,PKR
OI001546-04,O001546,P0048,1,1495,1495,PKR
OI001547-01,O001547,P0077,1,595,595,PKR
OI001547-02,O001547,P0015,2,895,1790,PKR
OI001547-03,O001547,P0042,1,1400,1400,PKR
OI001548-01,O001548,P0064,2,1700,3400,PKR
OI001548-02,O001548,P0009,2,985,1970,PKR
OI001548-03,O001548,P0096,2,1660,3320,PKR
OI001549-01,O001549,P0010,1,375,375,PKR
OI001549-02,O001549,P0046,1,205,205,PKR
OI001549-03,O001549,P0066,1,785,785,PKR
OI001549-04,O001549,P0014,1,1895,1895,PKR
OI001550-01,O001550,P0119,1,550,550,PKR
OI001550-02,O001550,P0009,1,985,985,PKR
OI001551-01,O001551,P0061,1,275,275,PKR
OI001552-01,O001552,P0004,1,1410,1410,PKR
OI001552-02,O001552,P0116,1,815,815,PKR
OI001552-03,O001552,P0106,1,1080,1080,PKR
OI001553-01,O001553,P0095,1,890,890,PKR
OI001553-02,O001553,P0014,3,1895,5685,PKR
OI001554-01,O001554,P0045,2,910,1820,PKR
OI001554-02,O001554,P0119,1,550,550,PKR
OI001555-01,O001555,P0114,1,1530,1530,PKR
OI001556-01,O001556,P0017,1,1755,1755,PKR
OI001556-02,O001556,P0063,1,1685,1685,PKR
OI001556-03,O001556,P0099,3,970,2910,PKR
OI001557-01,O001557,P0037,1,180,180,PKR
OI001557-02,O001557,P0019,1,1470,1470,PKR
OI001557-03,O001557,P0021,1,1595,1595,PKR
OI001557-04,O001557,P0014,2,1895,3790,PKR
OI001558-01,O001558,P0073,2,225,450,PKR
OI001558-02,O001558,P0017,1,1755,1755,PKR
OI001559-01,O001559,P0084,1,1260,1260,PKR
OI001559-02,O001559,P0004,2,1410,2820,PKR
OI001559-03,O001559,P0026,2,755,1510,PKR
OI001560-01,O001560,P0048,2,1495,2990,PKR
OI001560-02,O001560,P0063,2,1685,3370,PKR
OI001560-03,O001560,P0099,1,970,970,PKR
OI001560-04,O001560,P0108,2,935,1870,PKR
OI001560-05,O001560,P0092,1,955,955,PKR
OI001561-01,O001561,P0036,2,595,1190,PKR
OI001561-02,O001561,P0007,2,425,850,PKR
OI001562-01,O001562,P0116,2,815,1630,PKR
OI001562-02,O001562,P0110,1,545,545,PKR
OI001562-03,O001562,P0085,1,270,270,PKR
OI001563-01,O001563,P0092,2,955,1910,PKR
OI001563-02,O001563,P0016,1,1700,1700,PKR
OI001563-03,O001563,P0086,2,850,1700,PKR
OI001564-01,O001564,P0064,1,1700,1700,PKR
OI001564-02,O001564,P0010,1,375,375,PKR
OI001564-03,O001564,P0109,1,260,260,PKR
OI001565-01,O001565,P0082,1,1025,1025,PKR
OI001566-01,O001566,P0071,1,850,850,PKR
OI001566-02,O001566,P0037,1,180,180,PKR
OI001567-01,O001567,P0001,2,660,1320,PKR
OI001567-02,O001567,P0110,1,545,545,PKR
OI001567-03,O001567,P0005,2,1405,2810,PKR
OI001568-01,O001568,P0063,1,1685,1685,PKR
OI001568-02,O001568,P0048,2,1495,2990,PKR
OI001569-01,O001569,P0017,1,1755,1755,PKR
OI001570-01,O001570,P0033,1,1475,1475,PKR
OI001570-02,O001570,P0065,1,840,840,PKR
OI001570-03,O001570,P0075,1,645,645,PKR
OI001571-01,O001571,P0066,1,785,785,PKR
OI001572-01,O001572,P0026,3,755,2265,PKR
OI001573-01,O001573,P0090,1,1680,1680,PKR
OI001573-02,O001573,P0060,1,230,230,PKR
OI001574-01,O001574,P0031,1,730,730,PKR
OI001575-01,O001575,P0013,1,1805,1805,PKR
OI001575-02,O001575,P0078,1,385,385,PKR
OI001575-03,O001575,P0019,1,1470,1470,PKR
OI001576-01,O001576,P0038,4,475,1900,PKR
OI001576-02,O001576,P0105,3,1155,3465,PKR
OI001576-03,O001576,P0027,1,1980,1980,PKR
OI001577-01,O001577,P0074,2,600,1200,PKR
OI001578-01,O001578,P0064,1,1700,1700,PKR
OI001578-02,O001578,P0042,1,1400,1400,PKR
OI001579-01,O001579,P0069,2,530,1060,PKR
OI001580-01,O001580,P0084,2,1260,2520,PKR
OI001580-02,O001580,P0001,1,660,660,PKR
OI001580-03,O001580,P0058,2,1715,3430,PKR
OI001581-01,O001581,P0006,1,750,750,PKR
OI001581-02,O001581,P0054,2,620,1240,PKR
OI001581-03,O001581,P0106,3,1080,3240,PKR
OI001582-01,O001582,P0010,2,375,750,PKR
OI001582-02,O001582,P0034,1,140,140,PKR
OI001583-01,O001583,P0074,2,600,1200,PKR
OI001583-02,O001583,P0041,3,385,1155,PKR
OI001584-01,O001584,P0118,1,1270,1270,PKR
OI001584-02,O001584,P0037,3,180,540,PKR
OI001584-03,O001584,P0043,3,1190,3570,PKR
OI001585-01,O001585,P0030,3,220,660,PKR
OI001586-01,O001586,P0071,4,850,3400,PKR
OI001586-02,O001586,P0118,1,1270,1270,PKR
OI001586-03,O001586,P0034,1,140,140,PKR
OI001587-01,O001587,P0109,1,260,260,PKR
OI001587-02,O001587,P0110,4,545,2180,PKR
OI001588-01,O001588,P0007,2,425,850,PKR
OI001589-01,O001589,P0103,1,1075,1075,PKR
OI001590-01,O001590,P0076,2,1635,3270,PKR
OI001590-02,O001590,P0001,3,660,1980,PKR
OI001590-03,O001590,P0073,1,225,225,PKR
OI001591-01,O001591,P0073,1,225,225,PKR
OI001592-01,O001592,P0115,1,1790,1790,PKR
OI001592-02,O001592,P0001,1,660,660,PKR
OI001592-03,O001592,P0030,2,220,440,PKR
OI001592-04,O001592,P0050,2,810,1620,PKR
OI001592-05,O001592,P0072,1,1075,1075,PKR
OI001593-01,O001593,P0015,3,895,2685,PKR
OI001593-02,O001593,P0031,1,730,730,PKR
OI001594-01,O001594,P0115,3,1790,5370,PKR
OI001594-02,O001594,P0078,1,385,385,PKR
OI001594-03,O001594,P0084,1,1260,1260,PKR
OI001595-01,O001595,P0108,2,935,1870,PKR
OI001595-02,O001595,P0031,1,730,730,PKR
OI001595-03,O001595,P0059,1,600,600,PKR
OI001596-01,O001596,P0035,3,380,1140,PKR
OI001596-02,O001596,P0028,2,1930,3860,PKR
OI001596-03,O001596,P0085,1,270,270,PKR
OI001596-04,O001596,P0103,1,1075,1075,PKR
OI001597-01,O001597,P0009,2,985,1970,PKR
OI001597-02,O001597,P0021,1,1595,1595,PKR
OI001597-03,O001597,P0070,1,1560,1560,PKR
OI001597-04,O001597,P0096,1,1660,1660,PKR
OI001598-01,O001598,P0033,2,1475,2950,PKR
OI001598-02,O001598,P0004,1,1410,1410,PKR
OI001598-03,O001598,P0093,1,1805,1805,PKR
OI001599-01,O001599,P0065,1,840,840,PKR
OI001600-01,O001600,P0024,2,235,470,PKR
OI001600-02,O001600,P0116,1,815,815,PKR
OI001600-03,O001600,P0033,1,1475,1475,PKR
OI001601-01,O001601,P0034,2,140,280,PKR
OI001601-02,O001601,P0011,2,1805,3610,PKR
OI001602-01,O001602,P0014,1,1895,1895,PKR
OI001602-02,O001602,P0062,1,1690,1690,PKR
OI001603-01,O001603,P0119,1,550,550,PKR
OI001603-02,O001603,P0112,4,385,1540,PKR
OI001604-01,O001604,P0104,2,1645,3290,PKR
OI001604-02,O001604,P0114,1,1530,1530,PKR
OI001605-01,O001605,P0011,1,1805,1805,PKR
OI001605-02,O001605,P0021,2,1595,3190,PKR
OI001605-03,O001605,P0064,1,1700,1700,PKR
OI001606-01,O001606,P0027,1,1980,1980,PKR
OI001606-02,O001606,P0025,1,290,290,PKR
OI001606-03,O001606,P0054,2,620,1240,PKR
OI001607-01,O001607,P0007,1,425,425,PKR
OI001607-02,O001607,P0072,1,1075,1075,PKR
OI001607-03,O001607,P0040,2,1090,2180,PKR
OI001608-01,O001608,P0113,2,1250,2500,PKR
OI001608-02,O001608,P0005,1,1405,1405,PKR
OI001608-03,O001608,P0103,1,1075,1075,PKR
OI001608-04,O001608,P0061,1,275,275,PKR
OI001609-01,O001609,P0075,1,645,645,PKR
OI001609-02,O001609,P0033,1,1475,1475,PKR
OI001610-01,O001610,P0045,2,910,1820,PKR
OI001610-02,O001610,P0056,1,385,385,PKR
OI001611-01,O001611,P0069,1,530,530,PKR
OI001611-02,O001611,P0042,1,1400,1400,PKR
OI001612-01,O001612,P0088,2,780,1560,PKR
OI001613-01,O001613,P0098,1,1885,1885,PKR
OI001613-02,O001613,P0079,2,850,1700,PKR
OI001614-01,O001614,P0091,2,490,980,PKR
OI001614-02,O001614,P0036,4,595,2380,PKR
OI001615-01,O001615,P0110,1,545,545,PKR
OI001615-02,O001615,P0017,1,1755,1755,PKR
OI001615-03,O001615,P0012,1,155,155,PKR
OI001616-01,O001616,P0023,2,1745,3490,PKR
OI001616-02,O001616,P0029,1,895,895,PKR
OI001616-03,O001616,P0089,1,225,225,PKR
OI001617-01,O001617,P0032,2,585,1170,PKR
OI001617-02,O001617,P0013,1,1805,1805,PKR
OI001617-03,O001617,P0020,1,325,325,PKR
OI001618-01,O001618,P0042,1,1400,1400,PKR
OI001619-01,O001619,P0054,1,620,620,PKR
OI001619-02,O001619,P0053,2,2210,4420,PKR
OI001619-03,O001619,P0101,3,185,555,PKR
OI001619-04,O001619,P0118,1,1270,1270,PKR
OI001619-05,O001619,P0099,2,970,1940,PKR
OI001620-01,O001620,P0024,1,235,235,PKR
OI001620-02,O001620,P0013,1,1805,1805,PKR
OI001620-03,O001620,P0063,1,1685,1685,PKR
OI001621-01,O001621,P0019,1,1470,1470,PKR
OI001621-02,O001621,P0001,1,660,660,PKR
OI001621-03,O001621,P0093,1,1805,1805,PKR
OI001622-01,O001622,P0109,2,260,520,PKR
OI001622-02,O001622,P0080,1,2175,2175,PKR
OI001622-03,O001622,P0014,3,1895,5685,PKR
OI001623-01,O001623,P0118,1,1270,1270,PKR
OI001623-02,O001623,P0081,1,1110,1110,PKR
OI001624-01,O001624,P0004,2,1410,2820,PKR
OI001625-01,O001625,P0051,1,200,200,PKR
OI001625-02,O001625,P0060,2,230,460,PKR
OI001626-01,O001626,P0063,4,1685,6740,PKR
OI001626-02,O001626,P0053,2,2210,4420,PKR
OI001626-03,O001626,P0096,1,1660,1660,PKR
OI001627-01,O001627,P0067,2,1215,2430,PKR
OI001627-02,O001627,P0063,2,1685,3370,PKR
OI001627-03,O001627,P0031,2,730,1460,PKR
OI001627-04,O001627,P0108,3,935,2805,PKR
OI001627-05,O001627,P0094,3,130,390,PKR
OI001628-01,O001628,P0039,1,920,920,PKR
OI001628-02,O001628,P0012,2,155,310,PKR
OI001628-03,O001628,P0048,2,1495,2990,PKR
OI001629-01,O001629,P0038,1,475,475,PKR
OI001630-01,O001630,P0112,1,385,385,PKR
OI001630-02,O001630,P0106,4,1080,4320,PKR
OI001631-01,O001631,P0010,1,375,375,PKR
OI001632-01,O001632,P0117,3,720,2160,PKR
OI001632-02,O001632,P0090,1,1680,1680,PKR
OI001632-03,O001632,P0072,2,1075,2150,PKR
OI001633-01,O001633,P0064,1,1700,1700,PKR
OI001633-02,O001633,P0039,2,920,1840,PKR
OI001634-01,O001634,P0106,1,1080,1080,PKR
OI001634-02,O001634,P0104,1,1645,1645,PKR
OI001634-03,O001634,P0056,1,385,385,PKR
OI001635-01,O001635,P0109,1,260,260,PKR
OI001636-01,O001636,P0115,2,1790,3580,PKR
OI001636-02,O001636,P0095,1,890,890,PKR
OI001636-03,O001636,P0117,1,720,720,PKR
OI001636-04,O001636,P0013,1,1805,1805,PKR
OI001637-01,O001637,P0029,1,895,895,PKR
OI001638-01,O001638,P0059,3,600,1800,PKR
OI001638-02,O001638,P0112,1,385,385,PKR
OI001638-03,O001638,P0077,2,595,1190,PKR
OI001638-04,O001638,P0027,1,1980,1980,PKR
OI001639-01,O001639,P0092,1,955,955,PKR
OI001639-02,O001639,P0115,2,1790,3580,PKR
OI001639-03,O001639,P0069,1,530,530,PKR
OI001640-01,O001640,P0087,1,1090,1090,PKR
OI001640-02,O001640,P0056,1,385,385,PKR
OI001640-03,O001640,P0116,1,815,815,PKR
OI001641-01,O001641,P0111,1,1265,1265,PKR
OI001642-01,O001642,P0002,3,265,795,PKR
OI001642-02,O001642,P0080,1,2175,2175,PKR
OI001642-03,O001642,P0119,1,550,550,PKR
OI001642-04,O001642,P0063,2,1685,3370,PKR
OI001643-01,O001643,P0025,2,290,580,PKR
OI001643-02,O001643,P0115,1,1790,1790,PKR
OI001643-03,O001643,P0056,4,385,1540,PKR
OI001643-04,O001643,P0113,3,1250,3750,PKR
OI001644-01,O001644,P0110,1,545,545,PKR
OI001644-02,O001644,P0085,1,270,270,PKR
OI001644-03,O001644,P0061,1,275,275,PKR
OI001645-01,O001645,P0011,1,1805,1805,PKR
OI001645-02,O001645,P0113,2,1250,2500,PKR
OI001645-03,O001645,P0029,2,895,1790,PKR
OI001645-04,O001645,P0019,1,1470,1470,PKR
OI001646-01,O001646,P0037,1,180,180,PKR
OI001646-02,O001646,P0007,3,425,1275,PKR
OI001646-03,O001646,P0084,1,1260,1260,PKR
OI001646-04,O001646,P0091,2,490,980,PKR
OI001647-01,O001647,P0102,3,555,1665,PKR
OI001647-02,O001647,P0006,2,750,1500,PKR
OI001647-03,O001647,P0048,2,1495,2990,PKR
OI001648-01,O001648,P0038,1,475,475,PKR
OI001648-02,O001648,P0036,1,595,595,PKR
OI001649-01,O001649,P0072,1,1075,1075,PKR
OI001649-02,O001649,P0031,2,730,1460,PKR
OI001650-01,O001650,P0075,1,645,645,PKR
OI001651-01,O001651,P0118,1,1270,1270,PKR
OI001651-02,O001651,P0033,1,1475,1475,PKR
OI001652-01,O001652,P0084,2,1260,2520,PKR
OI001652-02,O001652,P0075,2,645,1290,PKR
OI001653-01,O001653,P0026,1,755,755,PKR
OI001653-02,O001653,P0071,1,850,850,PKR
OI001653-03,O001653,P0109,1,260,260,PKR
OI001653-04,O001653,P0116,3,815,2445,PKR
OI001653-05,O001653,P0094,2,130,260,PKR
OI001654-01,O001654,P0112,1,385,385,PKR
OI001654-02,O001654,P0069,1,530,530,PKR
OI001655-01,O001655,P0074,1,600,600,PKR
OI001655-02,O001655,P0068,2,550,1100,PKR
OI001655-03,O001655,P0110,1,545,545,PKR
OI001655-04,O001655,P0094,2,130,260,PKR
OI001656-01,O001656,P0066,1,785,785,PKR
OI001656-02,O001656,P0065,2,840,1680,PKR
OI001656-03,O001656,P0026,1,755,755,PKR
OI001657-01,O001657,P0109,2,260,520,PKR
OI001657-02,O001657,P0023,1,1745,1745,PKR
OI001658-01,O001658,P0083,1,720,720,PKR
OI001658-02,O001658,P0063,1,1685,1685,PKR
OI001659-01,O001659,P0046,2,205,410,PKR
OI001659-02,O001659,P0020,1,325,325,PKR
OI001660-01,O001660,P0084,1,1260,1260,PKR
OI001660-02,O001660,P0034,2,140,280,PKR
OI001661-01,O001661,P0052,1,250,250,PKR
OI001662-01,O001662,P0006,1,750,750,PKR
OI001662-02,O001662,P0018,3,1305,3915,PKR
OI001662-03,O001662,P0115,1,1790,1790,PKR
OI001662-04,O001662,P0060,3,230,690,PKR
OI001663-01,O001663,P0041,2,385,770,PKR
OI001663-02,O001663,P0086,1,850,850,PKR
OI001664-01,O001664,P0003,1,1000,1000,PKR
OI001664-02,O001664,P0107,1,1020,1020,PKR
OI001664-03,O001664,P0092,1,955,955,PKR
OI001665-01,O001665,P0045,1,910,910,PKR
OI001665-02,O001665,P0094,1,130,130,PKR
OI001666-01,O001666,P0104,1,1645,1645,PKR
OI001666-02,O001666,P0011,2,1805,3610,PKR
OI001666-03,O001666,P0053,1,2210,2210,PKR
OI001666-04,O001666,P0081,1,1110,1110,PKR
OI001667-01,O001667,P0111,1,1265,1265,PKR
OI001667-02,O001667,P0058,1,1715,1715,PKR
OI001667-03,O001667,P0084,2,1260,2520,PKR
OI001667-04,O001667,P0022,2,1255,2510,PKR
OI001668-01,O001668,P0077,2,595,1190,PKR
OI001668-02,O001668,P0050,1,810,810,PKR
OI001668-03,O001668,P0088,2,780,1560,PKR
OI001668-04,O001668,P0013,1,1805,1805,PKR
OI001669-01,O001669,P0096,1,1660,1660,PKR
OI001669-02,O001669,P0005,1,1405,1405,PKR
OI001669-03,O001669,P0037,3,180,540,PKR
OI001670-01,O001670,P0017,1,1755,1755,PKR
OI001670-02,O001670,P0045,1,910,910,PKR
OI001670-03,O001670,P0075,1,645,645,PKR
OI001671-01,O001671,P0074,2,600,1200,PKR
OI001671-02,O001671,P0050,1,810,810,PKR
OI001672-01,O001672,P0117,3,720,2160,PKR
OI001673-01,O001673,P0107,1,1020,1020,PKR
OI001673-02,O001673,P0002,1,265,265,PKR
OI001673-03,O001673,P0078,1,385,385,PKR
OI001673-04,O001673,P0114,2,1530,3060,PKR
OI001674-01,O001674,P0009,1,985,985,PKR
OI001674-02,O001674,P0070,1,1560,1560,PKR
OI001675-01,O001675,P0063,1,1685,1685,PKR
OI001675-02,O001675,P0107,2,1020,2040,PKR
OI001675-03,O001675,P0002,2,265,530,PKR
OI001676-01,O001676,P0091,1,490,490,PKR
OI001676-02,O001676,P0114,1,1530,1530,PKR
OI001677-01,O001677,P0071,2,850,1700,PKR
OI001677-02,O001677,P0116,2,815,1630,PKR
OI001677-03,O001677,P0050,2,810,1620,PKR
OI001677-04,O001677,P0081,1,1110,1110,PKR
OI001678-01,O001678,P0068,2,550,1100,PKR
OI001678-02,O001678,P0046,1,205,205,PKR
OI001679-01,O001679,P0102,1,555,555,PKR
OI001680-01,O001680,P0106,1,1080,1080,PKR
OI001680-02,O001680,P0066,1,785,785,PKR
OI001680-03,O001680,P0021,1,1595,1595,PKR
OI001681-01,O001681,P0059,1,600,600,PKR
OI001681-02,O001681,P0061,1,275,275,PKR
OI001681-03,O001681,P0089,1,225,225,PKR
OI001681-04,O001681,P0067,2,1215,2430,PKR
OI001682-01,O001682,P0025,1,290,290,PKR
OI001682-02,O001682,P0080,1,2175,2175,PKR
OI001683-01,O001683,P0027,1,1980,1980,PKR
OI001684-01,O001684,P0073,1,225,225,PKR
OI001684-02,O001684,P0040,1,1090,1090,PKR
OI001685-01,O001685,P0119,2,550,1100,PKR
OI001685-02,O001685,P0071,1,850,850,PKR
OI001685-03,O001685,P0110,1,545,545,PKR
OI001686-01,O001686,P0006,1,750,750,PKR
OI001686-02,O001686,P0061,1,275,275,PKR
OI001687-01,O001687,P0070,1,1560,1560,PKR
OI001687-02,O001687,P0040,3,1090,3270,PKR
OI001687-03,O001687,P0091,2,490,980,PKR
OI001687-04,O001687,P0117,3,720,2160,PKR
OI001688-01,O001688,P0014,1,1895,1895,PKR
OI001688-02,O001688,P0084,1,1260,1260,PKR
OI001689-01,O001689,P0096,1,1660,1660,PKR
OI001690-01,O001690,P0100,2,855,1710,PKR
OI001691-01,O001691,P0058,1,1715,1715,PKR
OI001692-01,O001692,P0030,1,220,220,PKR
OI001692-02,O001692,P0029,1,895,895,PKR
OI001692-03,O001692,P0116,3,815,2445,PKR
OI001693-01,O001693,P0064,1,1700,1700,PKR
OI001693-02,O001693,P0069,4,530,2120,PKR
OI001693-03,O001693,P0019,1,1470,1470,PKR
OI001694-01,O001694,P0103,4,1075,4300,PKR
OI001694-02,O001694,P0014,1,1895,1895,PKR
OI001695-01,O001695,P0094,1,130,130,PKR
OI001696-01,O001696,P0111,1,1265,1265,PKR
OI001697-01,O001697,P0084,1,1260,1260,PKR
OI001697-02,O001697,P0012,2,155,310,PKR
OI001698-01,O001698,P0035,3,380,1140,PKR
OI001698-02,O001698,P0006,1,750,750,PKR
OI001699-01,O001699,P0047,1,1540,1540,PKR
OI001699-02,O001699,P0014,1,1895,1895,PKR
OI001699-03,O001699,P0015,2,895,1790,PKR
OI001699-04,O001699,P0079,3,850,2550,PKR
OI001700-01,O001700,P0119,1,550,550,PKR
OI001700-02,O001700,P0089,2,225,450,PKR
OI001701-01,O001701,P0007,1,425,425,PKR
OI001701-02,O001701,P0035,2,380,760,PKR
OI001701-03,O001701,P0081,1,1110,1110,PKR
OI001702-01,O001702,P0049,2,215,430,PKR
OI001702-02,O001702,P0109,1,260,260,PKR
OI001702-03,O001702,P0038,1,475,475,PKR
OI001702-04,O001702,P0055,2,1405,2810,PKR
OI001703-01,O001703,P0048,1,1495,1495,PKR
OI001703-02,O001703,P0012,1,155,155,PKR
OI001704-01,O001704,P0094,2,130,260,PKR
OI001704-02,O001704,P0082,2,1025,2050,PKR
OI001704-03,O001704,P0037,3,180,540,PKR
OI001705-01,O001705,P0058,3,1715,5145,PKR
OI001706-01,O001706,P0112,1,385,385,PKR
OI001706-02,O001706,P0042,1,1400,1400,PKR
OI001706-03,O001706,P0116,1,815,815,PKR
OI001707-01,O001707,P0034,1,140,140,PKR
OI001707-02,O001707,P0069,3,530,1590,PKR
OI001707-03,O001707,P0086,1,850,850,PKR
OI001707-04,O001707,P0099,1,970,970,PKR
OI001708-01,O001708,P0044,1,1840,1840,PKR
OI001708-02,O001708,P0074,1,600,600,PKR
OI001709-01,O001709,P0069,1,530,530,PKR
OI001709-02,O001709,P0002,1,265,265,PKR
OI001709-03,O001709,P0064,2,1700,3400,PKR
OI001709-04,O001709,P0115,1,1790,1790,PKR
OI001710-01,O001710,P0069,2,530,1060,PKR
OI001711-01,O001711,P0118,1,1270,1270,PKR
OI001711-02,O001711,P0039,1,920,920,PKR
OI001711-03,O001711,P0082,2,1025,2050,PKR
OI001712-01,O001712,P0026,1,755,755,PKR
OI001712-02,O001712,P0031,1,730,730,PKR
OI001712-03,O001712,P0095,1,890,890,PKR
OI001712-04,O001712,P0113,1,1250,1250,PKR
OI001713-01,O001713,P0086,1,850,850,PKR
OI001713-02,O001713,P0102,1,555,555,PKR
OI001713-03,O001713,P0082,2,1025,2050,PKR
OI001714-01,O001714,P0005,1,1405,1405,PKR
OI001714-02,O001714,P0076,3,1635,4905,PKR
OI001715-01,O001715,P0013,3,1805,5415,PKR
OI001715-02,O001715,P0040,1,1090,1090,PKR
OI001715-03,O001715,P0086,3,850,2550,PKR
OI001715-04,O001715,P0030,1,220,220,PKR
OI001716-01,O001716,P0026,1,755,755,PKR
OI001717-01,O001717,P0118,2,1270,2540,PKR
OI001717-02,O001717,P0078,1,385,385,PKR
OI001717-03,O001717,P0015,2,895,1790,PKR
OI001718-01,O001718,P0116,4,815,3260,PKR
OI001718-02,O001718,P0030,3,220,660,PKR
OI001718-03,O001718,P0120,1,760,760,PKR
OI001718-04,O001718,P0052,1,250,250,PKR
OI001719-01,O001719,P0111,1,1265,1265,PKR
OI001719-02,O001719,P0041,1,385,385,PKR
OI001719-03,O001719,P0106,1,1080,1080,PKR
OI001719-04,O001719,P0085,1,270,270,PKR
OI001720-01,O001720,P0073,1,225,225,PKR
OI001720-02,O001720,P0056,1,385,385,PKR
OI001721-01,O001721,P0030,1,220,220,PKR
OI001722-01,O001722,P0085,2,270,540,PKR
OI001722-02,O001722,P0074,1,600,600,PKR
OI001722-03,O001722,P0059,3,600,1800,PKR
OI001722-04,O001722,P0087,1,1090,1090,PKR
OI001722-05,O001722,P0110,1,545,545,PKR
OI001723-01,O001723,P0052,2,250,500,PKR
OI001723-02,O001723,P0059,1,600,600,PKR
OI001723-03,O001723,P0087,1,1090,1090,PKR
OI001723-04,O001723,P0074,1,600,600,PKR
OI001724-01,O001724,P0017,1,1755,1755,PKR
OI001724-02,O001724,P0060,1,230,230,PKR
OI001724-03,O001724,P0105,1,1155,1155,PKR
OI001725-01,O001725,P0096,1,1660,1660,PKR
OI001725-02,O001725,P0010,2,375,750,PKR
OI001726-01,O001726,P0005,2,1405,2810,PKR
OI001727-01,O001727,P0103,1,1075,1075,PKR
OI001727-02,O001727,P0097,1,1730,1730,PKR
OI001727-03,O001727,P0040,1,1090,1090,PKR
OI001728-01,O001728,P0094,1,130,130,PKR
OI001728-02,O001728,P0056,2,385,770,PKR
OI001728-03,O001728,P0076,1,1635,1635,PKR
OI001728-04,O001728,P0095,2,890,1780,PKR
OI001728-05,O001728,P0030,1,220,220,PKR
OI001729-01,O001729,P0074,1,600,600,PKR
OI001729-02,O001729,P0065,1,840,840,PKR
OI001729-03,O001729,P0054,1,620,620,PKR
OI001730-01,O001730,P0051,3,200,600,PKR
OI001730-02,O001730,P0081,1,1110,1110,PKR
OI001730-03,O001730,P0057,1,1425,1425,PKR
OI001731-01,O001731,P0099,1,970,970,PKR
OI001731-02,O001731,P0106,1,1080,1080,PKR
OI001732-01,O001732,P0072,3,1075,3225,PKR
OI001732-02,O001732,P0018,2,1305,2610,PKR
OI001732-03,O001732,P0029,1,895,895,PKR
OI001733-01,O001733,P0011,1,1805,1805,PKR
OI001733-02,O001733,P0067,2,1215,2430,PKR
OI001733-03,O001733,P0093,3,1805,5415,PKR
OI001734-01,O001734,P0013,2,1805,3610,PKR
OI001734-02,O001734,P0120,1,760,760,PKR
OI001735-01,O001735,P0015,2,895,1790,PKR
OI001735-02,O001735,P0026,2,755,1510,PKR
OI001736-01,O001736,P0043,1,1190,1190,PKR
OI001736-02,O001736,P0093,1,1805,1805,PKR
OI001736-03,O001736,P0084,1,1260,1260,PKR
OI001737-01,O001737,P0110,1,545,545,PKR
OI001737-02,O001737,P0080,1,2175,2175,PKR
OI001738-01,O001738,P0098,1,1885,1885,PKR
OI001739-01,O001739,P0057,1,1425,1425,PKR
OI001740-01,O001740,P0065,1,840,840,PKR
OI001740-02,O001740,P0092,1,955,955,PKR
OI001740-03,O001740,P0056,1,385,385,PKR
OI001740-04,O001740,P0048,1,1495,1495,PKR
OI001740-05,O001740,P0061,2,275,550,PKR
OI001741-01,O001741,P0074,2,600,1200,PKR
OI001742-01,O001742,P0076,1,1635,1635,PKR
OI001742-02,O001742,P0111,1,1265,1265,PKR
OI001742-03,O001742,P0032,1,585,585,PKR
OI001742-04,O001742,P0009,1,985,985,PKR
OI001743-01,O001743,P0028,1,1930,1930,PKR
OI001744-01,O001744,P0042,1,1400,1400,PKR
OI001745-01,O001745,P0120,1,760,760,PKR
OI001746-01,O001746,P0034,2,140,280,PKR
OI001746-02,O001746,P0024,3,235,705,PKR
OI001747-01,O001747,P0108,1,935,935,PKR
OI001748-01,O001748,P0066,1,785,785,PKR
OI001748-02,O001748,P0055,2,1405,2810,PKR
OI001748-03,O001748,P0017,2,1755,3510,PKR
OI001749-01,O001749,P0059,3,600,1800,PKR
OI001749-02,O001749,P0097,1,1730,1730,PKR
OI001749-03,O001749,P0076,2,1635,3270,PKR
OI001749-04,O001749,P0057,1,1425,1425,PKR
OI001749-05,O001749,P0098,1,1885,1885,PKR
OI001750-01,O001750,P0002,2,265,530,PKR
OI001750-02,O001750,P0049,1,215,215,PKR
OI001750-03,O001750,P0095,1,890,890,PKR
OI001751-01,O001751,P0058,2,1715,3430,PKR
OI001751-02,O001751,P0094,1,130,130,PKR
OI001751-03,O001751,P0070,2,1560,3120,PKR
OI001752-01,O001752,P0088,1,780,780,PKR
OI001752-02,O001752,P0068,1,550,550,PKR
OI001753-01,O001753,P0008,1,1530,1530,PKR
OI001753-02,O001753,P0003,1,1000,1000,PKR
OI001754-01,O001754,P0093,2,1805,3610,PKR
OI001754-02,O001754,P0069,1,530,530,PKR
OI001754-03,O001754,P0030,1,220,220,PKR
OI001754-04,O001754,P0091,1,490,490,PKR
OI001754-05,O001754,P0103,1,1075,1075,PKR
OI001755-01,O001755,P0106,4,1080,4320,PKR
OI001755-02,O001755,P0003,2,1000,2000,PKR
OI001755-03,O001755,P0059,1,600,600,PKR
OI001755-04,O001755,P0065,1,840,840,PKR
OI001755-05,O001755,P0027,1,1980,1980,PKR
OI001756-01,O001756,P0013,1,1805,1805,PKR
OI001757-01,O001757,P0056,1,385,385,PKR
OI001757-02,O001757,P0014,1,1895,1895,PKR
OI001757-03,O001757,P0099,1,970,970,PKR
OI001757-04,O001757,P0098,3,1885,5655,PKR
OI001757-05,O001757,P0025,1,290,290,PKR
OI001758-01,O001758,P0055,2,1405,2810,PKR
OI001758-02,O001758,P0115,2,1790,3580,PKR
OI001758-03,O001758,P0116,1,815,815,PKR
OI001758-04,O001758,P0004,2,1410,2820,PKR
OI001759-01,O001759,P0112,1,385,385,PKR
OI001759-02,O001759,P0030,1,220,220,PKR
OI001760-01,O001760,P0006,1,750,750,PKR
OI001761-01,O001761,P0002,2,265,530,PKR
OI001762-01,O001762,P0069,2,530,1060,PKR
OI001762-02,O001762,P0049,3,215,645,PKR
OI001762-03,O001762,P0044,2,1840,3680,PKR
OI001762-04,O001762,P0023,1,1745,1745,PKR
OI001762-05,O001762,P0011,1,1805,1805,PKR
OI001763-01,O001763,P0086,1,850,850,PKR
OI001763-02,O001763,P0069,1,530,530,PKR
OI001763-03,O001763,P0077,1,595,595,PKR
OI001764-01,O001764,P0051,1,200,200,PKR
OI001765-01,O001765,P0050,1,810,810,PKR
OI001766-01,O001766,P0078,2,385,770,PKR
OI001767-01,O001767,P0047,2,1540,3080,PKR
OI001768-01,O001768,P0032,1,585,585,PKR
OI001769-01,O001769,P0051,1,200,200,PKR
OI001769-02,O001769,P0053,2,2210,4420,PKR
OI001770-01,O001770,P0024,1,235,235,PKR
OI001770-02,O001770,P0100,1,855,855,PKR
OI001771-01,O001771,P0074,2,600,1200,PKR
OI001771-02,O001771,P0102,2,555,1110,PKR
OI001772-01,O001772,P0065,4,840,3360,PKR
OI001772-02,O001772,P0001,4,660,2640,PKR
OI001773-01,O001773,P0045,2,910,1820,PKR
OI001773-02,O001773,P0024,1,235,235,PKR
OI001774-01,O001774,P0104,3,1645,4935,PKR
OI001774-02,O001774,P0015,1,895,895,PKR
OI001775-01,O001775,P0042,1,1400,1400,PKR
OI001775-02,O001775,P0054,1,620,620,PKR
OI001775-03,O001775,P0045,1,910,910,PKR
OI001775-04,O001775,P0092,2,955,1910,PKR
OI001776-01,O001776,P0004,1,1410,1410,PKR
OI001776-02,O001776,P0011,1,1805,1805,PKR
OI001776-03,O001776,P0030,1,220,220,PKR
OI001776-04,O001776,P0112,1,385,385,PKR
OI001777-01,O001777,P0015,1,895,895,PKR
OI001777-02,O001777,P0056,1,385,385,PKR
OI001778-01,O001778,P0069,2,530,1060,PKR
OI001778-02,O001778,P0022,1,1255,1255,PKR
OI001778-03,O001778,P0105,1,1155,1155,PKR
OI001779-01,O001779,P0066,2,785,1570,PKR
OI001779-02,O001779,P0070,1,1560,1560,PKR
OI001780-01,O001780,P0044,1,1840,1840,PKR
OI001780-02,O001780,P0036,1,595,595,PKR
OI001781-01,O001781,P0110,1,545,545,PKR
OI001781-02,O001781,P0003,2,1000,2000,PKR
OI001781-03,O001781,P0085,1,270,270,PKR
OI001782-01,O001782,P0105,1,1155,1155,PKR
OI001783-01,O001783,P0012,2,155,310,PKR
OI001783-02,O001783,P0072,1,1075,1075,PKR
OI001783-03,O001783,P0046,2,205,410,PKR
OI001784-01,O001784,P0055,1,1405,1405,PKR
OI001784-02,O001784,P0084,2,1260,2520,PKR
OI001785-01,O001785,P0067,1,1215,1215,PKR
OI001786-01,O001786,P0039,1,920,920,PKR
OI001786-02,O001786,P0038,1,475,475,PKR
OI001787-01,O001787,P0077,2,595,1190,PKR
OI001788-01,O001788,P0119,3,550,1650,PKR
OI001789-01,O001789,P0041,2,385,770,PKR
OI001789-02,O001789,P0063,2,1685,3370,PKR
OI001789-03,O001789,P0120,1,760,760,PKR
OI001789-04,O001789,P0038,1,475,475,PKR
OI001789-05,O001789,P0109,2,260,520,PKR
OI001790-01,O001790,P0049,2,215,430,PKR
OI001790-02,O001790,P0027,1,1980,1980,PKR
OI001790-03,O001790,P0109,1,260,260,PKR
OI001791-01,O001791,P0089,2,225,450,PKR
OI001792-01,O001792,P0006,2,750,1500,PKR
OI001792-02,O001792,P0100,1,855,855,PKR
OI001792-03,O001792,P0085,1,270,270,PKR
OI001793-01,O001793,P0012,1,155,155,PKR
OI001794-01,O001794,P0091,1,490,490,PKR
OI001795-01,O001795,P0088,1,780,780,PKR
OI001795-02,O001795,P0078,1,385,385,PKR
OI001796-01,O001796,P0028,1,1930,1930,PKR
OI001797-01,O001797,P0094,2,130,260,PKR
OI001797-02,O001797,P0038,1,475,475,PKR
OI001797-03,O001797,P0112,2,385,770,PKR
OI001797-04,O001797,P0031,1,730,730,PKR
OI001797-05,O001797,P0046,1,205,205,PKR
OI001798-01,O001798,P0074,3,600,1800,PKR
OI001799-01,O001799,P0091,4,490,1960,PKR
OI001799-02,O001799,P0003,2,1000,2000,PKR
OI001800-01,O001800,P0120,1,760,760,PKR
OI001800-02,O001800,P0055,2,1405,2810,PKR
OI001800-03,O001800,P0015,4,895,3580,PKR
OI001800-04,O001800,P0014,1,1895,1895,PKR
OI001801-01,O001801,P0015,2,895,1790,PKR
OI001801-02,O001801,P0097,1,1730,1730,PKR
OI001802-01,O001802,P0102,2,555,1110,PKR
OI001802-02,O001802,P0007,1,425,425,PKR
OI001803-01,O001803,P0080,1,2175,2175,PKR
OI001803-02,O001803,P0077,1,595,595,PKR
OI001804-01,O001804,P0024,3,235,705,PKR
OI001804-02,O001804,P0028,1,1930,1930,PKR
OI001805-01,O001805,P0046,2,205,410,PKR
OI001805-02,O001805,P0033,1,1475,1475,PKR
OI001805-03,O001805,P0021,1,1595,1595,PKR
OI001805-04,O001805,P0006,2,750,1500,PKR
OI001805-05,O001805,P0107,1,1020,1020,PKR
OI001806-01,O001806,P0047,1,1540,1540,PKR
OI001806-02,O001806,P0059,1,600,600,PKR
OI001807-01,O001807,P0029,2,895,1790,PKR
OI001807-02,O001807,P0067,1,1215,1215,PKR
OI001808-01,O001808,P0111,1,1265,1265,PKR
OI001808-02,O001808,P0073,1,225,225,PKR
OI001809-01,O001809,P0064,1,1700,1700,PKR
OI001809-02,O001809,P0080,3,2175,6525,PKR
OI001810-01,O001810,P0055,1,1405,1405,PKR
OI001811-01,O001811,P0105,1,1155,1155,PKR
OI001811-02,O001811,P0045,2,910,1820,PKR
OI001811-03,O001811,P0081,1,1110,1110,PKR
OI001811-04,O001811,P0072,1,1075,1075,PKR
OI001811-05,O001811,P0056,3,385,1155,PKR
OI001812-01,O001812,P0086,1,850,850,PKR
OI001813-01,O001813,P0070,3,1560,4680,PKR
OI001813-02,O001813,P0001,1,660,660,PKR
OI001813-03,O001813,P0023,1,1745,1745,PKR
OI001813-04,O001813,P0012,3,155,465,PKR
OI001814-01,O001814,P0002,3,265,795,PKR
OI001815-01,O001815,P0012,1,155,155,PKR
OI001815-02,O001815,P0093,1,1805,1805,PKR
OI001815-03,O001815,P0013,2,1805,3610,PKR
OI001815-04,O001815,P0059,1,600,600,PKR
OI001816-01,O001816,P0012,2,155,310,PKR
OI001816-02,O001816,P0061,1,275,275,PKR
OI001817-01,O001817,P0029,2,895,1790,PKR
OI001817-02,O001817,P0080,1,2175,2175,PKR
OI001817-03,O001817,P0028,1,1930,1930,PKR
OI001817-04,O001817,P0016,1,1700,1700,PKR
OI001818-01,O001818,P0086,1,850,850,PKR
OI001819-01,O001819,P0087,2,1090,2180,PKR
OI001820-01,O001820,P0002,1,265,265,PKR
OI001820-02,O001820,P0092,1,955,955,PKR
OI001821-01,O001821,P0083,1,720,720,PKR
OI001822-01,O001822,P0017,1,1755,1755,PKR
OI001822-02,O001822,P0112,1,385,385,PKR
OI001822-03,O001822,P0062,1,1690,1690,PKR
OI001822-04,O001822,P0019,1,1470,1470,PKR
OI001822-05,O001822,P0007,2,425,850,PKR
OI001823-01,O001823,P0009,1,985,985,PKR
OI001823-02,O001823,P0090,2,1680,3360,PKR
OI001823-03,O001823,P0071,1,850,850,PKR
OI001823-04,O001823,P0005,2,1405,2810,PKR
OI001824-01,O001824,P0054,1,620,620,PKR
OI001825-01,O001825,P0022,1,1255,1255,PKR
OI001825-02,O001825,P0074,2,600,1200,PKR
OI001825-03,O001825,P0086,1,850,850,PKR
OI001826-01,O001826,P0026,1,755,755,PKR
OI001826-02,O001826,P0024,1,235,235,PKR
OI001826-03,O001826,P0057,1,1425,1425,PKR
OI001827-01,O001827,P0035,2,380,760,PKR
OI001827-02,O001827,P0027,1,1980,1980,PKR
OI001828-01,O001828,P0046,1,205,205,PKR
OI001829-01,O001829,P0112,1,385,385,PKR
OI001830-01,O001830,P0054,1,620,620,PKR
OI001830-02,O001830,P0021,1,1595,1595,PKR
OI001830-03,O001830,P0117,1,720,720,PKR
OI001830-04,O001830,P0019,1,1470,1470,PKR
OI001831-01,O001831,P0060,1,230,230,PKR
OI001831-02,O001831,P0066,3,785,2355,PKR
OI001832-01,O001832,P0054,1,620,620,PKR
OI001833-01,O001833,P0081,1,1110,1110,PKR
OI001834-01,O001834,P0088,3,780,2340,PKR
OI001834-02,O001834,P0013,1,1805,1805,PKR
OI001834-03,O001834,P0103,1,1075,1075,PKR
OI001835-01,O001835,P0081,1,1110,1110,PKR
OI001835-02,O001835,P0041,3,385,1155,PKR
OI001835-03,O001835,P0022,2,1255,2510,PKR
OI001836-01,O001836,P0088,2,780,1560,PKR
OI001836-02,O001836,P0113,1,1250,1250,PKR
OI001837-01,O001837,P0079,1,850,850,PKR
OI001838-01,O001838,P0044,1,1840,1840,PKR
OI001838-02,O001838,P0028,1,1930,1930,PKR
OI001839-01,O001839,P0083,1,720,720,PKR
OI001839-02,O001839,P0092,1,955,955,PKR
OI001839-03,O001839,P0117,1,720,720,PKR
OI001840-01,O001840,P0107,1,1020,1020,PKR
OI001841-01,O001841,P0056,2,385,770,PKR
OI001841-02,O001841,P0089,3,225,675,PKR
OI001841-03,O001841,P0104,1,1645,1645,PKR
OI001842-01,O001842,P0117,1,720,720,PKR
OI001842-02,O001842,P0100,1,855,855,PKR
OI001843-01,O001843,P0118,1,1270,1270,PKR
OI001843-02,O001843,P0076,3,1635,4905,PKR
OI001844-01,O001844,P0070,1,1560,1560,PKR
OI001844-02,O001844,P0076,1,1635,1635,PKR
OI001845-01,O001845,P0038,1,475,475,PKR
OI001845-02,O001845,P0045,1,910,910,PKR
OI001845-03,O001845,P0115,1,1790,1790,PKR
OI001845-04,O001845,P0056,1,385,385,PKR
OI001845-05,O001845,P0037,1,180,180,PKR
OI001846-01,O001846,P0008,1,1530,1530,PKR
OI001846-02,O001846,P0081,2,1110,2220,PKR
OI001846-03,O001846,P0069,1,530,530,PKR
OI001847-01,O001847,P0093,3,1805,5415,PKR
OI001848-01,O001848,P0044,1,1840,1840,PKR
OI001849-01,O001849,P0095,1,890,890,PKR
OI001849-02,O001849,P0096,1,1660,1660,PKR
OI001850-01,O001850,P0079,1,850,850,PKR
OI001850-02,O001850,P0023,3,1745,5235,PKR
OI001850-03,O001850,P0045,2,910,1820,PKR
OI001850-04,O001850,P0007,1,425,425,PKR
OI001851-01,O001851,P0032,1,585,585,PKR
OI001851-02,O001851,P0093,1,1805,1805,PKR
OI001851-03,O001851,P0099,2,970,1940,PKR
OI001852-01,O001852,P0097,1,1730,1730,PKR
OI001853-01,O001853,P0116,2,815,1630,PKR
OI001853-02,O001853,P0101,1,185,185,PKR
OI001853-03,O001853,P0046,2,205,410,PKR
OI001854-01,O001854,P0040,1,1090,1090,PKR
OI001855-01,O001855,P0077,1,595,595,PKR
OI001855-02,O001855,P0115,1,1790,1790,PKR
OI001855-03,O001855,P0012,1,155,155,PKR
OI001856-01,O001856,P0028,1,1930,1930,PKR
OI001856-02,O001856,P0008,2,1530,3060,PKR
OI001857-01,O001857,P0010,3,375,1125,PKR
OI001858-01,O001858,P0029,1,895,895,PKR
OI001858-02,O001858,P0030,1,220,220,PKR
OI001858-03,O001858,P0049,3,215,645,PKR
OI001859-01,O001859,P0075,3,645,1935,PKR
OI001859-02,O001859,P0052,1,250,250,PKR
OI001859-03,O001859,P0108,3,935,2805,PKR
OI001859-04,O001859,P0088,1,780,780,PKR
OI001860-01,O001860,P0066,1,785,785,PKR
OI001860-02,O001860,P0081,1,1110,1110,PKR
OI001861-01,O001861,P0059,2,600,1200,PKR
OI001862-01,O001862,P0007,2,425,850,PKR
OI001862-02,O001862,P0011,1,1805,1805,PKR
OI001862-03,O001862,P0111,1,1265,1265,PKR
OI001863-01,O001863,P0060,1,230,230,PKR
OI001863-02,O001863,P0056,1,385,385,PKR
OI001864-01,O001864,P0067,1,1215,1215,PKR
OI001864-02,O001864,P0091,1,490,490,PKR
OI001864-03,O001864,P0094,2,130,260,PKR
OI001865-01,O001865,P0068,1,550,550,PKR
OI001865-02,O001865,P0025,1,290,290,PKR
OI001865-03,O001865,P0094,1,130,130,PKR
OI001866-01,O001866,P0119,1,550,550,PKR
OI001866-02,O001866,P0090,1,1680,1680,PKR
OI001867-01,O001867,P0031,1,730,730,PKR
OI001868-01,O001868,P0090,1,1680,1680,PKR
OI001868-02,O001868,P0043,1,1190,1190,PKR
OI001868-03,O001868,P0065,2,840,1680,PKR
OI001869-01,O001869,P0035,1,380,380,PKR
OI001869-02,O001869,P0052,2,250,500,PKR
OI001870-01,O001870,P0058,2,1715,3430,PKR
OI001870-02,O001870,P0120,2,760,1520,PKR
OI001871-01,O001871,P0094,1,130,130,PKR
OI001871-02,O001871,P0119,1,550,550,PKR
OI001871-03,O001871,P0031,2,730,1460,PKR
OI001872-01,O001872,P0098,2,1885,3770,PKR
OI001872-02,O001872,P0065,3,840,2520,PKR
OI001872-03,O001872,P0092,1,955,955,PKR
OI001873-01,O001873,P0025,1,290,290,PKR
OI001873-02,O001873,P0043,1,1190,1190,PKR
OI001874-01,O001874,P0034,1,140,140,PKR
OI001875-01,O001875,P0023,4,1745,6980,PKR
OI001875-02,O001875,P0068,1,550,550,PKR
OI001876-01,O001876,P0036,1,595,595,PKR
OI001876-02,O001876,P0097,1,1730,1730,PKR
OI001877-01,O001877,P0087,1,1090,1090,PKR
OI001877-02,O001877,P0090,2,1680,3360,PKR
OI001877-03,O001877,P0116,1,815,815,PKR
OI001877-04,O001877,P0044,1,1840,1840,PKR
OI001878-01,O001878,P0022,4,1255,5020,PKR
OI001878-02,O001878,P0109,1,260,260,PKR
OI001878-03,O001878,P0107,1,1020,1020,PKR
OI001878-04,O001878,P0058,1,1715,1715,PKR
OI001878-05,O001878,P0024,2,235,470,PKR
OI001879-01,O001879,P0078,2,385,770,PKR
OI001879-02,O001879,P0090,1,1680,1680,PKR
OI001880-01,O001880,P0062,1,1690,1690,PKR
OI001880-02,O001880,P0094,1,130,130,PKR
OI001880-03,O001880,P0014,1,1895,1895,PKR
OI001881-01,O001881,P0031,1,730,730,PKR
OI001881-02,O001881,P0057,1,1425,1425,PKR
OI001881-03,O001881,P0003,2,1000,2000,PKR
OI001881-04,O001881,P0054,1,620,620,PKR
OI001882-01,O001882,P0111,1,1265,1265,PKR
OI001883-01,O001883,P0039,1,920,920,PKR
OI001883-02,O001883,P0072,3,1075,3225,PKR
OI001883-03,O001883,P0028,1,1930,1930,PKR
OI001883-04,O001883,P0115,2,1790,3580,PKR
OI001883-05,O001883,P0087,1,1090,1090,PKR
OI001884-01,O001884,P0030,1,220,220,PKR
OI001884-02,O001884,P0107,1,1020,1020,PKR
OI001885-01,O001885,P0054,1,620,620,PKR
OI001885-02,O001885,P0093,1,1805,1805,PKR
OI001885-03,O001885,P0012,1,155,155,PKR
OI001885-04,O001885,P0049,1,215,215,PKR
OI001886-01,O001886,P0069,1,530,530,PKR
OI001886-02,O001886,P0104,1,1645,1645,PKR
OI001887-01,O001887,P0037,2,180,360,PKR
OI001887-02,O001887,P0015,2,895,1790,PKR
OI001887-03,O001887,P0098,1,1885,1885,PKR
OI001888-01,O001888,P0086,2,850,1700,PKR
OI001889-01,O001889,P0051,2,200,400,PKR
OI001890-01,O001890,P0007,1,425,425,PKR
OI001890-02,O001890,P0023,2,1745,3490,PKR
OI001890-03,O001890,P0072,1,1075,1075,PKR
OI001891-01,O001891,P0006,1,750,750,PKR
OI001891-02,O001891,P0109,1,260,260,PKR
OI001892-01,O001892,P0031,1,730,730,PKR
OI001892-02,O001892,P0093,2,1805,3610,PKR
OI001893-01,O001893,P0106,1,1080,1080,PKR
OI001894-01,O001894,P0098,3,1885,5655,PKR
OI001894-02,O001894,P0029,1,895,895,PKR
OI001894-03,O001894,P0106,1,1080,1080,PKR
OI001895-01,O001895,P0070,1,1560,1560,PKR
OI001896-01,O001896,P0017,1,1755,1755,PKR
OI001896-02,O001896,P0042,2,1400,2800,PKR
OI001897-01,O001897,P0103,1,1075,1075,PKR
OI001897-02,O001897,P0050,2,810,1620,PKR
OI001897-03,O001897,P0020,4,325,1300,PKR
OI001897-04,O001897,P0032,1,585,585,PKR
OI001898-01,O001898,P0022,1,1255,1255,PKR
OI001898-02,O001898,P0046,1,205,205,PKR
OI001898-03,O001898,P0091,4,490,1960,PKR
OI001898-04,O001898,P0033,1,1475,1475,PKR
OI001898-05,O001898,P0061,1,275,275,PKR
OI001899-01,O001899,P0087,1,1090,1090,PKR
OI001900-01,O001900,P0018,1,1305,1305,PKR
OI001901-01,O001901,P0083,2,720,1440,PKR
OI001901-02,O001901,P0114,1,1530,1530,PKR
OI001901-03,O001901,P0056,1,385,385,PKR
OI001901-04,O001901,P0054,3,620,1860,PKR
OI001901-05,O001901,P0033,1,1475,1475,PKR
OI001902-01,O001902,P0015,1,895,895,PKR
OI001903-01,O001903,P0020,1,325,325,PKR
OI001903-02,O001903,P0115,1,1790,1790,PKR
OI001904-01,O001904,P0081,2,1110,2220,PKR
OI001904-02,O001904,P0096,1,1660,1660,PKR
OI001905-01,O001905,P0094,1,130,130,PKR
OI001906-01,O001906,P0016,1,1700,1700,PKR
OI001906-02,O001906,P0115,1,1790,1790,PKR
OI001906-03,O001906,P0028,1,1930,1930,PKR
OI001906-04,O001906,P0003,2,1000,2000,PKR
OI001907-01,O001907,P0076,1,1635,1635,PKR
OI001907-02,O001907,P0094,2,130,260,PKR
OI001908-01,O001908,P0046,2,205,410,PKR
OI001908-02,O001908,P0028,2,1930,3860,PKR
OI001909-01,O001909,P0119,1,550,550,PKR
OI001909-02,O001909,P0045,4,910,3640,PKR
OI001910-01,O001910,P0009,1,985,985,PKR
OI001910-02,O001910,P0001,1,660,660,PKR
OI001910-03,O001910,P0078,2,385,770,PKR
OI001911-01,O001911,P0057,2,1425,2850,PKR
OI001912-01,O001912,P0098,1,1885,1885,PKR
OI001912-02,O001912,P0052,1,250,250,PKR
OI001913-01,O001913,P0098,3,1885,5655,PKR
OI001914-01,O001914,P0090,3,1680,5040,PKR
OI001914-02,O001914,P0100,1,855,855,PKR
OI001914-03,O001914,P0046,1,205,205,PKR
OI001915-01,O001915,P0039,2,920,1840,PKR
OI001915-02,O001915,P0025,1,290,290,PKR
OI001915-03,O001915,P0038,3,475,1425,PKR
OI001915-04,O001915,P0028,1,1930,1930,PKR
OI001916-01,O001916,P0047,1,1540,1540,PKR
OI001917-01,O001917,P0064,1,1700,1700,PKR
OI001917-02,O001917,P0025,1,290,290,PKR
OI001918-01,O001918,P0010,1,375,375,PKR
OI001918-02,O001918,P0032,1,585,585,PKR
OI001919-01,O001919,P0064,1,1700,1700,PKR
OI001919-02,O001919,P0038,1,475,475,PKR
OI001919-03,O001919,P0088,1,780,780,PKR
OI001919-04,O001919,P0057,1,1425,1425,PKR
OI001919-05,O001919,P0011,1,1805,1805,PKR
OI001920-01,O001920,P0120,2,760,1520,PKR
OI001920-02,O001920,P0013,1,1805,1805,PKR
OI001921-01,O001921,P0021,2,1595,3190,PKR
OI001921-02,O001921,P0026,1,755,755,PKR
OI001921-03,O001921,P0066,2,785,1570,PKR
OI001922-01,O001922,P0010,1,375,375,PKR
OI001922-02,O001922,P0088,2,780,1560,PKR
OI001923-01,O001923,P0017,1,1755,1755,PKR
OI001923-02,O001923,P0071,2,850,1700,PKR
OI001924-01,O001924,P0036,2,595,1190,PKR
OI001925-01,O001925,P0041,1,385,385,PKR
OI001925-02,O001925,P0017,1,1755,1755,PKR
OI001926-01,O001926,P0039,1,920,920,PKR
OI001926-02,O001926,P0028,1,1930,1930,PKR
OI001926-03,O001926,P0080,1,2175,2175,PKR
OI001927-01,O001927,P0013,2,1805,3610,PKR
OI001927-02,O001927,P0012,2,155,310,PKR
OI001927-03,O001927,P0094,1,130,130,PKR
OI001927-04,O001927,P0073,1,225,225,PKR
OI001928-01,O001928,P0088,1,780,780,PKR
OI001928-02,O001928,P0108,2,935,1870,PKR
OI001928-03,O001928,P0057,2,1425,2850,PKR
OI001928-04,O001928,P0001,1,660,660,PKR
OI001928-05,O001928,P0096,1,1660,1660,PKR
OI001929-01,O001929,P0007,1,425,425,PKR
OI001929-02,O001929,P0069,1,530,530,PKR
OI001929-03,O001929,P0073,1,225,225,PKR
OI001930-01,O001930,P0106,1,1080,1080,PKR
OI001931-01,O001931,P0011,1,1805,1805,PKR
OI001932-01,O001932,P0066,2,785,1570,PKR
OI001932-02,O001932,P0012,2,155,310,PKR
OI001932-03,O001932,P0112,1,385,385,PKR
OI001932-04,O001932,P0008,1,1530,1530,PKR
OI001933-01,O001933,P0017,1,1755,1755,PKR
OI001933-02,O001933,P0094,2,130,260,PKR
OI001933-03,O001933,P0009,2,985,1970,PKR
OI001933-04,O001933,P0041,2,385,770,PKR
OI001933-05,O001933,P0057,1,1425,1425,PKR
OI001934-01,O001934,P0001,3,660,1980,PKR
OI001935-01,O001935,P0043,1,1190,1190,PKR
OI001935-02,O001935,P0064,1,1700,1700,PKR
OI001935-03,O001935,P0023,1,1745,1745,PKR
OI001935-04,O001935,P0066,1,785,785,PKR
OI001936-01,O001936,P0087,3,1090,3270,PKR
OI001937-01,O001937,P0081,1,1110,1110,PKR
OI001937-02,O001937,P0089,2,225,450,PKR
OI001938-01,O001938,P0041,2,385,770,PKR
OI001938-02,O001938,P0119,1,550,550,PKR
OI001938-03,O001938,P0076,1,1635,1635,PKR
OI001939-01,O001939,P0029,1,895,895,PKR
OI001939-02,O001939,P0110,1,545,545,PKR
OI001940-01,O001940,P0036,1,595,595,PKR
OI001940-02,O001940,P0001,2,660,1320,PKR
OI001940-03,O001940,P0114,4,1530,6120,PKR
OI001940-04,O001940,P0086,1,850,850,PKR
OI001941-01,O001941,P0001,1,660,660,PKR
OI001941-02,O001941,P0036,1,595,595,PKR
OI001942-01,O001942,P0025,1,290,290,PKR
OI001942-02,O001942,P0017,1,1755,1755,PKR
OI001942-03,O001942,P0062,1,1690,1690,PKR
OI001942-04,O001942,P0052,1,250,250,PKR
OI001942-05,O001942,P0033,4,1475,5900,PKR
OI001943-01,O001943,P0086,2,850,1700,PKR
OI001943-02,O001943,P0017,2,1755,3510,PKR
OI001944-01,O001944,P0026,2,755,1510,PKR
OI001944-02,O001944,P0078,1,385,385,PKR
OI001945-01,O001945,P0120,1,760,760,PKR
OI001946-01,O001946,P0065,2,840,1680,PKR
OI001946-02,O001946,P0080,1,2175,2175,PKR
OI001947-01,O001947,P0036,2,595,1190,PKR
OI001947-02,O001947,P0017,1,1755,1755,PKR
OI001948-01,O001948,P0096,1,1660,1660,PKR
OI001948-02,O001948,P0062,1,1690,1690,PKR
OI001949-01,O001949,P0083,2,720,1440,PKR
OI001949-02,O001949,P0078,1,385,385,PKR
OI001949-03,O001949,P0098,2,1885,3770,PKR
OI001950-01,O001950,P0001,1,660,660,PKR
OI001951-01,O001951,P0013,1,1805,1805,PKR
OI001951-02,O001951,P0078,1,385,385,PKR
OI001951-03,O001951,P0015,1,895,895,PKR
OI001951-04,O001951,P0116,2,815,1630,PKR
OI001951-05,O001951,P0018,1,1305,1305,PKR
OI001952-01,O001952,P0086,1,850,850,PKR
OI001952-02,O001952,P0087,1,1090,1090,PKR
OI001953-01,O001953,P0037,2,180,360,PKR
OI001953-02,O001953,P0059,2,600,1200,PKR
OI001953-03,O001953,P0100,2,855,1710,PKR
OI001954-01,O001954,P0051,2,200,400,PKR
OI001955-01,O001955,P0061,1,275,275,PKR
OI001956-01,O001956,P0083,1,720,720,PKR
OI001956-02,O001956,P0087,1,1090,1090,PKR
OI001956-03,O001956,P0076,1,1635,1635,PKR
OI001956-04,O001956,P0039,2,920,1840,PKR
OI001956-05,O001956,P0115,1,1790,1790,PKR
OI001957-01,O001957,P0037,2,180,360,PKR
OI001958-01,O001958,P0088,4,780,3120,PKR
OI001958-02,O001958,P0038,2,475,950,PKR
OI001959-01,O001959,P0018,1,1305,1305,PKR
OI001959-02,O001959,P0088,1,780,780,PKR
OI001959-03,O001959,P0113,3,1250,3750,PKR
OI001960-01,O001960,P0002,2,265,530,PKR
OI001960-02,O001960,P0017,2,1755,3510,PKR
OI001961-01,O001961,P0010,2,375,750,PKR
OI001961-02,O001961,P0079,2,850,1700,PKR
OI001961-03,O001961,P0109,3,260,780,PKR
OI001961-04,O001961,P0077,1,595,595,PKR
OI001962-01,O001962,P0036,1,595,595,PKR
OI001963-01,O001963,P0033,2,1475,2950,PKR
OI001964-01,O001964,P0099,3,970,2910,PKR
OI001964-02,O001964,P0023,3,1745,5235,PKR
OI001964-03,O001964,P0027,2,1980,3960,PKR
OI001965-01,O001965,P0010,2,375,750,PKR
OI001965-02,O001965,P0008,2,1530,3060,PKR
OI001966-01,O001966,P0021,1,1595,1595,PKR
OI001966-02,O001966,P0028,2,1930,3860,PKR
OI001967-01,O001967,P0042,3,1400,4200,PKR
OI001968-01,O001968,P0040,2,1090,2180,PKR
OI001969-01,O001969,P0093,1,1805,1805,PKR
OI001969-02,O001969,P0016,1,1700,1700,PKR
OI001969-03,O001969,P0106,1,1080,1080,PKR
OI001969-04,O001969,P0081,1,1110,1110,PKR
OI001970-01,O001970,P0103,1,1075,1075,PKR
OI001970-02,O001970,P0071,1,850,850,PKR
OI001971-01,O001971,P0021,1,1595,1595,PKR
OI001971-02,O001971,P0059,1,600,600,PKR
OI001971-03,O001971,P0120,1,760,760,PKR
OI001971-04,O001971,P0119,1,550,550,PKR
OI001972-01,O001972,P0007,1,425,425,PKR
OI001973-01,O001973,P0058,1,1715,1715,PKR
OI001974-01,O001974,P0118,1,1270,1270,PKR
OI001974-02,O001974,P0006,1,750,750,PKR
OI001974-03,O001974,P0027,1,1980,1980,PKR
OI001974-04,O001974,P0081,2,1110,2220,PKR
OI001975-01,O001975,P0037,1,180,180,PKR
OI001975-02,O001975,P0096,1,1660,1660,PKR
OI001976-01,O001976,P0027,1,1980,1980,PKR
OI001977-01,O001977,P0043,1,1190,1190,PKR
OI001977-02,O001977,P0010,2,375,750,PKR
OI001977-03,O001977,P0108,3,935,2805,PKR
OI001977-04,O001977,P0056,2,385,770,PKR
OI001978-01,O001978,P0118,1,1270,1270,PKR
OI001979-01,O001979,P0021,1,1595,1595,PKR
OI001980-01,O001980,P0117,2,720,1440,PKR
OI001980-02,O001980,P0098,4,1885,7540,PKR
OI001981-01,O001981,P0101,1,185,185,PKR
OI001982-01,O001982,P0025,4,290,1160,PKR
OI001982-02,O001982,P0095,2,890,1780,PKR
OI001983-01,O001983,P0101,2,185,370,PKR
OI001983-02,O001983,P0020,1,325,325,PKR
OI001983-03,O001983,P0063,1,1685,1685,PKR
OI001983-04,O001983,P0060,2,230,460,PKR
OI001983-05,O001983,P0098,2,1885,3770,PKR
OI001984-01,O001984,P0011,1,1805,1805,PKR
OI001985-01,O001985,P0088,3,780,2340,PKR
OI001985-02,O001985,P0005,2,1405,2810,PKR
OI001985-03,O001985,P0083,3,720,2160,PKR
OI001986-01,O001986,P0002,1,265,265,PKR
OI001986-02,O001986,P0074,1,600,600,PKR
OI001986-03,O001986,P0045,1,910,910,PKR
OI001987-01,O001987,P0063,1,1685,1685,PKR
OI001987-02,O001987,P0083,1,720,720,PKR
OI001987-03,O001987,P0079,1,850,850,PKR
OI001987-04,O001987,P0002,1,265,265,PKR
OI001988-01,O001988,P0097,2,1730,3460,PKR
OI001988-02,O001988,P0104,2,1645,3290,PKR
OI001988-03,O001988,P0007,1,425,425,PKR
OI001989-01,O001989,P0070,2,1560,3120,PKR
OI001989-02,O001989,P0040,3,1090,3270,PKR
OI001989-03,O001989,P0026,1,755,755,PKR
OI001989-04,O001989,P0025,1,290,290,PKR
OI001989-05,O001989,P0034,2,140,280,PKR
OI001990-01,O001990,P0036,1,595,595,PKR
OI001990-02,O001990,P0078,2,385,770,PKR
OI001991-01,O001991,P0026,1,755,755,PKR
OI001992-01,O001992,P0029,3,895,2685,PKR
OI001992-02,O001992,P0044,2,1840,3680,PKR
OI001993-01,O001993,P0030,2,220,440,PKR
OI001993-02,O001993,P0040,1,1090,1090,PKR
OI001993-03,O001993,P0001,1,660,660,PKR
OI001993-04,O001993,P0024,1,235,235,PKR
OI001994-01,O001994,P0017,2,1755,3510,PKR
OI001994-02,O001994,P0007,3,425,1275,PKR
OI001995-01,O001995,P0046,3,205,615,PKR
OI001995-02,O001995,P0030,3,220,660,PKR
OI001995-03,O001995,P0005,1,1405,1405,PKR
OI001996-01,O001996,P0063,1,1685,1685,PKR
OI001997-01,O001997,P0024,3,235,705,PKR
OI001997-02,O001997,P0015,1,895,895,PKR
OI001997-03,O001997,P0058,1,1715,1715,PKR
OI001998-01,O001998,P0068,2,550,1100,PKR
OI001999-01,O001999,P0112,2,385,770,PKR
OI001999-02,O001999,P0012,2,155,310,PKR
OI001999-03,O001999,P0085,2,270,540,PKR
OI001999-04,O001999,P0037,1,180,180,PKR
OI001999-05,O001999,P0087,2,1090,2180,PKR
OI002000-01,O002000,P0050,2,810,1620,PKR
OI002000-02,O002000,P0107,2,1020,2040,PKR
OI002000-03,O002000,P0098,1,1885,1885,PKR
OI002001-01,O002001,P0057,1,1425,1425,PKR
OI002001-02,O002001,P0038,1,475,475,PKR
OI002001-03,O002001,P0055,1,1405,1405,PKR
OI002001-04,O002001,P0002,1,265,265,PKR
OI002002-01,O002002,P0011,1,1805,1805,PKR
OI002002-02,O002002,P0013,1,1805,1805,PKR
OI002002-03,O002002,P0110,1,545,545,PKR
OI002003-01,O002003,P0002,4,265,1060,PKR
OI002003-02,O002003,P0001,2,660,1320,PKR
OI002004-01,O002004,P0048,1,1495,1495,PKR
OI002004-02,O002004,P0080,1,2175,2175,PKR
OI002005-01,O002005,P0010,2,375,750,PKR
OI002005-02,O002005,P0116,1,815,815,PKR
OI002006-01,O002006,P0059,2,600,1200,PKR
OI002006-02,O002006,P0073,1,225,225,PKR
OI002006-03,O002006,P0018,2,1305,2610,PKR
OI002007-01,O002007,P0049,3,215,645,PKR
OI002007-02,O002007,P0097,2,1730,3460,PKR
OI002008-01,O002008,P0064,1,1700,1700,PKR
OI002008-02,O002008,P0063,1,1685,1685,PKR
OI002008-03,O002008,P0079,1,850,850,PKR
OI002008-04,O002008,P0107,1,1020,1020,PKR
OI002009-01,O002009,P0089,2,225,450,PKR
OI002009-02,O002009,P0029,1,895,895,PKR
OI002009-03,O002009,P0106,1,1080,1080,PKR
OI002010-01,O002010,P0091,1,490,490,PKR
OI002011-01,O002011,P0023,1,1745,1745,PKR
OI002011-02,O002011,P0003,3,1000,3000,PKR
OI002011-03,O002011,P0105,3,1155,3465,PKR
OI002012-01,O002012,P0094,2,130,260,PKR
OI002012-02,O002012,P0074,4,600,2400,PKR
OI002012-03,O002012,P0106,1,1080,1080,PKR
OI002012-04,O002012,P0073,1,225,225,PKR
OI002012-05,O002012,P0027,1,1980,1980,PKR
OI002013-01,O002013,P0080,1,2175,2175,PKR
OI002013-02,O002013,P0074,3,600,1800,PKR
OI002013-03,O002013,P0082,1,1025,1025,PKR
OI002013-04,O002013,P0030,2,220,440,PKR
OI002014-01,O002014,P0112,1,385,385,PKR
OI002015-01,O002015,P0046,1,205,205,PKR
OI002015-02,O002015,P0032,2,585,1170,PKR
OI002016-01,O002016,P0020,1,325,325,PKR
OI002017-01,O002017,P0035,1,380,380,PKR
OI002018-01,O002018,P0027,2,1980,3960,PKR
OI002018-02,O002018,P0118,1,1270,1270,PKR
OI002018-03,O002018,P0110,1,545,545,PKR
OI002019-01,O002019,P0056,1,385,385,PKR
OI002020-01,O002020,P0050,3,810,2430,PKR
OI002020-02,O002020,P0082,1,1025,1025,PKR
OI002020-03,O002020,P0013,1,1805,1805,PKR
OI002021-01,O002021,P0083,2,720,1440,PKR
OI002021-02,O002021,P0116,1,815,815,PKR
OI002021-03,O002021,P0115,1,1790,1790,PKR
OI002022-01,O002022,P0011,1,1805,1805,PKR
OI002022-02,O002022,P0004,1,1410,1410,PKR
OI002022-03,O002022,P0116,2,815,1630,PKR
OI002023-01,O002023,P0118,1,1270,1270,PKR
OI002023-02,O002023,P0071,1,850,850,PKR
OI002023-03,O002023,P0094,1,130,130,PKR
OI002024-01,O002024,P0049,1,215,215,PKR
OI002024-02,O002024,P0012,1,155,155,PKR
OI002024-03,O002024,P0033,4,1475,5900,PKR
OI002024-04,O002024,P0101,4,185,740,PKR
OI002025-01,O002025,P0043,2,1190,2380,PKR
OI002026-01,O002026,P0120,1,760,760,PKR
OI002026-02,O002026,P0117,1,720,720,PKR
OI002026-03,O002026,P0029,1,895,895,PKR
OI002026-04,O002026,P0048,1,1495,1495,PKR
OI002027-01,O002027,P0104,2,1645,3290,PKR
OI002028-01,O002028,P0042,1,1400,1400,PKR
OI002028-02,O002028,P0021,1,1595,1595,PKR
OI002029-01,O002029,P0071,1,850,850,PKR
OI002029-02,O002029,P0117,1,720,720,PKR
OI002029-03,O002029,P0116,1,815,815,PKR
OI002029-04,O002029,P0115,1,1790,1790,PKR
OI002029-05,O002029,P0054,1,620,620,PKR
OI002030-01,O002030,P0075,1,645,645,PKR
OI002030-02,O002030,P0045,2,910,1820,PKR
OI002030-03,O002030,P0063,1,1685,1685,PKR
OI002030-04,O002030,P0110,1,545,545,PKR
OI002030-05,O002030,P0029,1,895,895,PKR
OI002031-01,O002031,P0119,3,550,1650,PKR
OI002032-01,O002032,P0004,1,1410,1410,PKR
OI002032-02,O002032,P0066,2,785,1570,PKR
OI002033-01,O002033,P0028,1,1930,1930,PKR
OI002033-02,O002033,P0072,3,1075,3225,PKR
OI002033-03,O002033,P0008,3,1530,4590,PKR
OI002033-04,O002033,P0105,2,1155,2310,PKR
OI002034-01,O002034,P0068,2,550,1100,PKR
OI002034-02,O002034,P0096,1,1660,1660,PKR
OI002034-03,O002034,P0033,1,1475,1475,PKR
OI002035-01,O002035,P0037,1,180,180,PKR
OI002036-01,O002036,P0023,2,1745,3490,PKR
OI002036-02,O002036,P0015,1,895,895,PKR
OI002036-03,O002036,P0027,1,1980,1980,PKR
OI002036-04,O002036,P0057,1,1425,1425,PKR
OI002037-01,O002037,P0112,2,385,770,PKR
OI002037-02,O002037,P0085,1,270,270,PKR
OI002038-01,O002038,P0020,4,325,1300,PKR
OI002038-02,O002038,P0058,2,1715,3430,PKR
OI002038-03,O002038,P0024,1,235,235,PKR
OI002038-04,O002038,P0014,1,1895,1895,PKR
OI002038-05,O002038,P0078,1,385,385,PKR
OI002039-01,O002039,P0029,1,895,895,PKR
OI002039-02,O002039,P0102,1,555,555,PKR
OI002039-03,O002039,P0100,1,855,855,PKR
OI002040-01,O002040,P0059,3,600,1800,PKR
OI002040-02,O002040,P0020,1,325,325,PKR
OI002041-01,O002041,P0043,1,1190,1190,PKR
OI002041-02,O002041,P0083,2,720,1440,PKR
OI002042-01,O002042,P0052,1,250,250,PKR
OI002042-02,O002042,P0091,2,490,980,PKR
OI002042-03,O002042,P0006,1,750,750,PKR
OI002043-01,O002043,P0069,2,530,1060,PKR
OI002043-02,O002043,P0037,1,180,180,PKR
OI002043-03,O002043,P0015,1,895,895,PKR
OI002043-04,O002043,P0104,3,1645,4935,PKR
OI002044-01,O002044,P0006,1,750,750,PKR
OI002044-02,O002044,P0004,1,1410,1410,PKR
OI002044-03,O002044,P0046,1,205,205,PKR
OI002045-01,O002045,P0058,2,1715,3430,PKR
OI002045-02,O002045,P0012,3,155,465,PKR
OI002045-03,O002045,P0101,2,185,370,PKR
OI002046-01,O002046,P0060,2,230,460,PKR
OI002046-02,O002046,P0101,1,185,185,PKR
OI002046-03,O002046,P0088,1,780,780,PKR
OI002046-04,O002046,P0052,1,250,250,PKR
OI002047-01,O002047,P0090,2,1680,3360,PKR
OI002047-02,O002047,P0073,1,225,225,PKR
OI002047-03,O002047,P0087,1,1090,1090,PKR
OI002047-04,O002047,P0075,1,645,645,PKR
OI002048-01,O002048,P0056,1,385,385,PKR
OI002048-02,O002048,P0092,1,955,955,PKR
OI002049-01,O002049,P0112,2,385,770,PKR
OI002050-01,O002050,P0077,1,595,595,PKR
OI002050-02,O002050,P0117,1,720,720,PKR
OI002051-01,O002051,P0049,2,215,430,PKR
OI002051-02,O002051,P0018,2,1305,2610,PKR
OI002051-03,O002051,P0060,1,230,230,PKR
OI002051-04,O002051,P0067,1,1215,1215,PKR
OI002051-05,O002051,P0046,1,205,205,PKR
OI002052-01,O002052,P0056,3,385,1155,PKR
OI002052-02,O002052,P0033,1,1475,1475,PKR
OI002052-03,O002052,P0109,1,260,260,PKR
OI002052-04,O002052,P0034,1,140,140,PKR
OI002052-05,O002052,P0095,1,890,890,PKR
OI002053-01,O002053,P0096,1,1660,1660,PKR
OI002054-01,O002054,P0118,4,1270,5080,PKR
OI002055-01,O002055,P0108,1,935,935,PKR
OI002055-02,O002055,P0059,2,600,1200,PKR
OI002055-03,O002055,P0095,2,890,1780,PKR
OI002056-01,O002056,P0082,1,1025,1025,PKR
OI002056-02,O002056,P0074,1,600,600,PKR
OI002057-01,O002057,P0043,1,1190,1190,PKR
OI002057-02,O002057,P0001,2,660,1320,PKR
OI002058-01,O002058,P0117,1,720,720,PKR
OI002058-02,O002058,P0092,1,955,955,PKR
OI002059-01,O002059,P0112,2,385,770,PKR
OI002060-01,O002060,P0026,1,755,755,PKR
OI002060-02,O002060,P0094,1,130,130,PKR
OI002060-03,O002060,P0095,1,890,890,PKR
OI002061-01,O002061,P0005,1,1405,1405,PKR
OI002061-02,O002061,P0008,2,1530,3060,PKR
OI002062-01,O002062,P0018,1,1305,1305,PKR
OI002062-02,O002062,P0044,1,1840,1840,PKR
OI002063-01,O002063,P0026,1,755,755,PKR
OI002063-02,O002063,P0019,2,1470,2940,PKR
OI002064-01,O002064,P0037,1,180,180,PKR
OI002064-02,O002064,P0073,1,225,225,PKR
OI002064-03,O002064,P0104,1,1645,1645,PKR
OI002065-01,O002065,P0005,2,1405,2810,PKR
OI002065-02,O002065,P0013,1,1805,1805,PKR
OI002065-03,O002065,P0010,1,375,375,PKR
OI002066-01,O002066,P0120,2,760,1520,PKR
OI002066-02,O002066,P0111,1,1265,1265,PKR
OI002067-01,O002067,P0060,3,230,690,PKR
OI002068-01,O002068,P0035,2,380,760,PKR
OI002069-01,O002069,P0088,1,780,780,PKR
OI002069-02,O002069,P0007,1,425,425,PKR
OI002070-01,O002070,P0021,2,1595,3190,PKR
OI002071-01,O002071,P0103,2,1075,2150,PKR
OI002071-02,O002071,P0109,3,260,780,PKR
OI002071-03,O002071,P0049,2,215,430,PKR
OI002072-01,O002072,P0076,1,1635,1635,PKR
OI002072-02,O002072,P0069,2,530,1060,PKR
OI002072-03,O002072,P0077,1,595,595,PKR
OI002072-04,O002072,P0007,1,425,425,PKR
OI002073-01,O002073,P0017,1,1755,1755,PKR
OI002074-01,O002074,P0059,2,600,1200,PKR
OI002074-02,O002074,P0091,1,490,490,PKR
OI002074-03,O002074,P0092,1,955,955,PKR
OI002074-04,O002074,P0028,1,1930,1930,PKR
OI002074-05,O002074,P0096,1,1660,1660,PKR
OI002075-01,O002075,P0025,2,290,580,PKR
OI002075-02,O002075,P0059,1,600,600,PKR
OI002075-03,O002075,P0046,4,205,820,PKR
OI002076-01,O002076,P0002,1,265,265,PKR
OI002076-02,O002076,P0069,2,530,1060,PKR
OI002076-03,O002076,P0031,1,730,730,PKR
OI002076-04,O002076,P0056,2,385,770,PKR
OI002076-05,O002076,P0075,2,645,1290,PKR
OI002077-01,O002077,P0109,4,260,1040,PKR
OI002077-02,O002077,P0110,2,545,1090,PKR
OI002078-01,O002078,P0048,1,1495,1495,PKR
OI002078-02,O002078,P0082,3,1025,3075,PKR
OI002078-03,O002078,P0029,2,895,1790,PKR
OI002078-04,O002078,P0039,1,920,920,PKR
OI002079-01,O002079,P0045,3,910,2730,PKR
OI002080-01,O002080,P0076,1,1635,1635,PKR
OI002081-01,O002081,P0019,1,1470,1470,PKR
OI002081-02,O002081,P0085,1,270,270,PKR
OI002082-01,O002082,P0085,1,270,270,PKR
OI002083-01,O002083,P0104,1,1645,1645,PKR
OI002083-02,O002083,P0089,1,225,225,PKR
OI002084-01,O002084,P0066,1,785,785,PKR
OI002084-02,O002084,P0025,1,290,290,PKR
OI002084-03,O002084,P0114,1,1530,1530,PKR
OI002084-04,O002084,P0063,1,1685,1685,PKR
OI002085-01,O002085,P0058,1,1715,1715,PKR
OI002085-02,O002085,P0026,1,755,755,PKR
OI002085-03,O002085,P0052,2,250,500,PKR
OI002085-04,O002085,P0054,1,620,620,PKR
OI002086-01,O002086,P0109,2,260,520,PKR
OI002086-02,O002086,P0100,1,855,855,PKR
OI002087-01,O002087,P0092,1,955,955,PKR
OI002087-02,O002087,P0007,1,425,425,PKR
OI002088-01,O002088,P0094,1,130,130,PKR
OI002088-02,O002088,P0083,2,720,1440,PKR
OI002088-03,O002088,P0111,1,1265,1265,PKR
OI002089-01,O002089,P0056,3,385,1155,PKR
OI002089-02,O002089,P0027,3,1980,5940,PKR
OI002090-01,O002090,P0047,1,1540,1540,PKR
OI002090-02,O002090,P0077,1,595,595,PKR
OI002090-03,O002090,P0095,1,890,890,PKR
OI002091-01,O002091,P0109,1,260,260,PKR
OI002091-02,O002091,P0088,1,780,780,PKR
OI002091-03,O002091,P0026,3,755,2265,PKR
OI002092-01,O002092,P0075,1,645,645,PKR
OI002092-02,O002092,P0054,1,620,620,PKR
OI002093-01,O002093,P0066,1,785,785,PKR
OI002094-01,O002094,P0084,1,1260,1260,PKR
OI002095-01,O002095,P0039,1,920,920,PKR
OI002095-02,O002095,P0022,1,1255,1255,PKR
OI002095-03,O002095,P0003,2,1000,2000,PKR
OI002095-04,O002095,P0016,4,1700,6800,PKR
OI002096-01,O002096,P0120,1,760,760,PKR
OI002096-02,O002096,P0048,2,1495,2990,PKR
OI002097-01,O002097,P0110,1,545,545,PKR
OI002097-02,O002097,P0009,1,985,985,PKR
OI002098-01,O002098,P0119,2,550,1100,PKR
OI002098-02,O002098,P0077,3,595,1785,PKR
OI002098-03,O002098,P0003,1,1000,1000,PKR
OI002099-01,O002099,P0008,1,1530,1530,PKR
OI002100-01,O002100,P0060,1,230,230,PKR
OI002100-02,O002100,P0105,1,1155,1155,PKR
OI002100-03,O002100,P0010,2,375,750,PKR
OI002101-01,O002101,P0111,1,1265,1265,PKR
OI002101-02,O002101,P0068,1,550,550,PKR
OI002102-01,O002102,P0096,2,1660,3320,PKR
OI002102-02,O002102,P0042,1,1400,1400,PKR
OI002102-03,O002102,P0091,2,490,980,PKR
OI002102-04,O002102,P0116,1,815,815,PKR
OI002103-01,O002103,P0072,1,1075,1075,PKR
OI002103-02,O002103,P0099,1,970,970,PKR
OI002104-01,O002104,P0047,2,1540,3080,PKR
OI002104-02,O002104,P0040,1,1090,1090,PKR
OI002104-03,O002104,P0023,1,1745,1745,PKR
OI002105-01,O002105,P0065,2,840,1680,PKR
OI002105-02,O002105,P0056,1,385,385,PKR
OI002106-01,O002106,P0018,1,1305,1305,PKR
OI002106-02,O002106,P0015,2,895,1790,PKR
OI002106-03,O002106,P0032,1,585,585,PKR
OI002106-04,O002106,P0090,1,1680,1680,PKR
OI002107-01,O002107,P0070,1,1560,1560,PKR
OI002107-02,O002107,P0064,1,1700,1700,PKR
OI002107-03,O002107,P0047,1,1540,1540,PKR
OI002108-01,O002108,P0111,1,1265,1265,PKR
OI002108-02,O002108,P0032,2,585,1170,PKR
OI002108-03,O002108,P0083,2,720,1440,PKR
OI002109-01,O002109,P0052,2,250,500,PKR
OI002109-02,O002109,P0008,1,1530,1530,PKR
OI002109-03,O002109,P0044,1,1840,1840,PKR
OI002110-01,O002110,P0097,2,1730,3460,PKR
OI002111-01,O002111,P0088,1,780,780,PKR
OI002111-02,O002111,P0022,1,1255,1255,PKR
OI002111-03,O002111,P0118,1,1270,1270,PKR
OI002112-01,O002112,P0117,2,720,1440,PKR
OI002112-02,O002112,P0079,2,850,1700,PKR
OI002113-01,O002113,P0114,1,1530,1530,PKR
OI002114-01,O002114,P0039,2,920,1840,PKR
OI002114-02,O002114,P0085,1,270,270,PKR
OI002114-03,O002114,P0057,1,1425,1425,PKR
OI002114-04,O002114,P0027,2,1980,3960,PKR
OI002114-05,O002114,P0032,2,585,1170,PKR
OI002115-01,O002115,P0013,1,1805,1805,PKR
OI002115-02,O002115,P0033,2,1475,2950,PKR
OI002115-03,O002115,P0106,3,1080,3240,PKR
OI002115-04,O002115,P0098,1,1885,1885,PKR
OI002115-05,O002115,P0064,1,1700,1700,PKR
OI002116-01,O002116,P0081,1,1110,1110,PKR
OI002116-02,O002116,P0009,2,985,1970,PKR
OI002117-01,O002117,P0057,2,1425,2850,PKR
OI002117-02,O002117,P0110,2,545,1090,PKR
OI002117-03,O002117,P0013,1,1805,1805,PKR
OI002117-04,O002117,P0008,1,1530,1530,PKR
OI002118-01,O002118,P0102,4,555,2220,PKR
OI002118-02,O002118,P0016,1,1700,1700,PKR
OI002118-03,O002118,P0082,2,1025,2050,PKR
OI002118-04,O002118,P0084,1,1260,1260,PKR
OI002119-01,O002119,P0034,3,140,420,PKR
OI002119-02,O002119,P0078,1,385,385,PKR
OI002120-01,O002120,P0074,2,600,1200,PKR
OI002120-02,O002120,P0019,1,1470,1470,PKR
OI002120-03,O002120,P0008,1,1530,1530,PKR
OI002121-01,O002121,P0109,1,260,260,PKR
OI002121-02,O002121,P0065,3,840,2520,PKR
OI002122-01,O002122,P0064,1,1700,1700,PKR
OI002122-02,O002122,P0085,2,270,540,PKR
OI002122-03,O002122,P0069,1,530,530,PKR
OI002122-04,O002122,P0033,1,1475,1475,PKR
OI002123-01,O002123,P0044,1,1840,1840,PKR
OI002124-01,O002124,P0081,1,1110,1110,PKR
OI002124-02,O002124,P0082,1,1025,1025,PKR
OI002124-03,O002124,P0041,2,385,770,PKR
OI002125-01,O002125,P0021,1,1595,1595,PKR
OI002125-02,O002125,P0024,1,235,235,PKR
OI002126-01,O002126,P0033,2,1475,2950,PKR
OI002126-02,O002126,P0083,1,720,720,PKR
OI002127-01,O002127,P0082,2,1025,2050,PKR
OI002127-02,O002127,P0095,1,890,890,PKR
OI002128-01,O002128,P0104,1,1645,1645,PKR
OI002128-02,O002128,P0040,1,1090,1090,PKR
OI002128-03,O002128,P0072,3,1075,3225,PKR
OI002129-01,O002129,P0089,1,225,225,PKR
OI002129-02,O002129,P0004,1,1410,1410,PKR
OI002130-01,O002130,P0011,1,1805,1805,PKR
OI002130-02,O002130,P0010,1,375,375,PKR
OI002130-03,O002130,P0078,1,385,385,PKR
OI002131-01,O002131,P0101,2,185,370,PKR
OI002131-02,O002131,P0043,3,1190,3570,PKR
OI002132-01,O002132,P0001,2,660,1320,PKR
OI002132-02,O002132,P0069,2,530,1060,PKR
OI002132-03,O002132,P0021,1,1595,1595,PKR
OI002132-04,O002132,P0066,1,785,785,PKR
OI002132-05,O002132,P0059,1,600,600,PKR
OI002133-01,O002133,P0075,1,645,645,PKR
OI002133-02,O002133,P0008,3,1530,4590,PKR
OI002134-01,O002134,P0033,2,1475,2950,PKR
OI002134-02,O002134,P0013,1,1805,1805,PKR
OI002135-01,O002135,P0029,1,895,895,PKR
OI002135-02,O002135,P0033,3,1475,4425,PKR
OI002136-01,O002136,P0109,1,260,260,PKR
OI002136-02,O002136,P0090,1,1680,1680,PKR
OI002136-03,O002136,P0112,2,385,770,PKR
OI002137-01,O002137,P0001,2,660,1320,PKR
OI002137-02,O002137,P0019,1,1470,1470,PKR
OI002137-03,O002137,P0031,2,730,1460,PKR
OI002138-01,O002138,P0056,1,385,385,PKR
OI002138-02,O002138,P0064,1,1700,1700,PKR
OI002139-01,O002139,P0016,4,1700,6800,PKR
OI002139-02,O002139,P0054,2,620,1240,PKR
OI002139-03,O002139,P0078,2,385,770,PKR
OI002139-04,O002139,P0023,1,1745,1745,PKR
OI002139-05,O002139,P0028,3,1930,5790,PKR
OI002140-01,O002140,P0105,1,1155,1155,PKR
OI002141-01,O002141,P0025,2,290,580,PKR
OI002141-02,O002141,P0062,3,1690,5070,PKR
OI002141-03,O002141,P0010,1,375,375,PKR
OI002141-04,O002141,P0019,1,1470,1470,PKR
OI002141-05,O002141,P0013,1,1805,1805,PKR
OI002142-01,O002142,P0030,1,220,220,PKR
OI002142-02,O002142,P0103,3,1075,3225,PKR
OI002142-03,O002142,P0036,1,595,595,PKR
OI002142-04,O002142,P0044,1,1840,1840,PKR
OI002143-01,O002143,P0044,3,1840,5520,PKR
OI002144-01,O002144,P0039,1,920,920,PKR
OI002145-01,O002145,P0053,1,2210,2210,PKR
OI002146-01,O002146,P0049,2,215,430,PKR
OI002146-02,O002146,P0028,2,1930,3860,PKR
OI002146-03,O002146,P0053,2,2210,4420,PKR
OI002146-04,O002146,P0016,1,1700,1700,PKR
OI002147-01,O002147,P0117,1,720,720,PKR
OI002147-02,O002147,P0080,1,2175,2175,PKR
OI002147-03,O002147,P0030,1,220,220,PKR
OI002148-01,O002148,P0103,1,1075,1075,PKR
OI002149-01,O002149,P0047,2,1540,3080,PKR
OI002149-02,O002149,P0010,2,375,750,PKR
OI002149-03,O002149,P0023,1,1745,1745,PKR
OI002150-01,O002150,P0052,1,250,250,PKR
OI002150-02,O002150,P0104,1,1645,1645,PKR
OI002151-01,O002151,P0092,1,955,955,PKR
OI002151-02,O002151,P0057,1,1425,1425,PKR
OI002152-01,O002152,P0001,1,660,660,PKR
OI002153-01,O002153,P0077,3,595,1785,PKR
OI002153-02,O002153,P0056,1,385,385,PKR
OI002153-03,O002153,P0035,1,380,380,PKR
OI002153-04,O002153,P0104,3,1645,4935,PKR
OI002154-01,O002154,P0015,4,895,3580,PKR
OI002154-02,O002154,P0107,1,1020,1020,PKR
OI002154-03,O002154,P0114,2,1530,3060,PKR
OI002155-01,O002155,P0046,1,205,205,PKR
OI002155-02,O002155,P0093,2,1805,3610,PKR
OI002155-03,O002155,P0061,1,275,275,PKR
OI002155-04,O002155,P0041,1,385,385,PKR
OI002156-01,O002156,P0016,1,1700,1700,PKR
OI002156-02,O002156,P0043,1,1190,1190,PKR
OI002157-01,O002157,P0097,1,1730,1730,PKR
OI002157-02,O002157,P0039,1,920,920,PKR
OI002157-03,O002157,P0008,1,1530,1530,PKR
OI002157-04,O002157,P0078,2,385,770,PKR
OI002158-01,O002158,P0010,1,375,375,PKR
OI002158-02,O002158,P0073,1,225,225,PKR
OI002158-03,O002158,P0015,3,895,2685,PKR
OI002158-04,O002158,P0103,2,1075,2150,PKR
OI002159-01,O002159,P0021,2,1595,3190,PKR
OI002159-02,O002159,P0073,3,225,675,PKR
OI002160-01,O002160,P0071,1,850,850,PKR
OI002161-01,O002161,P0018,3,1305,3915,PKR
OI002161-02,O002161,P0108,2,935,1870,PKR
OI002161-03,O002161,P0015,1,895,895,PKR
OI002162-01,O002162,P0026,3,755,2265,PKR
OI002162-02,O002162,P0005,1,1405,1405,PKR
OI002162-03,O002162,P0114,1,1530,1530,PKR
OI002162-04,O002162,P0097,1,1730,1730,PKR
OI002162-05,O002162,P0106,1,1080,1080,PKR
OI002163-01,O002163,P0091,2,490,980,PKR
OI002163-02,O002163,P0012,1,155,155,PKR
OI002164-01,O002164,P0013,1,1805,1805,PKR
OI002165-01,O002165,P0105,1,1155,1155,PKR
OI002165-02,O002165,P0083,1,720,720,PKR
OI002165-03,O002165,P0010,1,375,375,PKR
OI002165-04,O002165,P0038,2,475,950,PKR
OI002166-01,O002166,P0051,2,200,400,PKR
OI002166-02,O002166,P0070,1,1560,1560,PKR
OI002167-01,O002167,P0012,1,155,155,PKR
OI002167-02,O002167,P0027,1,1980,1980,PKR
OI002167-03,O002167,P0033,2,1475,2950,PKR
OI002167-04,O002167,P0047,1,1540,1540,PKR
OI002167-05,O002167,P0053,2,2210,4420,PKR
OI002168-01,O002168,P0044,1,1840,1840,PKR
OI002168-02,O002168,P0006,1,750,750,PKR
OI002168-03,O002168,P0078,1,385,385,PKR
OI002169-01,O002169,P0065,1,840,840,PKR
OI002169-02,O002169,P0052,1,250,250,PKR
OI002169-03,O002169,P0088,2,780,1560,PKR
OI002170-01,O002170,P0044,1,1840,1840,PKR
OI002170-02,O002170,P0093,4,1805,7220,PKR
OI002170-03,O002170,P0080,1,2175,2175,PKR
OI002170-04,O002170,P0103,1,1075,1075,PKR
OI002171-01,O002171,P0044,1,1840,1840,PKR
OI002172-01,O002172,P0014,1,1895,1895,PKR
OI002173-01,O002173,P0106,2,1080,2160,PKR
OI002173-02,O002173,P0002,3,265,795,PKR
OI002174-01,O002174,P0116,1,815,815,PKR
OI002174-02,O002174,P0065,2,840,1680,PKR
OI002174-03,O002174,P0027,1,1980,1980,PKR
OI002175-01,O002175,P0076,1,1635,1635,PKR
OI002175-02,O002175,P0118,1,1270,1270,PKR
OI002176-01,O002176,P0072,3,1075,3225,PKR
OI002177-01,O002177,P0101,2,185,370,PKR
OI002178-01,O002178,P0017,3,1755,5265,PKR
OI002178-02,O002178,P0062,1,1690,1690,PKR
OI002179-01,O002179,P0100,2,855,1710,PKR
OI002180-01,O002180,P0110,2,545,1090,PKR
OI002181-01,O002181,P0094,1,130,130,PKR
OI002181-02,O002181,P0043,1,1190,1190,PKR
OI002182-01,O002182,P0066,1,785,785,PKR
OI002182-02,O002182,P0027,1,1980,1980,PKR
OI002182-03,O002182,P0052,1,250,250,PKR
OI002183-01,O002183,P0070,1,1560,1560,PKR
OI002183-02,O002183,P0103,2,1075,2150,PKR
OI002183-03,O002183,P0107,2,1020,2040,PKR
OI002183-04,O002183,P0001,1,660,660,PKR
OI002183-05,O002183,P0059,2,600,1200,PKR
OI002184-01,O002184,P0009,2,985,1970,PKR
OI002184-02,O002184,P0065,3,840,2520,PKR
OI002185-01,O002185,P0104,1,1645,1645,PKR
OI002185-02,O002185,P0088,2,780,1560,PKR
OI002185-03,O002185,P0081,3,1110,3330,PKR
OI002186-01,O002186,P0054,1,620,620,PKR
OI002186-02,O002186,P0116,1,815,815,PKR
OI002186-03,O002186,P0104,2,1645,3290,PKR
OI002186-04,O002186,P0031,3,730,2190,PKR
OI002187-01,O002187,P0036,1,595,595,PKR
OI002187-02,O002187,P0058,1,1715,1715,PKR
OI002187-03,O002187,P0039,1,920,920,PKR
OI002188-01,O002188,P0108,1,935,935,PKR
OI002188-02,O002188,P0099,1,970,970,PKR
OI002188-03,O002188,P0024,1,235,235,PKR
OI002188-04,O002188,P0038,1,475,475,PKR
OI002189-01,O002189,P0102,1,555,555,PKR
OI002190-01,O002190,P0064,1,1700,1700,PKR
OI002190-02,O002190,P0030,3,220,660,PKR
OI002190-03,O002190,P0086,1,850,850,PKR
OI002190-04,O002190,P0083,2,720,1440,PKR
OI002191-01,O002191,P0084,1,1260,1260,PKR
OI002191-02,O002191,P0089,1,225,225,PKR
OI002192-01,O002192,P0082,4,1025,4100,PKR
OI002192-02,O002192,P0060,1,230,230,PKR
OI002193-01,O002193,P0114,2,1530,3060,PKR
OI002193-02,O002193,P0011,1,1805,1805,PKR
OI002194-01,O002194,P0053,1,2210,2210,PKR
OI002194-02,O002194,P0100,2,855,1710,PKR
OI002195-01,O002195,P0107,3,1020,3060,PKR
OI002196-01,O002196,P0079,2,850,1700,PKR
OI002196-02,O002196,P0062,2,1690,3380,PKR
OI002196-03,O002196,P0014,1,1895,1895,PKR
OI002197-01,O002197,P0029,2,895,1790,PKR
OI002197-02,O002197,P0051,1,200,200,PKR
OI002198-01,O002198,P0085,3,270,810,PKR
OI002198-02,O002198,P0032,2,585,1170,PKR
OI002199-01,O002199,P0028,1,1930,1930,PKR
OI002199-02,O002199,P0079,1,850,850,PKR
OI002200-01,O002200,P0048,1,1495,1495,PKR
OI002200-02,O002200,P0092,3,955,2865,PKR
OI002200-03,O002200,P0088,4,780,3120,PKR
OI002201-01,O002201,P0030,1,220,220,PKR
OI002201-02,O002201,P0046,1,205,205,PKR
OI002201-03,O002201,P0092,1,955,955,PKR
OI002202-01,O002202,P0032,1,585,585,PKR
OI002202-02,O002202,P0077,1,595,595,PKR
OI002202-03,O002202,P0059,1,600,600,PKR
OI002202-04,O002202,P0038,1,475,475,PKR
OI002203-01,O002203,P0082,2,1025,2050,PKR
OI002204-01,O002204,P0078,1,385,385,PKR
OI002205-01,O002205,P0046,1,205,205,PKR
OI002205-02,O002205,P0091,1,490,490,PKR
OI002206-01,O002206,P0108,1,935,935,PKR
OI002207-01,O002207,P0103,1,1075,1075,PKR
OI002208-01,O002208,P0043,1,1190,1190,PKR
OI002208-02,O002208,P0035,1,380,380,PKR
OI002208-03,O002208,P0088,1,780,780,PKR
OI002208-04,O002208,P0033,2,1475,2950,PKR
OI002209-01,O002209,P0034,1,140,140,PKR
OI002209-02,O002209,P0104,1,1645,1645,PKR
OI002209-03,O002209,P0017,1,1755,1755,PKR
OI002209-04,O002209,P0056,1,385,385,PKR
OI002210-01,O002210,P0021,1,1595,1595,PKR
OI002210-02,O002210,P0030,1,220,220,PKR
OI002210-03,O002210,P0054,2,620,1240,PKR
OI002210-04,O002210,P0074,1,600,600,PKR
OI002210-05,O002210,P0053,2,2210,4420,PKR
OI002211-01,O002211,P0016,1,1700,1700,PKR
OI002212-01,O002212,P0049,3,215,645,PKR
OI002212-02,O002212,P0028,1,1930,1930,PKR
OI002212-03,O002212,P0043,2,1190,2380,PKR
OI002212-04,O002212,P0070,1,1560,1560,PKR
OI002212-05,O002212,P0112,3,385,1155,PKR
OI002213-01,O002213,P0114,1,1530,1530,PKR
OI002213-02,O002213,P0038,1,475,475,PKR
OI002213-03,O002213,P0082,2,1025,2050,PKR
OI002213-04,O002213,P0065,1,840,840,PKR
OI002213-05,O002213,P0021,1,1595,1595,PKR
OI002214-01,O002214,P0077,1,595,595,PKR
OI002214-02,O002214,P0021,2,1595,3190,PKR
OI002214-03,O002214,P0030,2,220,440,PKR
OI002214-04,O002214,P0048,1,1495,1495,PKR
OI002215-01,O002215,P0057,2,1425,2850,PKR
OI002215-02,O002215,P0076,1,1635,1635,PKR
OI002215-03,O002215,P0115,1,1790,1790,PKR
OI002216-01,O002216,P0018,1,1305,1305,PKR
OI002216-02,O002216,P0069,1,530,530,PKR
OI002216-03,O002216,P0047,2,1540,3080,PKR
OI002217-01,O002217,P0047,1,1540,1540,PKR
OI002217-02,O002217,P0057,4,1425,5700,PKR
OI002218-01,O002218,P0083,2,720,1440,PKR
OI002218-02,O002218,P0043,1,1190,1190,PKR
OI002219-01,O002219,P0071,1,850,850,PKR
OI002219-02,O002219,P0117,1,720,720,PKR
OI002219-03,O002219,P0002,1,265,265,PKR
OI002219-04,O002219,P0041,1,385,385,PKR
OI002220-01,O002220,P0101,4,185,740,PKR
OI002220-02,O002220,P0056,2,385,770,PKR
OI002221-01,O002221,P0049,2,215,430,PKR
OI002221-02,O002221,P0084,2,1260,2520,PKR
OI002222-01,O002222,P0051,1,200,200,PKR
OI002222-02,O002222,P0066,1,785,785,PKR
OI002222-03,O002222,P0044,1,1840,1840,PKR
OI002223-01,O002223,P0094,1,130,130,PKR
OI002223-02,O002223,P0063,1,1685,1685,PKR
OI002224-01,O002224,P0090,2,1680,3360,PKR
OI002224-02,O002224,P0026,1,755,755,PKR
OI002224-03,O002224,P0106,2,1080,2160,PKR
OI002225-01,O002225,P0018,1,1305,1305,PKR
OI002225-02,O002225,P0080,1,2175,2175,PKR
OI002225-03,O002225,P0090,1,1680,1680,PKR
OI002226-01,O002226,P0026,3,755,2265,PKR
OI002227-01,O002227,P0067,1,1215,1215,PKR
OI002227-02,O002227,P0100,1,855,855,PKR
OI002227-03,O002227,P0059,1,600,600,PKR
OI002227-04,O002227,P0113,3,1250,3750,PKR
OI002228-01,O002228,P0062,3,1690,5070,PKR
OI002229-01,O002229,P0041,1,385,385,PKR
OI002229-02,O002229,P0104,2,1645,3290,PKR
OI002229-03,O002229,P0082,4,1025,4100,PKR
OI002230-01,O002230,P0075,2,645,1290,PKR
OI002231-01,O002231,P0050,1,810,810,PKR
OI002231-02,O002231,P0028,1,1930,1930,PKR
OI002231-03,O002231,P0100,1,855,855,PKR
OI002232-01,O002232,P0073,2,225,450,PKR
OI002233-01,O002233,P0095,2,890,1780,PKR
OI002233-02,O002233,P0082,3,1025,3075,PKR
OI002233-03,O002233,P0070,1,1560,1560,PKR
OI002234-01,O002234,P0120,1,760,760,PKR
OI002234-02,O002234,P0042,1,1400,1400,PKR
OI002234-03,O002234,P0119,1,550,550,PKR
OI002234-04,O002234,P0118,1,1270,1270,PKR
OI002234-05,O002234,P0037,2,180,360,PKR
OI002235-01,O002235,P0096,2,1660,3320,PKR
OI002235-02,O002235,P0002,1,265,265,PKR
OI002235-03,O002235,P0120,1,760,760,PKR
OI002236-01,O002236,P0069,2,530,1060,PKR
OI002236-02,O002236,P0120,2,760,1520,PKR
OI002236-03,O002236,P0118,1,1270,1270,PKR
OI002237-01,O002237,P0113,1,1250,1250,PKR
OI002237-02,O002237,P0044,1,1840,1840,PKR
OI002238-01,O002238,P0018,1,1305,1305,PKR
OI002239-01,O002239,P0051,1,200,200,PKR
OI002239-02,O002239,P0016,2,1700,3400,PKR
OI002240-01,O002240,P0040,2,1090,2180,PKR
OI002240-02,O002240,P0097,1,1730,1730,PKR
OI002240-03,O002240,P0116,2,815,1630,PKR
OI002241-01,O002241,P0088,1,780,780,PKR
OI002241-02,O002241,P0020,1,325,325,PKR
OI002241-03,O002241,P0111,1,1265,1265,PKR
OI002242-01,O002242,P0117,1,720,720,PKR
OI002243-01,O002243,P0046,1,205,205,PKR
OI002243-02,O002243,P0051,2,200,400,PKR
OI002243-03,O002243,P0111,1,1265,1265,PKR
OI002244-01,O002244,P0050,1,810,810,PKR
OI002244-02,O002244,P0023,1,1745,1745,PKR
OI002244-03,O002244,P0066,2,785,1570,PKR
OI002244-04,O002244,P0009,2,985,1970,PKR
OI002245-01,O002245,P0107,1,1020,1020,PKR
OI002245-02,O002245,P0117,1,720,720,PKR
OI002245-03,O002245,P0062,1,1690,1690,PKR
OI002246-01,O002246,P0040,2,1090,2180,PKR
OI002246-02,O002246,P0006,1,750,750,PKR
OI002247-01,O002247,P0020,1,325,325,PKR
OI002247-02,O002247,P0045,1,910,910,PKR
OI002248-01,O002248,P0098,1,1885,1885,PKR
OI002248-02,O002248,P0118,1,1270,1270,PKR
OI002248-03,O002248,P0017,1,1755,1755,PKR
OI002248-04,O002248,P0067,2,1215,2430,PKR
OI002249-01,O002249,P0051,1,200,200,PKR
OI002250-01,O002250,P0065,1,840,840,PKR
OI002251-01,O002251,P0006,1,750,750,PKR
OI002252-01,O002252,P0031,2,730,1460,PKR
OI002252-02,O002252,P0045,1,910,910,PKR
OI002253-01,O002253,P0054,1,620,620,PKR
OI002253-02,O002253,P0040,1,1090,1090,PKR
OI002254-01,O002254,P0091,2,490,980,PKR
OI002254-02,O002254,P0060,1,230,230,PKR
OI002255-01,O002255,P0111,2,1265,2530,PKR
OI002255-02,O002255,P0087,1,1090,1090,PKR
OI002255-03,O002255,P0119,1,550,550,PKR
OI002255-04,O002255,P0006,1,750,750,PKR
OI002256-01,O002256,P0036,1,595,595,PKR
OI002256-02,O002256,P0104,3,1645,4935,PKR
OI002257-01,O002257,P0084,2,1260,2520,PKR
OI002257-02,O002257,P0072,1,1075,1075,PKR
OI002258-01,O002258,P0070,1,1560,1560,PKR
OI002258-02,O002258,P0119,3,550,1650,PKR
OI002258-03,O002258,P0060,3,230,690,PKR
OI002259-01,O002259,P0053,2,2210,4420,PKR
OI002259-02,O002259,P0028,3,1930,5790,PKR
OI002260-01,O002260,P0018,1,1305,1305,PKR
OI002260-02,O002260,P0074,1,600,600,PKR
OI002261-01,O002261,P0033,1,1475,1475,PKR
OI002262-01,O002262,P0010,1,375,375,PKR
OI002262-02,O002262,P0054,4,620,2480,PKR
OI002262-03,O002262,P0111,1,1265,1265,PKR
OI002262-04,O002262,P0087,1,1090,1090,PKR
OI002262-05,O002262,P0059,1,600,600,PKR
OI002263-01,O002263,P0058,4,1715,6860,PKR
OI002263-02,O002263,P0090,1,1680,1680,PKR
OI002263-03,O002263,P0084,3,1260,3780,PKR
OI002263-04,O002263,P0092,3,955,2865,PKR
OI002264-01,O002264,P0012,2,155,310,PKR
OI002264-02,O002264,P0090,1,1680,1680,PKR
OI002264-03,O002264,P0037,4,180,720,PKR
OI002265-01,O002265,P0023,1,1745,1745,PKR
OI002265-02,O002265,P0022,1,1255,1255,PKR
OI002265-03,O002265,P0036,1,595,595,PKR
OI002266-01,O002266,P0038,1,475,475,PKR
OI002267-01,O002267,P0095,1,890,890,PKR
OI002267-02,O002267,P0086,2,850,1700,PKR
OI002267-03,O002267,P0023,1,1745,1745,PKR
OI002268-01,O002268,P0042,1,1400,1400,PKR
OI002268-02,O002268,P0017,1,1755,1755,PKR
OI002268-03,O002268,P0101,2,185,370,PKR
OI002268-04,O002268,P0104,2,1645,3290,PKR
OI002269-01,O002269,P0040,1,1090,1090,PKR
OI002269-02,O002269,P0027,2,1980,3960,PKR
OI002269-03,O002269,P0113,1,1250,1250,PKR
OI002270-01,O002270,P0079,1,850,850,PKR
OI002271-01,O002271,P0114,1,1530,1530,PKR
OI002271-02,O002271,P0033,2,1475,2950,PKR
OI002271-03,O002271,P0034,1,140,140,PKR
OI002271-04,O002271,P0044,3,1840,5520,PKR
OI002271-05,O002271,P0116,1,815,815,PKR
OI002272-01,O002272,P0015,2,895,1790,PKR
OI002272-02,O002272,P0077,2,595,1190,PKR
OI002273-01,O002273,P0093,1,1805,1805,PKR
OI002273-02,O002273,P0051,1,200,200,PKR
OI002273-03,O002273,P0014,2,1895,3790,PKR
OI002274-01,O002274,P0089,2,225,450,PKR
OI002274-02,O002274,P0079,1,850,850,PKR
OI002274-03,O002274,P0059,1,600,600,PKR
OI002274-04,O002274,P0062,1,1690,1690,PKR
OI002275-01,O002275,P0051,1,200,200,PKR
OI002275-02,O002275,P0043,1,1190,1190,PKR
OI002276-01,O002276,P0112,4,385,1540,PKR
OI002276-02,O002276,P0086,1,850,850,PKR
OI002276-03,O002276,P0105,1,1155,1155,PKR
OI002277-01,O002277,P0050,1,810,810,PKR
OI002277-02,O002277,P0008,1,1530,1530,PKR
OI002277-03,O002277,P0097,2,1730,3460,PKR
OI002278-01,O002278,P0099,1,970,970,PKR
OI002279-01,O002279,P0011,1,1805,1805,PKR
OI002279-02,O002279,P0005,1,1405,1405,PKR
OI002280-01,O002280,P0065,2,840,1680,PKR
OI002280-02,O002280,P0060,2,230,460,PKR
OI002280-03,O002280,P0074,3,600,1800,PKR
OI002281-01,O002281,P0025,2,290,580,PKR
OI002281-02,O002281,P0048,4,1495,5980,PKR
OI002281-03,O002281,P0092,2,955,1910,PKR
OI002282-01,O002282,P0001,3,660,1980,PKR
OI002283-01,O002283,P0006,1,750,750,PKR
OI002283-02,O002283,P0017,1,1755,1755,PKR
OI002284-01,O002284,P0082,1,1025,1025,PKR
OI002284-02,O002284,P0078,2,385,770,PKR
OI002285-01,O002285,P0106,2,1080,2160,PKR
OI002286-01,O002286,P0075,1,645,645,PKR
OI002286-02,O002286,P0115,1,1790,1790,PKR
OI002286-03,O002286,P0003,2,1000,2000,PKR
OI002286-04,O002286,P0030,1,220,220,PKR
OI002287-01,O002287,P0069,4,530,2120,PKR
OI002287-02,O002287,P0012,2,155,310,PKR
OI002287-03,O002287,P0032,1,585,585,PKR
OI002287-04,O002287,P0059,1,600,600,PKR
OI002287-05,O002287,P0112,2,385,770,PKR
OI002288-01,O002288,P0048,1,1495,1495,PKR
OI002289-01,O002289,P0037,1,180,180,PKR
OI002289-02,O002289,P0077,1,595,595,PKR
OI002290-01,O002290,P0102,1,555,555,PKR
OI002290-02,O002290,P0061,1,275,275,PKR
OI002291-01,O002291,P0028,1,1930,1930,PKR
OI002291-02,O002291,P0089,1,225,225,PKR
OI002291-03,O002291,P0114,4,1530,6120,PKR
OI002291-04,O002291,P0119,1,550,550,PKR
OI002291-05,O002291,P0083,1,720,720,PKR
OI002292-01,O002292,P0079,1,850,850,PKR
OI002293-01,O002293,P0049,1,215,215,PKR
OI002294-01,O002294,P0031,1,730,730,PKR
OI002295-01,O002295,P0093,1,1805,1805,PKR
OI002295-02,O002295,P0005,1,1405,1405,PKR
OI002295-03,O002295,P0077,2,595,1190,PKR
OI002295-04,O002295,P0070,1,1560,1560,PKR
OI002296-01,O002296,P0021,1,1595,1595,PKR
OI002297-01,O002297,P0090,1,1680,1680,PKR
OI002297-02,O002297,P0069,1,530,530,PKR
OI002297-03,O002297,P0095,2,890,1780,PKR
OI002297-04,O002297,P0112,1,385,385,PKR
OI002298-01,O002298,P0038,3,475,1425,PKR
OI002299-01,O002299,P0107,2,1020,2040,PKR
OI002300-01,O002300,P0052,3,250,750,PKR
OI002300-02,O002300,P0047,1,1540,1540,PKR
OI002300-03,O002300,P0020,1,325,325,PKR
OI002301-01,O002301,P0045,1,910,910,PKR
OI002301-02,O002301,P0058,1,1715,1715,PKR
OI002301-03,O002301,P0086,1,850,850,PKR
OI002301-04,O002301,P0116,1,815,815,PKR
OI002302-01,O002302,P0073,1,225,225,PKR
OI002302-02,O002302,P0089,1,225,225,PKR
OI002302-03,O002302,P0090,1,1680,1680,PKR
OI002302-04,O002302,P0113,1,1250,1250,PKR
OI002303-01,O002303,P0098,1,1885,1885,PKR
OI002304-01,O002304,P0022,2,1255,2510,PKR
OI002304-02,O002304,P0062,1,1690,1690,PKR
OI002304-03,O002304,P0011,3,1805,5415,PKR
OI002305-01,O002305,P0015,1,895,895,PKR
OI002305-02,O002305,P0102,1,555,555,PKR
OI002305-03,O002305,P0051,3,200,600,PKR
OI002306-01,O002306,P0008,2,1530,3060,PKR
OI002306-02,O002306,P0011,1,1805,1805,PKR
OI002306-03,O002306,P0120,1,760,760,PKR
OI002307-01,O002307,P0094,1,130,130,PKR
OI002307-02,O002307,P0104,3,1645,4935,PKR
OI002307-03,O002307,P0006,1,750,750,PKR
OI002308-01,O002308,P0023,1,1745,1745,PKR
OI002308-02,O002308,P0047,2,1540,3080,PKR
OI002308-03,O002308,P0058,1,1715,1715,PKR
OI002308-04,O002308,P0111,1,1265,1265,PKR
OI002309-01,O002309,P0067,1,1215,1215,PKR
OI002310-01,O002310,P0056,1,385,385,PKR
OI002310-02,O002310,P0116,1,815,815,PKR
OI002310-03,O002310,P0107,1,1020,1020,PKR
OI002311-01,O002311,P0019,1,1470,1470,PKR
OI002311-02,O002311,P0017,1,1755,1755,PKR
OI002312-01,O002312,P0079,2,850,1700,PKR
OI002312-02,O002312,P0065,2,840,1680,PKR
OI002312-03,O002312,P0098,1,1885,1885,PKR
OI002312-04,O002312,P0040,1,1090,1090,PKR
OI002312-05,O002312,P0077,1,595,595,PKR
OI002313-01,O002313,P0042,1,1400,1400,PKR
OI002314-01,O002314,P0018,1,1305,1305,PKR
OI002314-02,O002314,P0118,1,1270,1270,PKR
OI002314-03,O002314,P0030,1,220,220,PKR
OI002314-04,O002314,P0025,1,290,290,PKR
OI002315-01,O002315,P0118,1,1270,1270,PKR
OI002315-02,O002315,P0004,1,1410,1410,PKR
OI002316-01,O002316,P0042,1,1400,1400,PKR
OI002316-02,O002316,P0060,1,230,230,PKR
OI002317-01,O002317,P0053,2,2210,4420,PKR
OI002317-02,O002317,P0086,1,850,850,PKR
OI002318-01,O002318,P0084,1,1260,1260,PKR
OI002318-02,O002318,P0007,2,425,850,PKR
OI002318-03,O002318,P0053,2,2210,4420,PKR
OI002318-04,O002318,P0015,1,895,895,PKR
OI002318-05,O002318,P0055,1,1405,1405,PKR
OI002319-01,O002319,P0048,2,1495,2990,PKR
OI002319-02,O002319,P0032,1,585,585,PKR
OI002319-03,O002319,P0078,2,385,770,PKR
OI002319-04,O002319,P0073,1,225,225,PKR
OI002320-01,O002320,P0108,1,935,935,PKR
OI002320-02,O002320,P0103,2,1075,2150,PKR
OI002320-03,O002320,P0029,1,895,895,PKR
OI002320-04,O002320,P0107,3,1020,3060,PKR
OI002321-01,O002321,P0114,1,1530,1530,PKR
OI002321-02,O002321,P0053,1,2210,2210,PKR
OI002321-03,O002321,P0064,1,1700,1700,PKR
OI002321-04,O002321,P0055,1,1405,1405,PKR
OI002321-05,O002321,P0062,1,1690,1690,PKR
OI002322-01,O002322,P0050,1,810,810,PKR
OI002322-02,O002322,P0033,1,1475,1475,PKR
OI002322-03,O002322,P0018,2,1305,2610,PKR
OI002322-04,O002322,P0115,2,1790,3580,PKR
OI002322-05,O002322,P0057,2,1425,2850,PKR
OI002323-01,O002323,P0025,3,290,870,PKR
OI002323-02,O002323,P0096,3,1660,4980,PKR
OI002323-03,O002323,P0039,1,920,920,PKR
OI002324-01,O002324,P0018,1,1305,1305,PKR
OI002324-02,O002324,P0055,1,1405,1405,PKR
OI002324-03,O002324,P0077,1,595,595,PKR
OI002324-04,O002324,P0079,1,850,850,PKR
OI002325-01,O002325,P0016,2,1700,3400,PKR
OI002326-01,O002326,P0002,2,265,530,PKR
OI002326-02,O002326,P0044,1,1840,1840,PKR
OI002327-01,O002327,P0007,1,425,425,PKR
OI002327-02,O002327,P0050,1,810,810,PKR
OI002328-01,O002328,P0029,1,895,895,PKR
OI002328-02,O002328,P0085,1,270,270,PKR
OI002328-03,O002328,P0105,1,1155,1155,PKR
OI002329-01,O002329,P0039,1,920,920,PKR
OI002330-01,O002330,P0054,2,620,1240,PKR
OI002330-02,O002330,P0006,1,750,750,PKR
OI002331-01,O002331,P0046,1,205,205,PKR
OI002331-02,O002331,P0086,2,850,1700,PKR
OI002332-01,O002332,P0078,1,385,385,PKR
OI002332-02,O002332,P0090,2,1680,3360,PKR
OI002332-03,O002332,P0026,1,755,755,PKR
OI002332-04,O002332,P0093,1,1805,1805,PKR
OI002333-01,O002333,P0006,1,750,750,PKR
OI002333-02,O002333,P0075,1,645,645,PKR
OI002334-01,O002334,P0107,1,1020,1020,PKR
OI002334-02,O002334,P0080,3,2175,6525,PKR
OI002335-01,O002335,P0015,4,895,3580,PKR
OI002335-02,O002335,P0027,3,1980,5940,PKR
OI002336-01,O002336,P0082,2,1025,2050,PKR
OI002336-02,O002336,P0113,1,1250,1250,PKR
OI002337-01,O002337,P0085,1,270,270,PKR
OI002337-02,O002337,P0026,1,755,755,PKR
OI002337-03,O002337,P0001,2,660,1320,PKR
OI002337-04,O002337,P0086,2,850,1700,PKR
OI002337-05,O002337,P0115,1,1790,1790,PKR
OI002338-01,O002338,P0018,1,1305,1305,PKR
OI002338-02,O002338,P0010,2,375,750,PKR
OI002338-03,O002338,P0120,2,760,1520,PKR
OI002338-04,O002338,P0080,4,2175,8700,PKR
OI002338-05,O002338,P0113,1,1250,1250,PKR
OI002339-01,O002339,P0024,1,235,235,PKR
OI002339-02,O002339,P0012,1,155,155,PKR
OI002340-01,O002340,P0033,1,1475,1475,PKR
OI002340-02,O002340,P0080,1,2175,2175,PKR
OI002341-01,O002341,P0041,2,385,770,PKR
OI002341-02,O002341,P0088,2,780,1560,PKR
OI002341-03,O002341,P0106,1,1080,1080,PKR
OI002341-04,O002341,P0109,1,260,260,PKR
OI002342-01,O002342,P0029,1,895,895,PKR
OI002342-02,O002342,P0075,1,645,645,PKR
OI002343-01,O002343,P0067,1,1215,1215,PKR
OI002344-01,O002344,P0021,2,1595,3190,PKR
OI002344-02,O002344,P0097,2,1730,3460,PKR
OI002344-03,O002344,P0017,1,1755,1755,PKR
OI002345-01,O002345,P0025,1,290,290,PKR
OI002346-01,O002346,P0081,1,1110,1110,PKR
OI002346-02,O002346,P0003,1,1000,1000,PKR
OI002346-03,O002346,P0093,1,1805,1805,PKR
OI002346-04,O002346,P0017,1,1755,1755,PKR
OI002347-01,O002347,P0089,2,225,450,PKR
OI002348-01,O002348,P0032,1,585,585,PKR
OI002348-02,O002348,P0045,4,910,3640,PKR
OI002349-01,O002349,P0010,1,375,375,PKR
OI002349-02,O002349,P0043,2,1190,2380,PKR
OI002349-03,O002349,P0079,2,850,1700,PKR
OI002350-01,O002350,P0061,1,275,275,PKR
OI002350-02,O002350,P0059,1,600,600,PKR
OI002351-01,O002351,P0093,3,1805,5415,PKR
OI002351-02,O002351,P0109,1,260,260,PKR
OI002352-01,O002352,P0059,4,600,2400,PKR
OI002352-02,O002352,P0046,2,205,410,PKR
OI002353-01,O002353,P0101,1,185,185,PKR
OI002353-02,O002353,P0031,1,730,730,PKR
OI002353-03,O002353,P0008,1,1530,1530,PKR
OI002353-04,O002353,P0120,1,760,760,PKR
OI002354-01,O002354,P0047,1,1540,1540,PKR
OI002354-02,O002354,P0006,2,750,1500,PKR
OI002355-01,O002355,P0074,1,600,600,PKR
OI002355-02,O002355,P0021,3,1595,4785,PKR
OI002355-03,O002355,P0045,3,910,2730,PKR
OI002356-01,O002356,P0003,1,1000,1000,PKR
OI002356-02,O002356,P0062,2,1690,3380,PKR
OI002357-01,O002357,P0005,2,1405,2810,PKR
OI002357-02,O002357,P0029,3,895,2685,PKR
OI002358-01,O002358,P0042,1,1400,1400,PKR
OI002359-01,O002359,P0085,2,270,540,PKR
OI002359-02,O002359,P0056,2,385,770,PKR
OI002360-01,O002360,P0006,2,750,1500,PKR
OI002360-02,O002360,P0102,2,555,1110,PKR
OI002361-01,O002361,P0115,1,1790,1790,PKR
OI002361-02,O002361,P0069,1,530,530,PKR
OI002362-01,O002362,P0072,1,1075,1075,PKR
OI002363-01,O002363,P0081,1,1110,1110,PKR
OI002364-01,O002364,P0099,1,970,970,PKR
OI002364-02,O002364,P0033,2,1475,2950,PKR
OI002364-03,O002364,P0081,2,1110,2220,PKR
OI002365-01,O002365,P0044,2,1840,3680,PKR
OI002365-02,O002365,P0012,1,155,155,PKR
OI002365-03,O002365,P0065,2,840,1680,PKR
OI002365-04,O002365,P0110,2,545,1090,PKR
OI002365-05,O002365,P0063,2,1685,3370,PKR
OI002366-01,O002366,P0091,1,490,490,PKR
OI002366-02,O002366,P0070,2,1560,3120,PKR
OI002367-01,O002367,P0024,2,235,470,PKR
OI002368-01,O002368,P0087,2,1090,2180,PKR
OI002368-02,O002368,P0044,2,1840,3680,PKR
OI002368-03,O002368,P0115,1,1790,1790,PKR
OI002368-04,O002368,P0095,3,890,2670,PKR
OI002369-01,O002369,P0074,2,600,1200,PKR
OI002369-02,O002369,P0119,1,550,550,PKR
OI002369-03,O002369,P0018,3,1305,3915,PKR
OI002370-01,O002370,P0042,3,1400,4200,PKR
OI002370-02,O002370,P0116,1,815,815,PKR
OI002371-01,O002371,P0098,1,1885,1885,PKR
OI002371-02,O002371,P0086,1,850,850,PKR
OI002371-03,O002371,P0076,2,1635,3270,PKR
OI002371-04,O002371,P0006,2,750,1500,PKR
OI002372-01,O002372,P0029,1,895,895,PKR
OI002373-01,O002373,P0027,1,1980,1980,PKR
OI002373-02,O002373,P0060,1,230,230,PKR
OI002374-01,O002374,P0090,1,1680,1680,PKR
OI002374-02,O002374,P0063,3,1685,5055,PKR
OI002375-01,O002375,P0111,1,1265,1265,PKR
OI002375-02,O002375,P0074,1,600,600,PKR
OI002375-03,O002375,P0022,1,1255,1255,PKR
OI002375-04,O002375,P0092,1,955,955,PKR
OI002375-05,O002375,P0094,2,130,260,PKR
OI002376-01,O002376,P0108,2,935,1870,PKR
OI002377-01,O002377,P0064,1,1700,1700,PKR
OI002377-02,O002377,P0054,1,620,620,PKR
OI002378-01,O002378,P0046,1,205,205,PKR
OI002378-02,O002378,P0112,3,385,1155,PKR
OI002379-01,O002379,P0017,4,1755,7020,PKR
OI002379-02,O002379,P0111,1,1265,1265,PKR
OI002379-03,O002379,P0009,1,985,985,PKR
OI002380-01,O002380,P0032,1,585,585,PKR
OI002380-02,O002380,P0053,2,2210,4420,PKR
OI002380-03,O002380,P0036,1,595,595,PKR
OI002380-04,O002380,P0062,1,1690,1690,PKR
OI002381-01,O002381,P0067,1,1215,1215,PKR
OI002381-02,O002381,P0050,1,810,810,PKR
OI002381-03,O002381,P0065,1,840,840,PKR
OI002382-01,O002382,P0011,2,1805,3610,PKR
OI002382-02,O002382,P0007,1,425,425,PKR
OI002383-01,O002383,P0018,1,1305,1305,PKR
OI002384-01,O002384,P0051,1,200,200,PKR
OI002384-02,O002384,P0064,3,1700,5100,PKR
OI002384-03,O002384,P0061,1,275,275,PKR
OI002385-01,O002385,P0004,1,1410,1410,PKR
OI002386-01,O002386,P0002,1,265,265,PKR
OI002387-01,O002387,P0107,1,1020,1020,PKR
OI002387-02,O002387,P0040,3,1090,3270,PKR
OI002388-01,O002388,P0093,4,1805,7220,PKR
OI002389-01,O002389,P0077,4,595,2380,PKR
OI002389-02,O002389,P0046,2,205,410,PKR
OI002389-03,O002389,P0014,3,1895,5685,PKR
OI002390-01,O002390,P0062,1,1690,1690,PKR
OI002391-01,O002391,P0057,1,1425,1425,PKR
OI002391-02,O002391,P0020,1,325,325,PKR
OI002391-03,O002391,P0012,1,155,155,PKR
OI002391-04,O002391,P0050,1,810,810,PKR
OI002392-01,O002392,P0094,1,130,130,PKR
OI002393-01,O002393,P0002,1,265,265,PKR
OI002393-02,O002393,P0090,1,1680,1680,PKR
OI002394-01,O002394,P0086,1,850,850,PKR
OI002394-02,O002394,P0104,4,1645,6580,PKR
OI002394-03,O002394,P0067,1,1215,1215,PKR
OI002394-04,O002394,P0016,2,1700,3400,PKR
OI002394-05,O002394,P0061,4,275,1100,PKR
OI002395-01,O002395,P0109,3,260,780,PKR
OI002395-02,O002395,P0081,2,1110,2220,PKR
OI002395-03,O002395,P0047,3,1540,4620,PKR
OI002396-01,O002396,P0050,1,810,810,PKR
OI002396-02,O002396,P0030,2,220,440,PKR
OI002397-01,O002397,P0050,1,810,810,PKR
OI002397-02,O002397,P0106,2,1080,2160,PKR
OI002398-01,O002398,P0063,4,1685,6740,PKR
OI002399-01,O002399,P0107,2,1020,2040,PKR
OI002400-01,O002400,P0001,1,660,660,PKR
OI002400-02,O002400,P0029,1,895,895,PKR
OI002400-03,O002400,P0002,2,265,530,PKR
OI002401-01,O002401,P0015,2,895,1790,PKR
OI002402-01,O002402,P0092,1,955,955,PKR
OI002403-01,O002403,P0049,2,215,430,PKR
OI002404-01,O002404,P0071,2,850,1700,PKR
OI002404-02,O002404,P0064,1,1700,1700,PKR
OI002404-03,O002404,P0070,2,1560,3120,PKR
OI002404-04,O002404,P0049,1,215,215,PKR
OI002404-05,O002404,P0025,1,290,290,PKR
OI002405-01,O002405,P0074,1,600,600,PKR
OI002405-02,O002405,P0028,1,1930,1930,PKR
OI002405-03,O002405,P0084,1,1260,1260,PKR
OI002405-04,O002405,P0002,1,265,265,PKR
OI002406-01,O002406,P0025,1,290,290,PKR
OI002406-02,O002406,P0040,3,1090,3270,PKR
OI002407-01,O002407,P0112,1,385,385,PKR
OI002408-01,O002408,P0082,1,1025,1025,PKR
OI002408-02,O002408,P0041,3,385,1155,PKR
OI002409-01,O002409,P0022,1,1255,1255,PKR
OI002409-02,O002409,P0017,4,1755,7020,PKR
OI002410-01,O002410,P0032,1,585,585,PKR
OI002410-02,O002410,P0069,1,530,530,PKR
OI002411-01,O002411,P0077,1,595,595,PKR
OI002411-02,O002411,P0058,1,1715,1715,PKR
OI002411-03,O002411,P0118,1,1270,1270,PKR
OI002412-01,O002412,P0009,1,985,985,PKR
OI002412-02,O002412,P0104,1,1645,1645,PKR
OI002413-01,O002413,P0112,2,385,770,PKR
OI002413-02,O002413,P0068,1,550,550,PKR
OI002413-03,O002413,P0104,1,1645,1645,PKR
OI002413-04,O002413,P0020,1,325,325,PKR
OI002414-01,O002414,P0120,1,760,760,PKR
OI002414-02,O002414,P0078,3,385,1155,PKR
OI002415-01,O002415,P0069,4,530,2120,PKR
OI002415-02,O002415,P0057,1,1425,1425,PKR
OI002416-01,O002416,P0008,1,1530,1530,PKR
OI002416-02,O002416,P0023,3,1745,5235,PKR
OI002416-03,O002416,P0102,2,555,1110,PKR
OI002417-01,O002417,P0021,1,1595,1595,PKR
OI002417-02,O002417,P0062,2,1690,3380,PKR
OI002417-03,O002417,P0055,2,1405,2810,PKR
OI002417-04,O002417,P0098,2,1885,3770,PKR
OI002418-01,O002418,P0053,2,2210,4420,PKR
OI002418-02,O002418,P0093,2,1805,3610,PKR
OI002418-03,O002418,P0115,2,1790,3580,PKR
OI002418-04,O002418,P0021,1,1595,1595,PKR
OI002418-05,O002418,P0071,2,850,1700,PKR
OI002419-01,O002419,P0115,1,1790,1790,PKR
OI002419-02,O002419,P0049,2,215,430,PKR
OI002420-01,O002420,P0010,1,375,375,PKR
OI002420-02,O002420,P0108,1,935,935,PKR
OI002421-01,O002421,P0052,2,250,500,PKR
OI002421-02,O002421,P0114,1,1530,1530,PKR
OI002422-01,O002422,P0064,2,1700,3400,PKR
OI002422-02,O002422,P0010,2,375,750,PKR
OI002422-03,O002422,P0038,1,475,475,PKR
OI002422-04,O002422,P0118,3,1270,3810,PKR
OI002423-01,O002423,P0081,1,1110,1110,PKR
OI002424-01,O002424,P0065,1,840,840,PKR
OI002424-02,O002424,P0112,1,385,385,PKR
OI002425-01,O002425,P0093,1,1805,1805,PKR
OI002426-01,O002426,P0072,2,1075,2150,PKR
OI002427-01,O002427,P0112,1,385,385,PKR
OI002427-02,O002427,P0077,1,595,595,PKR
OI002428-01,O002428,P0046,2,205,410,PKR
OI002428-02,O002428,P0007,2,425,850,PKR
OI002429-01,O002429,P0011,3,1805,5415,PKR
OI002429-02,O002429,P0008,2,1530,3060,PKR
OI002429-03,O002429,P0013,1,1805,1805,PKR
OI002430-01,O002430,P0017,1,1755,1755,PKR
OI002430-02,O002430,P0026,2,755,1510,PKR
OI002431-01,O002431,P0118,2,1270,2540,PKR
OI002431-02,O002431,P0050,1,810,810,PKR
OI002431-03,O002431,P0117,1,720,720,PKR
OI002431-04,O002431,P0061,1,275,275,PKR
OI002432-01,O002432,P0095,1,890,890,PKR
OI002432-02,O002432,P0082,2,1025,2050,PKR
OI002433-01,O002433,P0091,1,490,490,PKR
OI002433-02,O002433,P0090,2,1680,3360,PKR
OI002433-03,O002433,P0101,1,185,185,PKR
OI002433-04,O002433,P0100,2,855,1710,PKR
OI002433-05,O002433,P0019,1,1470,1470,PKR
OI002434-01,O002434,P0116,1,815,815,PKR
OI002435-01,O002435,P0097,1,1730,1730,PKR
OI002435-02,O002435,P0019,2,1470,2940,PKR
OI002435-03,O002435,P0062,1,1690,1690,PKR
OI002436-01,O002436,P0028,1,1930,1930,PKR
OI002437-01,O002437,P0044,2,1840,3680,PKR
OI002437-02,O002437,P0118,2,1270,2540,PKR
OI002437-03,O002437,P0092,1,955,955,PKR
OI002438-01,O002438,P0078,1,385,385,PKR
OI002438-02,O002438,P0018,4,1305,5220,PKR
OI002439-01,O002439,P0017,1,1755,1755,PKR
OI002439-02,O002439,P0096,4,1660,6640,PKR
OI002439-03,O002439,P0105,1,1155,1155,PKR
OI002440-01,O002440,P0030,1,220,220,PKR
OI002441-01,O002441,P0024,3,235,705,PKR
OI002442-01,O002442,P0103,1,1075,1075,PKR
OI002442-02,O002442,P0054,1,620,620,PKR
OI002442-03,O002442,P0021,1,1595,1595,PKR
OI002442-04,O002442,P0062,1,1690,1690,PKR
OI002443-01,O002443,P0060,1,230,230,PKR
OI002443-02,O002443,P0097,1,1730,1730,PKR
OI002444-01,O002444,P0097,3,1730,5190,PKR
OI002444-02,O002444,P0106,2,1080,2160,PKR
OI002444-03,O002444,P0048,2,1495,2990,PKR
OI002444-04,O002444,P0102,1,555,555,PKR
OI002445-01,O002445,P0015,2,895,1790,PKR
OI002445-02,O002445,P0007,3,425,1275,PKR
OI002445-03,O002445,P0022,2,1255,2510,PKR
OI002446-01,O002446,P0012,1,155,155,PKR
OI002446-02,O002446,P0020,1,325,325,PKR
OI002446-03,O002446,P0119,1,550,550,PKR
OI002446-04,O002446,P0058,1,1715,1715,PKR
OI002446-05,O002446,P0001,1,660,660,PKR
OI002447-01,O002447,P0006,1,750,750,PKR
OI002447-02,O002447,P0021,2,1595,3190,PKR
OI002447-03,O002447,P0004,1,1410,1410,PKR
OI002448-01,O002448,P0025,1,290,290,PKR
OI002449-01,O002449,P0091,2,490,980,PKR
OI002449-02,O002449,P0013,1,1805,1805,PKR
OI002449-03,O002449,P0073,3,225,675,PKR
OI002450-01,O002450,P0013,1,1805,1805,PKR
OI002450-02,O002450,P0081,1,1110,1110,PKR
OI002451-01,O002451,P0032,2,585,1170,PKR
OI002452-01,O002452,P0010,1,375,375,PKR
OI002452-02,O002452,P0119,3,550,1650,PKR
OI002452-03,O002452,P0015,1,895,895,PKR
OI002453-01,O002453,P0041,1,385,385,PKR
OI002453-02,O002453,P0007,1,425,425,PKR
OI002454-01,O002454,P0085,3,270,810,PKR
OI002454-02,O002454,P0068,2,550,1100,PKR
OI002454-03,O002454,P0016,1,1700,1700,PKR
OI002455-01,O002455,P0097,1,1730,1730,PKR
OI002456-01,O002456,P0092,1,955,955,PKR
OI002456-02,O002456,P0029,1,895,895,PKR
OI002456-03,O002456,P0049,2,215,430,PKR
OI002456-04,O002456,P0116,1,815,815,PKR
OI002456-05,O002456,P0033,1,1475,1475,PKR
OI002457-01,O002457,P0023,1,1745,1745,PKR
OI002457-02,O002457,P0093,1,1805,1805,PKR
OI002458-01,O002458,P0044,1,1840,1840,PKR
OI002458-02,O002458,P0051,1,200,200,PKR
OI002458-03,O002458,P0053,3,2210,6630,PKR
OI002458-04,O002458,P0081,2,1110,2220,PKR
OI002459-01,O002459,P0071,1,850,850,PKR
OI002460-01,O002460,P0113,1,1250,1250,PKR
OI002460-02,O002460,P0050,1,810,810,PKR
OI002461-01,O002461,P0029,3,895,2685,PKR
OI002461-02,O002461,P0071,2,850,1700,PKR
OI002462-01,O002462,P0115,2,1790,3580,PKR
OI002463-01,O002463,P0112,1,385,385,PKR
OI002463-02,O002463,P0114,2,1530,3060,PKR
OI002464-01,O002464,P0086,1,850,850,PKR
OI002464-02,O002464,P0051,3,200,600,PKR
OI002464-03,O002464,P0106,1,1080,1080,PKR
OI002465-01,O002465,P0025,2,290,580,PKR
OI002465-02,O002465,P0075,1,645,645,PKR
OI002465-03,O002465,P0112,3,385,1155,PKR
OI002465-04,O002465,P0047,1,1540,1540,PKR
OI002465-05,O002465,P0086,1,850,850,PKR
OI002466-01,O002466,P0025,2,290,580,PKR
OI002466-02,O002466,P0033,1,1475,1475,PKR
OI002466-03,O002466,P0083,1,720,720,PKR
OI002467-01,O002467,P0029,3,895,2685,PKR
OI002468-01,O002468,P0012,1,155,155,PKR
OI002468-02,O002468,P0069,1,530,530,PKR
OI002468-03,O002468,P0085,1,270,270,PKR
OI002468-04,O002468,P0021,1,1595,1595,PKR
OI002468-05,O002468,P0009,3,985,2955,PKR
OI002469-01,O002469,P0026,1,755,755,PKR
OI002469-02,O002469,P0107,2,1020,2040,PKR
OI002469-03,O002469,P0105,3,1155,3465,PKR
OI002470-01,O002470,P0107,1,1020,1020,PKR
OI002470-02,O002470,P0019,1,1470,1470,PKR
OI002471-01,O002471,P0075,1,645,645,PKR
OI002472-01,O002472,P0073,1,225,225,PKR
OI002472-02,O002472,P0044,2,1840,3680,PKR
OI002472-03,O002472,P0036,1,595,595,PKR
OI002473-01,O002473,P0078,1,385,385,PKR
OI002473-02,O002473,P0119,1,550,550,PKR
OI002473-03,O002473,P0030,2,220,440,PKR
OI002474-01,O002474,P0075,1,645,645,PKR
OI002475-01,O002475,P0084,2,1260,2520,PKR
OI002475-02,O002475,P0096,2,1660,3320,PKR
OI002476-01,O002476,P0050,1,810,810,PKR
OI002476-02,O002476,P0074,1,600,600,PKR
OI002477-01,O002477,P0082,1,1025,1025,PKR
OI002477-02,O002477,P0093,1,1805,1805,PKR
OI002478-01,O002478,P0102,1,555,555,PKR
OI002479-01,O002479,P0091,1,490,490,PKR
OI002479-02,O002479,P0113,3,1250,3750,PKR
OI002479-03,O002479,P0045,1,910,910,PKR
OI002480-01,O002480,P0023,1,1745,1745,PKR
OI002480-02,O002480,P0096,2,1660,3320,PKR
OI002480-03,O002480,P0061,3,275,825,PKR
OI002481-01,O002481,P0101,1,185,185,PKR
OI002481-02,O002481,P0113,2,1250,2500,PKR
OI002481-03,O002481,P0003,2,1000,2000,PKR
OI002482-01,O002482,P0110,1,545,545,PKR
OI002482-02,O002482,P0022,3,1255,3765,PKR
OI002482-03,O002482,P0028,1,1930,1930,PKR
OI002483-01,O002483,P0105,1,1155,1155,PKR
OI002484-01,O002484,P0062,1,1690,1690,PKR
OI002484-02,O002484,P0015,3,895,2685,PKR
OI002484-03,O002484,P0082,4,1025,4100,PKR
OI002484-04,O002484,P0009,1,985,985,PKR
OI002484-05,O002484,P0044,1,1840,1840,PKR
OI002485-01,O002485,P0035,1,380,380,PKR
OI002485-02,O002485,P0094,1,130,130,PKR
OI002485-03,O002485,P0046,1,205,205,PKR
OI002485-04,O002485,P0077,1,595,595,PKR
OI002486-01,O002486,P0049,3,215,645,PKR
OI002486-02,O002486,P0041,1,385,385,PKR
OI002486-03,O002486,P0071,2,850,1700,PKR
OI002487-01,O002487,P0031,1,730,730,PKR
OI002488-01,O002488,P0032,1,585,585,PKR
OI002488-02,O002488,P0052,1,250,250,PKR
OI002488-03,O002488,P0031,1,730,730,PKR
OI002489-01,O002489,P0079,2,850,1700,PKR
OI002489-02,O002489,P0114,2,1530,3060,PKR
OI002490-01,O002490,P0067,1,1215,1215,PKR
OI002490-02,O002490,P0116,1,815,815,PKR
OI002491-01,O002491,P0099,2,970,1940,PKR
OI002491-02,O002491,P0078,1,385,385,PKR
OI002491-03,O002491,P0100,1,855,855,PKR
OI002491-04,O002491,P0058,1,1715,1715,PKR
OI002492-01,O002492,P0085,2,270,540,PKR
OI002492-02,O002492,P0037,4,180,720,PKR
OI002492-03,O002492,P0094,2,130,260,PKR
OI002492-04,O002492,P0046,3,205,615,PKR
OI002493-01,O002493,P0080,1,2175,2175,PKR
OI002493-02,O002493,P0051,1,200,200,PKR
OI002494-01,O002494,P0035,1,380,380,PKR
OI002494-02,O002494,P0118,3,1270,3810,PKR
OI002494-03,O002494,P0010,1,375,375,PKR
OI002494-04,O002494,P0013,1,1805,1805,PKR
OI002494-05,O002494,P0028,1,1930,1930,PKR
OI002495-01,O002495,P0044,1,1840,1840,PKR
OI002495-02,O002495,P0063,1,1685,1685,PKR
OI002495-03,O002495,P0053,1,2210,2210,PKR
OI002496-01,O002496,P0044,1,1840,1840,PKR
OI002496-02,O002496,P0037,1,180,180,PKR
OI002496-03,O002496,P0016,1,1700,1700,PKR
OI002497-01,O002497,P0085,1,270,270,PKR
OI002497-02,O002497,P0028,1,1930,1930,PKR
OI002498-01,O002498,P0080,1,2175,2175,PKR
OI002498-02,O002498,P0012,1,155,155,PKR
OI002499-01,O002499,P0095,1,890,890,PKR
OI002500-01,O002500,P0069,1,530,530,PKR
OI002500-02,O002500,P0099,1,970,970,PKR
OI002501-01,O002501,P0001,1,660,660,PKR
OI002502-01,O002502,P0099,2,970,1940,PKR
OI002503-01,O002503,P0072,1,1075,1075,PKR
OI002504-01,O002504,P0037,3,180,540,PKR
OI002504-02,O002504,P0066,1,785,785,PKR
OI002504-03,O002504,P0053,1,2210,2210,PKR
OI002504-04,O002504,P0113,2,1250,2500,PKR
OI002505-01,O002505,P0038,1,475,475,PKR
OI002506-01,O002506,P0084,1,1260,1260,PKR
OI002507-01,O002507,P0089,2,225,450,PKR
OI002507-02,O002507,P0041,2,385,770,PKR
OI002508-01,O002508,P0049,1,215,215,PKR
OI002508-02,O002508,P0088,2,780,1560,PKR
OI002509-01,O002509,P0010,3,375,1125,PKR
OI002509-02,O002509,P0101,1,185,185,PKR
OI002510-01,O002510,P0028,3,1930,5790,PKR
OI002510-02,O002510,P0055,2,1405,2810,PKR
OI002511-01,O002511,P0029,1,895,895,PKR
OI002511-02,O002511,P0033,1,1475,1475,PKR
OI002512-01,O002512,P0045,3,910,2730,PKR
OI002513-01,O002513,P0088,2,780,1560,PKR
OI002514-01,O002514,P0107,2,1020,2040,PKR
OI002514-02,O002514,P0101,1,185,185,PKR
OI002514-03,O002514,P0040,1,1090,1090,PKR
OI002514-04,O002514,P0079,1,850,850,PKR
OI002515-01,O002515,P0082,3,1025,3075,PKR
OI002516-01,O002516,P0050,3,810,2430,PKR
OI002516-02,O002516,P0025,2,290,580,PKR
OI002517-01,O002517,P0102,1,555,555,PKR
OI002517-02,O002517,P0116,1,815,815,PKR
OI002517-03,O002517,P0084,1,1260,1260,PKR
OI002518-01,O002518,P0026,1,755,755,PKR
OI002518-02,O002518,P0018,1,1305,1305,PKR
OI002519-01,O002519,P0106,1,1080,1080,PKR
OI002519-02,O002519,P0100,1,855,855,PKR
OI002519-03,O002519,P0099,2,970,1940,PKR
OI002519-04,O002519,P0013,2,1805,3610,PKR
OI002520-01,O002520,P0100,1,855,855,PKR
OI002521-01,O002521,P0047,1,1540,1540,PKR
OI002522-01,O002522,P0033,1,1475,1475,PKR
OI002523-01,O002523,P0001,1,660,660,PKR
OI002524-01,O002524,P0060,2,230,460,PKR
OI002524-02,O002524,P0103,2,1075,2150,PKR
OI002525-01,O002525,P0009,1,985,985,PKR
OI002525-02,O002525,P0044,2,1840,3680,PKR
OI002526-01,O002526,P0092,1,955,955,PKR
OI002526-02,O002526,P0087,1,1090,1090,PKR
OI002527-01,O002527,P0110,3,545,1635,PKR
OI002527-02,O002527,P0083,4,720,2880,PKR
OI002528-01,O002528,P0002,1,265,265,PKR
OI002528-02,O002528,P0047,1,1540,1540,PKR
OI002529-01,O002529,P0074,1,600,600,PKR
OI002529-02,O002529,P0023,2,1745,3490,PKR
OI002530-01,O002530,P0040,1,1090,1090,PKR
OI002530-02,O002530,P0041,1,385,385,PKR
OI002531-01,O002531,P0094,1,130,130,PKR
OI002531-02,O002531,P0088,1,780,780,PKR
OI002532-01,O002532,P0041,1,385,385,PKR
OI002532-02,O002532,P0093,2,1805,3610,PKR
OI002533-01,O002533,P0020,1,325,325,PKR
OI002533-02,O002533,P0068,1,550,550,PKR
OI002533-03,O002533,P0035,3,380,1140,PKR
OI002534-01,O002534,P0021,2,1595,3190,PKR
OI002534-02,O002534,P0095,1,890,890,PKR
OI002535-01,O002535,P0062,2,1690,3380,PKR
OI002535-02,O002535,P0095,1,890,890,PKR
OI002536-01,O002536,P0048,1,1495,1495,PKR
OI002536-02,O002536,P0013,2,1805,3610,PKR
OI002537-01,O002537,P0065,2,840,1680,PKR
OI002538-01,O002538,P0005,1,1405,1405,PKR
OI002538-02,O002538,P0055,1,1405,1405,PKR
OI002539-01,O002539,P0021,1,1595,1595,PKR
OI002540-01,O002540,P0068,2,550,1100,PKR
OI002540-02,O002540,P0047,1,1540,1540,PKR
OI002540-03,O002540,P0043,1,1190,1190,PKR
OI002540-04,O002540,P0005,1,1405,1405,PKR
OI002540-05,O002540,P0106,1,1080,1080,PKR
OI002541-01,O002541,P0091,1,490,490,PKR
OI002541-02,O002541,P0032,1,585,585,PKR
OI002542-01,O002542,P0019,1,1470,1470,PKR
OI002542-02,O002542,P0114,1,1530,1530,PKR
OI002543-01,O002543,P0028,1,1930,1930,PKR
OI002543-02,O002543,P0092,1,955,955,PKR
OI002543-03,O002543,P0062,1,1690,1690,PKR
OI002544-01,O002544,P0048,1,1495,1495,PKR
OI002544-02,O002544,P0023,1,1745,1745,PKR
OI002544-03,O002544,P0105,2,1155,2310,PKR
OI002545-01,O002545,P0086,2,850,1700,PKR
OI002545-02,O002545,P0083,2,720,1440,PKR
OI002545-03,O002545,P0077,1,595,595,PKR
OI002545-04,O002545,P0030,2,220,440,PKR
OI002546-01,O002546,P0035,1,380,380,PKR
OI002546-02,O002546,P0030,1,220,220,PKR
OI002546-03,O002546,P0001,1,660,660,PKR
OI002546-04,O002546,P0079,1,850,850,PKR
OI002546-05,O002546,P0018,1,1305,1305,PKR
OI002547-01,O002547,P0117,1,720,720,PKR
OI002548-01,O002548,P0059,1,600,600,PKR
OI002548-02,O002548,P0055,1,1405,1405,PKR
OI002548-03,O002548,P0032,1,585,585,PKR
OI002549-01,O002549,P0101,1,185,185,PKR
OI002549-02,O002549,P0099,1,970,970,PKR
OI002549-03,O002549,P0107,1,1020,1020,PKR
OI002549-04,O002549,P0019,1,1470,1470,PKR
OI002549-05,O002549,P0055,1,1405,1405,PKR
OI002550-01,O002550,P0094,1,130,130,PKR
OI002550-02,O002550,P0063,1,1685,1685,PKR
OI002550-03,O002550,P0024,1,235,235,PKR
OI002551-01,O002551,P0080,2,2175,4350,PKR
OI002552-01,O002552,P0059,1,600,600,PKR
OI002553-01,O002553,P0055,2,1405,2810,PKR
OI002554-01,O002554,P0036,1,595,595,PKR
OI002554-02,O002554,P0052,1,250,250,PKR
OI002554-03,O002554,P0039,2,920,1840,PKR
OI002555-01,O002555,P0013,1,1805,1805,PKR
OI002555-02,O002555,P0022,1,1255,1255,PKR
OI002555-03,O002555,P0033,1,1475,1475,PKR
OI002555-04,O002555,P0105,3,1155,3465,PKR
OI002555-05,O002555,P0017,1,1755,1755,PKR
OI002556-01,O002556,P0068,2,550,1100,PKR
OI002557-01,O002557,P0093,1,1805,1805,PKR
OI002557-02,O002557,P0016,3,1700,5100,PKR
OI002557-03,O002557,P0052,2,250,500,PKR
OI002558-01,O002558,P0041,2,385,770,PKR
OI002558-02,O002558,P0049,2,215,430,PKR
OI002558-03,O002558,P0030,2,220,440,PKR
OI002558-04,O002558,P0056,2,385,770,PKR
OI002559-01,O002559,P0103,1,1075,1075,PKR
OI002559-02,O002559,P0029,1,895,895,PKR
OI002560-01,O002560,P0102,1,555,555,PKR
OI002561-01,O002561,P0002,3,265,795,PKR
OI002562-01,O002562,P0027,1,1980,1980,PKR
OI002562-02,O002562,P0016,1,1700,1700,PKR
OI002563-01,O002563,P0098,1,1885,1885,PKR
OI002563-02,O002563,P0097,1,1730,1730,PKR
OI002563-03,O002563,P0003,1,1000,1000,PKR
OI002563-04,O002563,P0063,1,1685,1685,PKR
OI002564-01,O002564,P0114,1,1530,1530,PKR
OI002564-02,O002564,P0058,1,1715,1715,PKR
OI002565-01,O002565,P0054,2,620,1240,PKR
OI002565-02,O002565,P0060,1,230,230,PKR
OI002565-03,O002565,P0073,1,225,225,PKR
OI002565-04,O002565,P0028,1,1930,1930,PKR
OI002566-01,O002566,P0111,1,1265,1265,PKR
OI002567-01,O002567,P0115,2,1790,3580,PKR
OI002567-02,O002567,P0111,1,1265,1265,PKR
OI002567-03,O002567,P0100,1,855,855,PKR
OI002568-01,O002568,P0095,1,890,890,PKR
OI002569-01,O002569,P0064,1,1700,1700,PKR
OI002570-01,O002570,P0078,3,385,1155,PKR
OI002570-02,O002570,P0117,2,720,1440,PKR
OI002571-01,O002571,P0035,1,380,380,PKR
OI002571-02,O002571,P0063,3,1685,5055,PKR
OI002572-01,O002572,P0041,1,385,385,PKR
OI002572-02,O002572,P0025,2,290,580,PKR
OI002572-03,O002572,P0029,2,895,1790,PKR
OI002572-04,O002572,P0094,3,130,390,PKR
OI002573-01,O002573,P0004,1,1410,1410,PKR
OI002574-01,O002574,P0057,1,1425,1425,PKR
OI002574-02,O002574,P0013,1,1805,1805,PKR
OI002574-03,O002574,P0116,2,815,1630,PKR
OI002574-04,O002574,P0005,1,1405,1405,PKR
OI002575-01,O002575,P0093,2,1805,3610,PKR
OI002575-02,O002575,P0058,2,1715,3430,PKR
OI002575-03,O002575,P0022,1,1255,1255,PKR
OI002575-04,O002575,P0017,1,1755,1755,PKR
OI002576-01,O002576,P0031,3,730,2190,PKR
OI002576-02,O002576,P0072,4,1075,4300,PKR
OI002576-03,O002576,P0105,2,1155,2310,PKR
OI002577-01,O002577,P0072,1,1075,1075,PKR
OI002577-02,O002577,P0015,1,895,895,PKR
OI002577-03,O002577,P0067,1,1215,1215,PKR
OI002577-04,O002577,P0053,1,2210,2210,PKR
OI002578-01,O002578,P0079,1,850,850,PKR
OI002578-02,O002578,P0005,1,1405,1405,PKR
OI002578-03,O002578,P0117,3,720,2160,PKR
OI002578-04,O002578,P0036,1,595,595,PKR
OI002579-01,O002579,P0116,3,815,2445,PKR
OI002580-01,O002580,P0062,2,1690,3380,PKR
OI002580-02,O002580,P0058,1,1715,1715,PKR
OI002580-03,O002580,P0104,1,1645,1645,PKR
OI002580-04,O002580,P0100,1,855,855,PKR
OI002581-01,O002581,P0060,1,230,230,PKR
OI002581-02,O002581,P0098,1,1885,1885,PKR
OI002581-03,O002581,P0029,1,895,895,PKR
OI002582-01,O002582,P0040,2,1090,2180,PKR
OI002582-02,O002582,P0035,1,380,380,PKR
OI002582-03,O002582,P0027,2,1980,3960,PKR
OI002582-04,O002582,P0016,2,1700,3400,PKR
OI002583-01,O002583,P0064,1,1700,1700,PKR
OI002583-02,O002583,P0050,2,810,1620,PKR
OI002584-01,O002584,P0109,1,260,260,PKR
OI002585-01,O002585,P0080,1,2175,2175,PKR
OI002586-01,O002586,P0022,1,1255,1255,PKR
OI002587-01,O002587,P0054,1,620,620,PKR
OI002588-01,O002588,P0093,2,1805,3610,PKR
OI002588-02,O002588,P0116,3,815,2445,PKR
OI002588-03,O002588,P0020,1,325,325,PKR
OI002588-04,O002588,P0058,1,1715,1715,PKR
OI002589-01,O002589,P0119,2,550,1100,PKR
OI002590-01,O002590,P0100,1,855,855,PKR
OI002590-02,O002590,P0004,1,1410,1410,PKR
OI002590-03,O002590,P0116,2,815,1630,PKR
OI002591-01,O002591,P0095,4,890,3560,PKR
OI002591-02,O002591,P0038,1,475,475,PKR
OI002592-01,O002592,P0053,2,2210,4420,PKR
OI002593-01,O002593,P0037,2,180,360,PKR
OI002593-02,O002593,P0053,1,2210,2210,PKR
OI002593-03,O002593,P0030,2,220,440,PKR
OI002593-04,O002593,P0025,1,290,290,PKR
OI002594-01,O002594,P0053,1,2210,2210,PKR
OI002595-01,O002595,P0008,1,1530,1530,PKR
OI002595-02,O002595,P0010,2,375,750,PKR
OI002595-03,O002595,P0003,1,1000,1000,PKR
OI002595-04,O002595,P0050,1,810,810,PKR
OI002595-05,O002595,P0040,1,1090,1090,PKR
OI002596-01,O002596,P0099,2,970,1940,PKR
OI002596-02,O002596,P0017,1,1755,1755,PKR
OI002597-01,O002597,P0082,1,1025,1025,PKR
OI002597-02,O002597,P0016,1,1700,1700,PKR
OI002598-01,O002598,P0120,2,760,1520,PKR
OI002598-02,O002598,P0060,1,230,230,PKR
OI002599-01,O002599,P0041,1,385,385,PKR
OI002599-02,O002599,P0017,2,1755,3510,PKR
OI002600-01,O002600,P0102,2,555,1110,PKR
OI002600-02,O002600,P0053,1,2210,2210,PKR
OI002601-01,O002601,P0030,1,220,220,PKR
OI002601-02,O002601,P0074,2,600,1200,PKR
OI002601-03,O002601,P0070,1,1560,1560,PKR
OI002601-04,O002601,P0107,1,1020,1020,PKR
OI002602-01,O002602,P0086,1,850,850,PKR
OI002602-02,O002602,P0043,2,1190,2380,PKR
OI002603-01,O002603,P0040,1,1090,1090,PKR
OI002603-02,O002603,P0071,1,850,850,PKR
OI002603-03,O002603,P0030,1,220,220,PKR
OI002604-01,O002604,P0056,1,385,385,PKR
OI002604-02,O002604,P0104,1,1645,1645,PKR
OI002605-01,O002605,P0070,1,1560,1560,PKR
OI002605-02,O002605,P0056,2,385,770,PKR
OI002606-01,O002606,P0035,1,380,380,PKR
OI002606-02,O002606,P0068,2,550,1100,PKR
OI002607-01,O002607,P0056,2,385,770,PKR
OI002607-02,O002607,P0076,1,1635,1635,PKR
OI002608-01,O002608,P0024,2,235,470,PKR
OI002609-01,O002609,P0067,4,1215,4860,PKR
OI002610-01,O002610,P0002,2,265,530,PKR
OI002610-02,O002610,P0077,1,595,595,PKR
OI002610-03,O002610,P0005,2,1405,2810,PKR
OI002610-04,O002610,P0113,1,1250,1250,PKR
OI002611-01,O002611,P0058,1,1715,1715,PKR
OI002611-02,O002611,P0029,1,895,895,PKR
OI002611-03,O002611,P0004,1,1410,1410,PKR
OI002611-04,O002611,P0043,1,1190,1190,PKR
OI002612-01,O002612,P0016,1,1700,1700,PKR
OI002612-02,O002612,P0108,2,935,1870,PKR
OI002612-03,O002612,P0088,1,780,780,PKR
OI002613-01,O002613,P0042,1,1400,1400,PKR
OI002613-02,O002613,P0092,3,955,2865,PKR
OI002614-01,O002614,P0062,1,1690,1690,PKR
OI002615-01,O002615,P0080,1,2175,2175,PKR
OI002616-01,O002616,P0104,1,1645,1645,PKR
OI002616-02,O002616,P0016,2,1700,3400,PKR
OI002616-03,O002616,P0079,1,850,850,PKR
OI002617-01,O002617,P0035,2,380,760,PKR
OI002617-02,O002617,P0049,2,215,430,PKR
OI002617-03,O002617,P0106,1,1080,1080,PKR
OI002618-01,O002618,P0068,2,550,1100,PKR
OI002618-02,O002618,P0004,1,1410,1410,PKR
OI002618-03,O002618,P0070,2,1560,3120,PKR
OI002618-04,O002618,P0092,1,955,955,PKR
OI002618-05,O002618,P0103,1,1075,1075,PKR
OI002619-01,O002619,P0024,1,235,235,PKR
OI002619-02,O002619,P0111,3,1265,3795,PKR
OI002620-01,O002620,P0076,1,1635,1635,PKR
OI002621-01,O002621,P0047,2,1540,3080,PKR
OI002621-02,O002621,P0099,2,970,1940,PKR
OI002621-03,O002621,P0004,1,1410,1410,PKR
OI002622-01,O002622,P0002,1,265,265,PKR
OI002622-02,O002622,P0086,3,850,2550,PKR
OI002622-03,O002622,P0041,1,385,385,PKR
OI002623-01,O002623,P0024,1,235,235,PKR
OI002623-02,O002623,P0083,1,720,720,PKR
OI002624-01,O002624,P0009,2,985,1970,PKR
OI002624-02,O002624,P0068,1,550,550,PKR
OI002624-03,O002624,P0029,4,895,3580,PKR
OI002624-04,O002624,P0063,1,1685,1685,PKR
OI002625-01,O002625,P0002,1,265,265,PKR
OI002625-02,O002625,P0107,1,1020,1020,PKR
OI002625-03,O002625,P0049,1,215,215,PKR
OI002625-04,O002625,P0041,2,385,770,PKR
OI002626-01,O002626,P0057,1,1425,1425,PKR
OI002626-02,O002626,P0085,1,270,270,PKR
OI002627-01,O002627,P0082,1,1025,1025,PKR
OI002627-02,O002627,P0064,1,1700,1700,PKR
OI002628-01,O002628,P0080,1,2175,2175,PKR
OI002628-02,O002628,P0101,1,185,185,PKR
OI002628-03,O002628,P0012,2,155,310,PKR
OI002628-04,O002628,P0046,1,205,205,PKR
OI002629-01,O002629,P0040,2,1090,2180,PKR
OI002629-02,O002629,P0046,2,205,410,PKR
OI002630-01,O002630,P0095,4,890,3560,PKR
OI002631-01,O002631,P0087,1,1090,1090,PKR
OI002631-02,O002631,P0046,1,205,205,PKR
OI002632-01,O002632,P0034,1,140,140,PKR
OI002632-02,O002632,P0108,2,935,1870,PKR
OI002632-03,O002632,P0068,2,550,1100,PKR
OI002632-04,O002632,P0056,2,385,770,PKR
OI002633-01,O002633,P0078,4,385,1540,PKR
OI002633-02,O002633,P0087,1,1090,1090,PKR
OI002633-03,O002633,P0055,4,1405,5620,PKR
OI002633-04,O002633,P0057,1,1425,1425,PKR
OI002634-01,O002634,P0054,2,620,1240,PKR
OI002634-02,O002634,P0059,1,600,600,PKR
OI002634-03,O002634,P0041,1,385,385,PKR
OI002634-04,O002634,P0009,2,985,1970,PKR
OI002634-05,O002634,P0084,1,1260,1260,PKR
OI002635-01,O002635,P0003,1,1000,1000,PKR
OI002635-02,O002635,P0058,1,1715,1715,PKR
OI002636-01,O002636,P0110,1,545,545,PKR
OI002637-01,O002637,P0052,2,250,500,PKR
OI002638-01,O002638,P0007,1,425,425,PKR
OI002639-01,O002639,P0083,2,720,1440,PKR
OI002640-01,O002640,P0114,1,1530,1530,PKR
OI002640-02,O002640,P0070,2,1560,3120,PKR
OI002640-03,O002640,P0037,1,180,180,PKR
OI002640-04,O002640,P0040,2,1090,2180,PKR
OI002641-01,O002641,P0065,2,840,1680,PKR
OI002641-02,O002641,P0057,2,1425,2850,PKR
OI002642-01,O002642,P0016,1,1700,1700,PKR
OI002643-01,O002643,P0015,2,895,1790,PKR
OI002643-02,O002643,P0118,1,1270,1270,PKR
OI002644-01,O002644,P0077,2,595,1190,PKR
OI002644-02,O002644,P0008,2,1530,3060,PKR
OI002644-03,O002644,P0055,2,1405,2810,PKR
OI002645-01,O002645,P0115,2,1790,3580,PKR
OI002646-01,O002646,P0075,2,645,1290,PKR
OI002647-01,O002647,P0089,2,225,450,PKR
OI002647-02,O002647,P0005,1,1405,1405,PKR
OI002648-01,O002648,P0024,3,235,705,PKR
OI002649-01,O002649,P0045,2,910,1820,PKR
OI002649-02,O002649,P0047,1,1540,1540,PKR
OI002649-03,O002649,P0052,1,250,250,PKR
OI002650-01,O002650,P0058,4,1715,6860,PKR
OI002650-02,O002650,P0057,3,1425,4275,PKR
OI002650-03,O002650,P0007,1,425,425,PKR
OI002651-01,O002651,P0015,3,895,2685,PKR
OI002651-02,O002651,P0013,1,1805,1805,PKR
OI002651-03,O002651,P0076,1,1635,1635,PKR
OI002652-01,O002652,P0021,1,1595,1595,PKR
OI002653-01,O002653,P0086,2,850,1700,PKR
OI002653-02,O002653,P0031,1,730,730,PKR
OI002654-01,O002654,P0033,2,1475,2950,PKR
OI002654-02,O002654,P0028,1,1930,1930,PKR
OI002655-01,O002655,P0096,2,1660,3320,PKR
OI002655-02,O002655,P0059,2,600,1200,PKR
OI002655-03,O002655,P0026,2,755,1510,PKR
OI002655-04,O002655,P0098,3,1885,5655,PKR
OI002656-01,O002656,P0092,1,955,955,PKR
OI002656-02,O002656,P0113,1,1250,1250,PKR
OI002656-03,O002656,P0008,1,1530,1530,PKR
OI002656-04,O002656,P0055,1,1405,1405,PKR
OI002657-01,O002657,P0002,1,265,265,PKR
OI002657-02,O002657,P0019,1,1470,1470,PKR
OI002658-01,O002658,P0104,1,1645,1645,PKR
OI002658-02,O002658,P0005,1,1405,1405,PKR
OI002658-03,O002658,P0071,1,850,850,PKR
OI002659-01,O002659,P0060,2,230,460,PKR
OI002659-02,O002659,P0074,1,600,600,PKR
OI002659-03,O002659,P0041,1,385,385,PKR
OI002659-04,O002659,P0061,1,275,275,PKR
OI002659-05,O002659,P0038,1,475,475,PKR
OI002660-01,O002660,P0069,2,530,1060,PKR
OI002661-01,O002661,P0098,1,1885,1885,PKR
OI002661-02,O002661,P0073,2,225,450,PKR
OI002662-01,O002662,P0106,1,1080,1080,PKR
OI002663-01,O002663,P0008,4,1530,6120,PKR
OI002663-02,O002663,P0006,1,750,750,PKR
OI002664-01,O002664,P0046,1,205,205,PKR
OI002664-02,O002664,P0052,1,250,250,PKR
OI002665-01,O002665,P0058,1,1715,1715,PKR
OI002665-02,O002665,P0111,1,1265,1265,PKR
OI002666-01,O002666,P0043,1,1190,1190,PKR
OI002667-01,O002667,P0092,1,955,955,PKR
OI002668-01,O002668,P0115,2,1790,3580,PKR
OI002668-02,O002668,P0025,1,290,290,PKR
OI002668-03,O002668,P0084,1,1260,1260,PKR
OI002669-01,O002669,P0079,4,850,3400,PKR
OI002669-02,O002669,P0117,2,720,1440,PKR
OI002670-01,O002670,P0050,3,810,2430,PKR
OI002670-02,O002670,P0100,2,855,1710,PKR
OI002670-03,O002670,P0107,3,1020,3060,PKR
OI002670-04,O002670,P0079,1,850,850,PKR
OI002671-01,O002671,P0017,2,1755,3510,PKR
OI002672-01,O002672,P0064,1,1700,1700,PKR
OI002673-01,O002673,P0057,1,1425,1425,PKR
OI002674-01,O002674,P0066,2,785,1570,PKR
OI002675-01,O002675,P0045,2,910,1820,PKR
OI002676-01,O002676,P0021,1,1595,1595,PKR
OI002677-01,O002677,P0055,3,1405,4215,PKR
OI002677-02,O002677,P0074,2,600,1200,PKR
OI002677-03,O002677,P0031,2,730,1460,PKR
OI002678-01,O002678,P0016,2,1700,3400,PKR
OI002678-02,O002678,P0022,4,1255,5020,PKR
OI002678-03,O002678,P0005,1,1405,1405,PKR
OI002678-04,O002678,P0031,1,730,730,PKR
OI002679-01,O002679,P0025,1,290,290,PKR
OI002679-02,O002679,P0062,2,1690,3380,PKR
OI002680-01,O002680,P0019,1,1470,1470,PKR
OI002681-01,O002681,P0013,2,1805,3610,PKR
OI002681-02,O002681,P0108,2,935,1870,PKR
OI002681-03,O002681,P0119,2,550,1100,PKR
OI002682-01,O002682,P0067,2,1215,2430,PKR
OI002682-02,O002682,P0105,1,1155,1155,PKR
OI002682-03,O002682,P0097,3,1730,5190,PKR
OI002683-01,O002683,P0086,1,850,850,PKR
OI002684-01,O002684,P0004,1,1410,1410,PKR
OI002684-02,O002684,P0007,1,425,425,PKR
OI002684-03,O002684,P0046,1,205,205,PKR
OI002684-04,O002684,P0061,1,275,275,PKR
OI002684-05,O002684,P0032,1,585,585,PKR
OI002685-01,O002685,P0068,1,550,550,PKR
OI002685-02,O002685,P0083,1,720,720,PKR
OI002686-01,O002686,P0050,1,810,810,PKR
OI002686-02,O002686,P0053,1,2210,2210,PKR
OI002686-03,O002686,P0057,1,1425,1425,PKR
OI002686-04,O002686,P0112,2,385,770,PKR
OI002687-01,O002687,P0116,1,815,815,PKR
OI002687-02,O002687,P0037,1,180,180,PKR
OI002687-03,O002687,P0088,1,780,780,PKR
OI002688-01,O002688,P0042,1,1400,1400,PKR
OI002689-01,O002689,P0049,1,215,215,PKR
OI002689-02,O002689,P0056,1,385,385,PKR
OI002689-03,O002689,P0047,1,1540,1540,PKR
OI002690-01,O002690,P0109,1,260,260,PKR
OI002691-01,O002691,P0081,1,1110,1110,PKR
OI002691-02,O002691,P0080,1,2175,2175,PKR
OI002692-01,O002692,P0058,1,1715,1715,PKR
OI002692-02,O002692,P0118,3,1270,3810,PKR
OI002693-01,O002693,P0065,4,840,3360,PKR
OI002693-02,O002693,P0113,1,1250,1250,PKR
OI002693-03,O002693,P0097,1,1730,1730,PKR
OI002694-01,O002694,P0112,2,385,770,PKR
OI002694-02,O002694,P0023,1,1745,1745,PKR
OI002695-01,O002695,P0080,2,2175,4350,PKR
OI002695-02,O002695,P0095,2,890,1780,PKR
OI002695-03,O002695,P0112,3,385,1155,PKR
OI002696-01,O002696,P0112,2,385,770,PKR
OI002696-02,O002696,P0006,2,750,1500,PKR
OI002696-03,O002696,P0119,1,550,550,PKR
OI002697-01,O002697,P0003,1,1000,1000,PKR
OI002698-01,O002698,P0059,1,600,600,PKR
OI002698-02,O002698,P0099,1,970,970,PKR
OI002699-01,O002699,P0005,1,1405,1405,PKR
OI002699-02,O002699,P0008,2,1530,3060,PKR
OI002699-03,O002699,P0071,3,850,2550,PKR
OI002700-01,O002700,P0109,2,260,520,PKR
OI002700-02,O002700,P0071,1,850,850,PKR
OI002700-03,O002700,P0009,1,985,985,PKR
OI002700-04,O002700,P0045,1,910,910,PKR
OI002701-01,O002701,P0100,1,855,855,PKR
OI002701-02,O002701,P0041,1,385,385,PKR
OI002701-03,O002701,P0012,1,155,155,PKR
OI002702-01,O002702,P0102,2,555,1110,PKR
OI002702-02,O002702,P0026,1,755,755,PKR
OI002702-03,O002702,P0071,3,850,2550,PKR
OI002702-04,O002702,P0096,1,1660,1660,PKR
OI002703-01,O002703,P0068,3,550,1650,PKR
OI002704-01,O002704,P0036,3,595,1785,PKR
OI002704-02,O002704,P0094,1,130,130,PKR
OI002705-01,O002705,P0118,1,1270,1270,PKR
OI002705-02,O002705,P0087,2,1090,2180,PKR
OI002705-03,O002705,P0041,1,385,385,PKR
OI002706-01,O002706,P0002,2,265,530,PKR
OI002706-02,O002706,P0082,1,1025,1025,PKR
OI002707-01,O002707,P0111,2,1265,2530,PKR
OI002707-02,O002707,P0017,1,1755,1755,PKR
OI002708-01,O002708,P0081,1,1110,1110,PKR
OI002708-02,O002708,P0114,2,1530,3060,PKR
OI002709-01,O002709,P0097,1,1730,1730,PKR
OI002709-02,O002709,P0098,2,1885,3770,PKR
OI002709-03,O002709,P0005,1,1405,1405,PKR
OI002710-01,O002710,P0098,1,1885,1885,PKR
OI002710-02,O002710,P0057,1,1425,1425,PKR
OI002710-03,O002710,P0120,1,760,760,PKR
OI002711-01,O002711,P0052,4,250,1000,PKR
OI002711-02,O002711,P0022,1,1255,1255,PKR
OI002712-01,O002712,P0082,1,1025,1025,PKR
OI002712-02,O002712,P0008,1,1530,1530,PKR
OI002713-01,O002713,P0065,1,840,840,PKR
OI002713-02,O002713,P0116,1,815,815,PKR
OI002714-01,O002714,P0054,1,620,620,PKR
OI002715-01,O002715,P0094,3,130,390,PKR
OI002716-01,O002716,P0055,1,1405,1405,PKR
OI002716-02,O002716,P0090,1,1680,1680,PKR
OI002717-01,O002717,P0099,1,970,970,PKR
OI002717-02,O002717,P0090,2,1680,3360,PKR
OI002717-03,O002717,P0001,1,660,660,PKR
OI002718-01,O002718,P0108,2,935,1870,PKR
OI002718-02,O002718,P0022,1,1255,1255,PKR
OI002718-03,O002718,P0081,1,1110,1110,PKR
OI002718-04,O002718,P0096,1,1660,1660,PKR
OI002719-01,O002719,P0014,3,1895,5685,PKR
OI002719-02,O002719,P0112,3,385,1155,PKR
OI002720-01,O002720,P0003,1,1000,1000,PKR
OI002721-01,O002721,P0110,1,545,545,PKR
OI002721-02,O002721,P0022,4,1255,5020,PKR
OI002722-01,O002722,P0083,1,720,720,PKR
OI002722-02,O002722,P0098,1,1885,1885,PKR
OI002723-01,O002723,P0113,1,1250,1250,PKR
OI002723-02,O002723,P0020,1,325,325,PKR
OI002723-03,O002723,P0006,1,750,750,PKR
OI002724-01,O002724,P0022,1,1255,1255,PKR
OI002724-02,O002724,P0101,1,185,185,PKR
OI002724-03,O002724,P0042,1,1400,1400,PKR
OI002724-04,O002724,P0092,1,955,955,PKR
OI002725-01,O002725,P0112,1,385,385,PKR
OI002725-02,O002725,P0030,1,220,220,PKR
OI002726-01,O002726,P0120,1,760,760,PKR
OI002727-01,O002727,P0098,2,1885,3770,PKR
OI002727-02,O002727,P0020,1,325,325,PKR
OI002727-03,O002727,P0015,2,895,1790,PKR
OI002727-04,O002727,P0047,1,1540,1540,PKR
OI002728-01,O002728,P0021,1,1595,1595,PKR
OI002728-02,O002728,P0047,2,1540,3080,PKR
OI002728-03,O002728,P0065,4,840,3360,PKR
OI002729-01,O002729,P0030,2,220,440,PKR
OI002730-01,O002730,P0015,1,895,895,PKR
OI002730-02,O002730,P0057,1,1425,1425,PKR
OI002730-03,O002730,P0077,3,595,1785,PKR
OI002731-01,O002731,P0042,2,1400,2800,PKR
OI002731-02,O002731,P0053,1,2210,2210,PKR
OI002731-03,O002731,P0064,3,1700,5100,PKR
OI002732-01,O002732,P0092,1,955,955,PKR
OI002732-02,O002732,P0013,1,1805,1805,PKR
OI002732-03,O002732,P0038,1,475,475,PKR
OI002733-01,O002733,P0118,1,1270,1270,PKR
OI002733-02,O002733,P0099,1,970,970,PKR
OI002734-01,O002734,P0008,2,1530,3060,PKR
OI002734-02,O002734,P0033,1,1475,1475,PKR
OI002734-03,O002734,P0043,1,1190,1190,PKR
OI002734-04,O002734,P0094,1,130,130,PKR
OI002735-01,O002735,P0050,1,810,810,PKR
OI002735-02,O002735,P0089,1,225,225,PKR
OI002735-03,O002735,P0075,1,645,645,PKR
OI002736-01,O002736,P0113,1,1250,1250,PKR
OI002736-02,O002736,P0105,1,1155,1155,PKR
OI002737-01,O002737,P0037,1,180,180,PKR
OI002737-02,O002737,P0112,1,385,385,PKR
OI002737-03,O002737,P0018,1,1305,1305,PKR
OI002737-04,O002737,P0111,1,1265,1265,PKR
OI002738-01,O002738,P0069,1,530,530,PKR
OI002739-01,O002739,P0031,2,730,1460,PKR
OI002739-02,O002739,P0027,1,1980,1980,PKR
OI002740-01,O002740,P0105,2,1155,2310,PKR
OI002740-02,O002740,P0097,1,1730,1730,PKR
OI002740-03,O002740,P0036,1,595,595,PKR
OI002740-04,O002740,P0010,1,375,375,PKR
OI002741-01,O002741,P0030,3,220,660,PKR
OI002741-02,O002741,P0105,1,1155,1155,PKR
OI002742-01,O002742,P0097,2,1730,3460,PKR
OI002742-02,O002742,P0104,1,1645,1645,PKR
OI002742-03,O002742,P0072,1,1075,1075,PKR
OI002743-01,O002743,P0043,1,1190,1190,PKR
OI002743-02,O002743,P0012,2,155,310,PKR
OI002743-03,O002743,P0071,3,850,2550,PKR
OI002743-04,O002743,P0037,1,180,180,PKR
OI002743-05,O002743,P0042,1,1400,1400,PKR
OI002744-01,O002744,P0080,1,2175,2175,PKR
OI002745-01,O002745,P0002,1,265,265,PKR
OI002745-02,O002745,P0053,1,2210,2210,PKR
OI002745-03,O002745,P0050,1,810,810,PKR
OI002745-04,O002745,P0109,1,260,260,PKR
OI002745-05,O002745,P0029,1,895,895,PKR
OI002746-01,O002746,P0104,2,1645,3290,PKR
OI002747-01,O002747,P0072,1,1075,1075,PKR
OI002747-02,O002747,P0045,2,910,1820,PKR
OI002747-03,O002747,P0025,1,290,290,PKR
OI002748-01,O002748,P0019,1,1470,1470,PKR
OI002748-02,O002748,P0008,1,1530,1530,PKR
OI002748-03,O002748,P0002,1,265,265,PKR
OI002748-04,O002748,P0053,1,2210,2210,PKR
OI002749-01,O002749,P0046,2,205,410,PKR
OI002749-02,O002749,P0032,1,585,585,PKR
OI002749-03,O002749,P0094,1,130,130,PKR
OI002750-01,O002750,P0072,1,1075,1075,PKR
OI002750-02,O002750,P0046,2,205,410,PKR
OI002750-03,O002750,P0102,1,555,555,PKR
OI002750-04,O002750,P0059,4,600,2400,PKR
OI002751-01,O002751,P0040,2,1090,2180,PKR
OI002751-02,O002751,P0091,2,490,980,PKR
OI002751-03,O002751,P0101,1,185,185,PKR
OI002752-01,O002752,P0061,3,275,825,PKR
OI002753-01,O002753,P0006,1,750,750,PKR
OI002753-02,O002753,P0063,1,1685,1685,PKR
OI002754-01,O002754,P0083,1,720,720,PKR
OI002754-02,O002754,P0062,1,1690,1690,PKR
OI002754-03,O002754,P0019,1,1470,1470,PKR
OI002754-04,O002754,P0097,1,1730,1730,PKR
OI002754-05,O002754,P0023,1,1745,1745,PKR
OI002755-01,O002755,P0005,1,1405,1405,PKR
OI002755-02,O002755,P0104,2,1645,3290,PKR
OI002755-03,O002755,P0008,1,1530,1530,PKR
OI002755-04,O002755,P0043,1,1190,1190,PKR
OI002756-01,O002756,P0013,1,1805,1805,PKR
OI002756-02,O002756,P0102,1,555,555,PKR
OI002756-03,O002756,P0048,4,1495,5980,PKR
OI002757-01,O002757,P0005,1,1405,1405,PKR
OI002757-02,O002757,P0033,1,1475,1475,PKR
OI002758-01,O002758,P0030,1,220,220,PKR
OI002758-02,O002758,P0111,1,1265,1265,PKR
OI002759-01,O002759,P0047,2,1540,3080,PKR
OI002759-02,O002759,P0060,2,230,460,PKR
OI002760-01,O002760,P0085,2,270,540,PKR
OI002761-01,O002761,P0024,1,235,235,PKR
OI002761-02,O002761,P0112,1,385,385,PKR
OI002761-03,O002761,P0030,2,220,440,PKR
OI002762-01,O002762,P0063,1,1685,1685,PKR
OI002762-02,O002762,P0114,1,1530,1530,PKR
OI002762-03,O002762,P0037,1,180,180,PKR
OI002763-01,O002763,P0077,1,595,595,PKR
OI002763-02,O002763,P0035,2,380,760,PKR
OI002763-03,O002763,P0021,1,1595,1595,PKR
OI002764-01,O002764,P0110,3,545,1635,PKR
OI002765-01,O002765,P0090,1,1680,1680,PKR
OI002765-02,O002765,P0112,2,385,770,PKR
OI002766-01,O002766,P0014,1,1895,1895,PKR
OI002767-01,O002767,P0032,1,585,585,PKR
OI002767-02,O002767,P0086,2,850,1700,PKR
OI002767-03,O002767,P0009,1,985,985,PKR
OI002768-01,O002768,P0118,3,1270,3810,PKR
OI002769-01,O002769,P0113,2,1250,2500,PKR
OI002769-02,O002769,P0068,1,550,550,PKR
OI002769-03,O002769,P0094,2,130,260,PKR
OI002770-01,O002770,P0097,1,1730,1730,PKR
OI002771-01,O002771,P0017,2,1755,3510,PKR
OI002771-02,O002771,P0109,4,260,1040,PKR
OI002771-03,O002771,P0034,1,140,140,PKR
OI002771-04,O002771,P0087,1,1090,1090,PKR
OI002772-01,O002772,P0037,1,180,180,PKR
OI002772-02,O002772,P0068,1,550,550,PKR
OI002773-01,O002773,P0009,1,985,985,PKR
OI002773-02,O002773,P0079,1,850,850,PKR
OI002774-01,O002774,P0119,2,550,1100,PKR
OI002775-01,O002775,P0001,1,660,660,PKR
OI002775-02,O002775,P0028,2,1930,3860,PKR
OI002775-03,O002775,P0053,1,2210,2210,PKR
OI002776-01,O002776,P0068,1,550,550,PKR
OI002776-02,O002776,P0085,1,270,270,PKR
OI002776-03,O002776,P0012,1,155,155,PKR
OI002776-04,O002776,P0079,2,850,1700,PKR
OI002777-01,O002777,P0085,1,270,270,PKR
OI002777-02,O002777,P0012,1,155,155,PKR
OI002777-03,O002777,P0033,2,1475,2950,PKR
OI002778-01,O002778,P0028,1,1930,1930,PKR
OI002779-01,O002779,P0102,2,555,1110,PKR
OI002780-01,O002780,P0052,1,250,250,PKR
OI002780-02,O002780,P0090,1,1680,1680,PKR
OI002781-01,O002781,P0034,1,140,140,PKR
OI002781-02,O002781,P0033,1,1475,1475,PKR
OI002781-03,O002781,P0071,1,850,850,PKR
OI002782-01,O002782,P0079,1,850,850,PKR
OI002782-02,O002782,P0031,1,730,730,PKR
OI002782-03,O002782,P0052,1,250,250,PKR
OI002782-04,O002782,P0029,1,895,895,PKR
OI002782-05,O002782,P0062,1,1690,1690,PKR
OI002783-01,O002783,P0017,1,1755,1755,PKR
OI002784-01,O002784,P0045,1,910,910,PKR
OI002784-02,O002784,P0080,2,2175,4350,PKR
OI002785-01,O002785,P0073,2,225,450,PKR
OI002786-01,O002786,P0092,1,955,955,PKR
OI002787-01,O002787,P0093,2,1805,3610,PKR
OI002787-02,O002787,P0044,2,1840,3680,PKR
OI002788-01,O002788,P0105,4,1155,4620,PKR
OI002788-02,O002788,P0046,1,205,205,PKR
OI002789-01,O002789,P0101,1,185,185,PKR
OI002790-01,O002790,P0089,1,225,225,PKR
OI002790-02,O002790,P0009,1,985,985,PKR
OI002790-03,O002790,P0064,1,1700,1700,PKR
OI002791-01,O002791,P0060,1,230,230,PKR
OI002791-02,O002791,P0081,1,1110,1110,PKR
OI002791-03,O002791,P0034,2,140,280,PKR
OI002792-01,O002792,P0093,1,1805,1805,PKR
OI002792-02,O002792,P0073,1,225,225,PKR
OI002793-01,O002793,P0090,3,1680,5040,PKR
OI002793-02,O002793,P0034,2,140,280,PKR
OI002793-03,O002793,P0071,1,850,850,PKR
OI002793-04,O002793,P0088,3,780,2340,PKR
OI002793-05,O002793,P0049,1,215,215,PKR
OI002794-01,O002794,P0109,1,260,260,PKR
OI002794-02,O002794,P0018,2,1305,2610,PKR
OI002794-03,O002794,P0045,1,910,910,PKR
OI002794-04,O002794,P0111,1,1265,1265,PKR
OI002795-01,O002795,P0002,1,265,265,PKR
OI002795-02,O002795,P0097,3,1730,5190,PKR
OI002796-01,O002796,P0085,3,270,810,PKR
OI002796-02,O002796,P0050,1,810,810,PKR
OI002796-03,O002796,P0020,1,325,325,PKR
OI002797-01,O002797,P0062,1,1690,1690,PKR
OI002797-02,O002797,P0018,2,1305,2610,PKR
OI002797-03,O002797,P0082,1,1025,1025,PKR
OI002797-04,O002797,P0052,3,250,750,PKR
OI002798-01,O002798,P0045,1,910,910,PKR
OI002799-01,O002799,P0080,1,2175,2175,PKR
OI002799-02,O002799,P0052,1,250,250,PKR
OI002800-01,O002800,P0008,1,1530,1530,PKR
OI002801-01,O002801,P0085,2,270,540,PKR
OI002801-02,O002801,P0007,1,425,425,PKR
OI002801-03,O002801,P0063,2,1685,3370,PKR
OI002801-04,O002801,P0082,2,1025,2050,PKR
OI002801-05,O002801,P0024,1,235,235,PKR
OI002802-01,O002802,P0105,2,1155,2310,PKR
OI002802-02,O002802,P0019,1,1470,1470,PKR
OI002802-03,O002802,P0083,2,720,1440,PKR
OI002803-01,O002803,P0047,1,1540,1540,PKR
OI002803-02,O002803,P0009,1,985,985,PKR
OI002804-01,O002804,P0067,2,1215,2430,PKR
OI002805-01,O002805,P0087,1,1090,1090,PKR
OI002806-01,O002806,P0112,1,385,385,PKR
OI002807-01,O002807,P0084,1,1260,1260,PKR
OI002808-01,O002808,P0065,1,840,840,PKR
OI002808-02,O002808,P0081,1,1110,1110,PKR
OI002808-03,O002808,P0009,1,985,985,PKR
OI002808-04,O002808,P0017,1,1755,1755,PKR
OI002808-05,O002808,P0014,3,1895,5685,PKR
OI002809-01,O002809,P0027,1,1980,1980,PKR
OI002809-02,O002809,P0096,1,1660,1660,PKR
OI002810-01,O002810,P0015,2,895,1790,PKR
OI002810-02,O002810,P0117,1,720,720,PKR
OI002810-03,O002810,P0045,1,910,910,PKR
OI002811-01,O002811,P0042,3,1400,4200,PKR
OI002811-02,O002811,P0109,1,260,260,PKR
OI002811-03,O002811,P0047,1,1540,1540,PKR
OI002811-04,O002811,P0003,1,1000,1000,PKR
OI002812-01,O002812,P0045,4,910,3640,PKR
OI002813-01,O002813,P0021,1,1595,1595,PKR
OI002813-02,O002813,P0061,1,275,275,PKR
OI002813-03,O002813,P0114,1,1530,1530,PKR
OI002813-04,O002813,P0030,1,220,220,PKR
OI002813-05,O002813,P0091,1,490,490,PKR
OI002814-01,O002814,P0035,2,380,760,PKR
OI002814-02,O002814,P0081,2,1110,2220,PKR
OI002814-03,O002814,P0002,1,265,265,PKR
OI002814-04,O002814,P0087,1,1090,1090,PKR
OI002815-01,O002815,P0091,1,490,490,PKR
OI002815-02,O002815,P0057,2,1425,2850,PKR
OI002815-03,O002815,P0073,1,225,225,PKR
OI002815-04,O002815,P0105,1,1155,1155,PKR
OI002816-01,O002816,P0069,2,530,1060,PKR
OI002817-01,O002817,P0111,1,1265,1265,PKR
OI002817-02,O002817,P0106,1,1080,1080,PKR
OI002817-03,O002817,P0071,2,850,1700,PKR
OI002818-01,O002818,P0011,2,1805,3610,PKR
OI002818-02,O002818,P0020,1,325,325,PKR
OI002819-01,O002819,P0071,1,850,850,PKR
OI002819-02,O002819,P0081,2,1110,2220,PKR
OI002820-01,O002820,P0076,1,1635,1635,PKR
OI002820-02,O002820,P0115,4,1790,7160,PKR
OI002820-03,O002820,P0112,1,385,385,PKR
OI002821-01,O002821,P0073,2,225,450,PKR
OI002821-02,O002821,P0014,2,1895,3790,PKR
OI002821-03,O002821,P0104,2,1645,3290,PKR
OI002822-01,O002822,P0041,2,385,770,PKR
OI002822-02,O002822,P0087,1,1090,1090,PKR
OI002823-01,O002823,P0032,1,585,585,PKR
OI002823-02,O002823,P0092,1,955,955,PKR
OI002823-03,O002823,P0076,1,1635,1635,PKR
OI002823-04,O002823,P0042,2,1400,2800,PKR
OI002824-01,O002824,P0056,1,385,385,PKR
OI002824-02,O002824,P0032,1,585,585,PKR
OI002825-01,O002825,P0045,3,910,2730,PKR
OI002825-02,O002825,P0062,3,1690,5070,PKR
OI002825-03,O002825,P0047,2,1540,3080,PKR
OI002825-04,O002825,P0079,1,850,850,PKR
OI002826-01,O002826,P0016,1,1700,1700,PKR
OI002827-01,O002827,P0065,2,840,1680,PKR
OI002827-02,O002827,P0030,1,220,220,PKR
OI002827-03,O002827,P0015,1,895,895,PKR
OI002827-04,O002827,P0040,1,1090,1090,PKR
OI002828-01,O002828,P0076,1,1635,1635,PKR
OI002828-02,O002828,P0089,1,225,225,PKR
OI002829-01,O002829,P0071,3,850,2550,PKR
OI002829-02,O002829,P0016,3,1700,5100,PKR
OI002829-03,O002829,P0020,2,325,650,PKR
OI002830-01,O002830,P0035,4,380,1520,PKR
OI002830-02,O002830,P0074,2,600,1200,PKR
OI002830-03,O002830,P0068,4,550,2200,PKR
OI002830-04,O002830,P0095,1,890,890,PKR
OI002831-01,O002831,P0045,2,910,1820,PKR
OI002831-02,O002831,P0073,1,225,225,PKR
OI002832-01,O002832,P0050,2,810,1620,PKR
OI002832-02,O002832,P0057,1,1425,1425,PKR
OI002832-03,O002832,P0108,1,935,935,PKR
OI002833-01,O002833,P0082,1,1025,1025,PKR
OI002834-01,O002834,P0108,2,935,1870,PKR
OI002834-02,O002834,P0032,1,585,585,PKR
OI002834-03,O002834,P0101,1,185,185,PKR
OI002834-04,O002834,P0061,1,275,275,PKR
OI002835-01,O002835,P0047,2,1540,3080,PKR
OI002835-02,O002835,P0039,1,920,920,PKR
OI002835-03,O002835,P0023,1,1745,1745,PKR
OI002835-04,O002835,P0085,2,270,540,PKR
OI002836-01,O002836,P0054,1,620,620,PKR
OI002836-02,O002836,P0110,1,545,545,PKR
OI002836-03,O002836,P0115,3,1790,5370,PKR
OI002837-01,O002837,P0036,3,595,1785,PKR
OI002837-02,O002837,P0117,4,720,2880,PKR
OI002838-01,O002838,P0051,1,200,200,PKR
OI002838-02,O002838,P0100,1,855,855,PKR
OI002838-03,O002838,P0029,4,895,3580,PKR
OI002839-01,O002839,P0093,1,1805,1805,PKR
OI002840-01,O002840,P0009,1,985,985,PKR
OI002840-02,O002840,P0033,1,1475,1475,PKR
OI002841-01,O002841,P0101,1,185,185,PKR
OI002842-01,O002842,P0092,1,955,955,PKR
OI002842-02,O002842,P0075,1,645,645,PKR
OI002842-03,O002842,P0022,1,1255,1255,PKR
OI002842-04,O002842,P0037,2,180,360,PKR
OI002843-01,O002843,P0080,1,2175,2175,PKR
OI002843-02,O002843,P0030,1,220,220,PKR
OI002843-03,O002843,P0003,1,1000,1000,PKR
OI002844-01,O002844,P0005,2,1405,2810,PKR
OI002844-02,O002844,P0066,2,785,1570,PKR
OI002845-01,O002845,P0009,1,985,985,PKR
OI002845-02,O002845,P0042,1,1400,1400,PKR
OI002845-03,O002845,P0032,1,585,585,PKR
OI002846-01,O002846,P0036,3,595,1785,PKR
OI002847-01,O002847,P0082,3,1025,3075,PKR
OI002848-01,O002848,P0102,2,555,1110,PKR
OI002849-01,O002849,P0055,1,1405,1405,PKR
OI002849-02,O002849,P0030,2,220,440,PKR
OI002849-03,O002849,P0116,1,815,815,PKR
OI002849-04,O002849,P0089,1,225,225,PKR
OI002850-01,O002850,P0108,4,935,3740,PKR
OI002850-02,O002850,P0035,1,380,380,PKR
OI002851-01,O002851,P0015,2,895,1790,PKR
OI002851-02,O002851,P0083,2,720,1440,PKR
OI002851-03,O002851,P0016,1,1700,1700,PKR
OI002852-01,O002852,P0015,1,895,895,PKR
OI002852-02,O002852,P0085,1,270,270,PKR
OI002852-03,O002852,P0084,2,1260,2520,PKR
OI002853-01,O002853,P0051,3,200,600,PKR
OI002854-01,O002854,P0110,1,545,545,PKR
OI002854-02,O002854,P0059,1,600,600,PKR
OI002855-01,O002855,P0019,1,1470,1470,PKR
OI002856-01,O002856,P0023,1,1745,1745,PKR
OI002856-02,O002856,P0101,1,185,185,PKR
OI002857-01,O002857,P0044,1,1840,1840,PKR
OI002858-01,O002858,P0111,1,1265,1265,PKR
OI002858-02,O002858,P0060,1,230,230,PKR
OI002859-01,O002859,P0014,1,1895,1895,PKR
OI002859-02,O002859,P0012,2,155,310,PKR
OI002860-01,O002860,P0068,1,550,550,PKR
OI002860-02,O002860,P0005,1,1405,1405,PKR
OI002861-01,O002861,P0020,1,325,325,PKR
OI002861-02,O002861,P0106,2,1080,2160,PKR
OI002861-03,O002861,P0112,3,385,1155,PKR
OI002862-01,O002862,P0050,1,810,810,PKR
OI002862-02,O002862,P0117,1,720,720,PKR
OI002862-03,O002862,P0112,2,385,770,PKR
OI002862-04,O002862,P0030,1,220,220,PKR
OI002863-01,O002863,P0056,1,385,385,PKR
OI002863-02,O002863,P0018,1,1305,1305,PKR
OI002864-01,O002864,P0016,1,1700,1700,PKR
OI002864-02,O002864,P0106,1,1080,1080,PKR
OI002864-03,O002864,P0029,1,895,895,PKR
OI002865-01,O002865,P0019,1,1470,1470,PKR
OI002865-02,O002865,P0017,1,1755,1755,PKR
OI002866-01,O002866,P0089,1,225,225,PKR
OI002867-01,O002867,P0068,1,550,550,PKR
OI002867-02,O002867,P0112,1,385,385,PKR
OI002867-03,O002867,P0073,1,225,225,PKR
OI002867-04,O002867,P0033,1,1475,1475,PKR
OI002867-05,O002867,P0098,1,1885,1885,PKR
OI002868-01,O002868,P0105,4,1155,4620,PKR
OI002868-02,O002868,P0068,1,550,550,PKR
OI002868-03,O002868,P0005,1,1405,1405,PKR
OI002869-01,O002869,P0091,2,490,980,PKR
OI002869-02,O002869,P0072,3,1075,3225,PKR
OI002870-01,O002870,P0107,2,1020,2040,PKR
OI002870-02,O002870,P0083,1,720,720,PKR
OI002870-03,O002870,P0056,1,385,385,PKR
OI002870-04,O002870,P0020,1,325,325,PKR
OI002870-05,O002870,P0120,1,760,760,PKR
OI002871-01,O002871,P0034,1,140,140,PKR
OI002871-02,O002871,P0018,1,1305,1305,PKR
OI002872-01,O002872,P0038,1,475,475,PKR
OI002872-02,O002872,P0120,2,760,1520,PKR
OI002873-01,O002873,P0010,1,375,375,PKR
OI002873-02,O002873,P0032,1,585,585,PKR
OI002873-03,O002873,P0064,2,1700,3400,PKR
OI002874-01,O002874,P0086,2,850,1700,PKR
OI002874-02,O002874,P0026,2,755,1510,PKR
OI002874-03,O002874,P0090,1,1680,1680,PKR
OI002874-04,O002874,P0015,3,895,2685,PKR
OI002874-05,O002874,P0083,2,720,1440,PKR
OI002875-01,O002875,P0027,1,1980,1980,PKR
OI002875-02,O002875,P0063,4,1685,6740,PKR
OI002876-01,O002876,P0088,1,780,780,PKR
OI002876-02,O002876,P0065,1,840,840,PKR
OI002876-03,O002876,P0093,1,1805,1805,PKR
OI002876-04,O002876,P0097,1,1730,1730,PKR
OI002877-01,O002877,P0116,3,815,2445,PKR
OI002878-01,O002878,P0041,1,385,385,PKR
OI002878-02,O002878,P0076,1,1635,1635,PKR
OI002879-01,O002879,P0114,1,1530,1530,PKR
OI002880-01,O002880,P0061,1,275,275,PKR
OI002880-02,O002880,P0009,1,985,985,PKR
OI002881-01,O002881,P0064,1,1700,1700,PKR
OI002881-02,O002881,P0105,1,1155,1155,PKR
OI002881-03,O002881,P0012,2,155,310,PKR
OI002881-04,O002881,P0073,1,225,225,PKR
OI002881-05,O002881,P0080,2,2175,4350,PKR
OI002882-01,O002882,P0110,1,545,545,PKR
OI002883-01,O002883,P0090,3,1680,5040,PKR
OI002883-02,O002883,P0022,1,1255,1255,PKR
OI002883-03,O002883,P0012,1,155,155,PKR
OI002883-04,O002883,P0060,1,230,230,PKR
OI002884-01,O002884,P0112,1,385,385,PKR
OI002884-02,O002884,P0109,2,260,520,PKR
OI002885-01,O002885,P0023,2,1745,3490,PKR
OI002885-02,O002885,P0105,3,1155,3465,PKR
OI002886-01,O002886,P0024,3,235,705,PKR
OI002886-02,O002886,P0036,1,595,595,PKR
OI002887-01,O002887,P0082,1,1025,1025,PKR
OI002887-02,O002887,P0076,1,1635,1635,PKR
OI002888-01,O002888,P0100,1,855,855,PKR
OI002889-01,O002889,P0073,2,225,450,PKR
OI002889-02,O002889,P0042,2,1400,2800,PKR
OI002890-01,O002890,P0041,1,385,385,PKR
OI002890-02,O002890,P0075,2,645,1290,PKR
OI002891-01,O002891,P0023,3,1745,5235,PKR
OI002892-01,O002892,P0064,1,1700,1700,PKR
OI002893-01,O002893,P0120,1,760,760,PKR
OI002894-01,O002894,P0003,3,1000,3000,PKR
OI002894-02,O002894,P0104,2,1645,3290,PKR
OI002894-03,O002894,P0058,1,1715,1715,PKR
OI002894-04,O002894,P0113,1,1250,1250,PKR
OI002895-01,O002895,P0081,1,1110,1110,PKR
OI002896-01,O002896,P0101,1,185,185,PKR
OI002896-02,O002896,P0035,1,380,380,PKR
OI002896-03,O002896,P0078,1,385,385,PKR
OI002896-04,O002896,P0046,1,205,205,PKR
OI002896-05,O002896,P0038,1,475,475,PKR
OI002897-01,O002897,P0057,2,1425,2850,PKR
OI002897-02,O002897,P0098,1,1885,1885,PKR
OI002898-01,O002898,P0050,1,810,810,PKR
OI002898-02,O002898,P0019,3,1470,4410,PKR
OI002898-03,O002898,P0010,2,375,750,PKR
OI002898-04,O002898,P0096,1,1660,1660,PKR
OI002899-01,O002899,P0040,3,1090,3270,PKR
OI002899-02,O002899,P0023,1,1745,1745,PKR
OI002900-01,O002900,P0070,1,1560,1560,PKR
OI002900-02,O002900,P0088,1,780,780,PKR
OI002901-01,O002901,P0108,1,935,935,PKR
OI002902-01,O002902,P0089,2,225,450,PKR
OI002902-02,O002902,P0056,1,385,385,PKR
OI002902-03,O002902,P0033,2,1475,2950,PKR
OI002903-01,O002903,P0031,2,730,1460,PKR
OI002903-02,O002903,P0007,3,425,1275,PKR
OI002903-03,O002903,P0005,2,1405,2810,PKR
OI002904-01,O002904,P0087,2,1090,2180,PKR
OI002904-02,O002904,P0078,1,385,385,PKR
OI002904-03,O002904,P0048,1,1495,1495,PKR
OI002905-01,O002905,P0004,1,1410,1410,PKR
OI002905-02,O002905,P0081,1,1110,1110,PKR
OI002905-03,O002905,P0019,1,1470,1470,PKR
OI002905-04,O002905,P0042,1,1400,1400,PKR
OI002905-05,O002905,P0016,2,1700,3400,PKR
OI002906-01,O002906,P0119,1,550,550,PKR
OI002906-02,O002906,P0043,1,1190,1190,PKR
OI002907-01,O002907,P0055,1,1405,1405,PKR
OI002907-02,O002907,P0022,1,1255,1255,PKR
OI002907-03,O002907,P0021,1,1595,1595,PKR
OI002907-04,O002907,P0024,2,235,470,PKR
OI002907-05,O002907,P0066,1,785,785,PKR
OI002908-01,O002908,P0034,4,140,560,PKR
OI002908-02,O002908,P0112,4,385,1540,PKR
OI002909-01,O002909,P0050,1,810,810,PKR
OI002909-02,O002909,P0103,1,1075,1075,PKR
OI002910-01,O002910,P0113,1,1250,1250,PKR
OI002910-02,O002910,P0036,2,595,1190,PKR
OI002910-03,O002910,P0042,1,1400,1400,PKR
OI002910-04,O002910,P0076,2,1635,3270,PKR
OI002911-01,O002911,P0117,2,720,1440,PKR
OI002912-01,O002912,P0006,1,750,750,PKR
OI002912-02,O002912,P0001,2,660,1320,PKR
OI002912-03,O002912,P0018,1,1305,1305,PKR
OI002912-04,O002912,P0088,1,780,780,PKR
OI002913-01,O002913,P0049,1,215,215,PKR
OI002914-01,O002914,P0052,2,250,500,PKR
OI002914-02,O002914,P0075,1,645,645,PKR
OI002915-01,O002915,P0110,4,545,2180,PKR
OI002915-02,O002915,P0044,1,1840,1840,PKR
OI002916-01,O002916,P0071,4,850,3400,PKR
OI002916-02,O002916,P0098,4,1885,7540,PKR
OI002916-03,O002916,P0022,1,1255,1255,PKR
OI002916-04,O002916,P0010,1,375,375,PKR
OI002917-01,O002917,P0093,2,1805,3610,PKR
OI002917-02,O002917,P0014,1,1895,1895,PKR
OI002917-03,O002917,P0090,1,1680,1680,PKR
OI002917-04,O002917,P0094,2,130,260,PKR
OI002917-05,O002917,P0068,3,550,1650,PKR
OI002918-01,O002918,P0056,1,385,385,PKR
OI002918-02,O002918,P0035,1,380,380,PKR
OI002918-03,O002918,P0085,2,270,540,PKR
OI002918-04,O002918,P0101,1,185,185,PKR
OI002919-01,O002919,P0057,1,1425,1425,PKR
OI002920-01,O002920,P0060,4,230,920,PKR
OI002920-02,O002920,P0061,4,275,1100,PKR
OI002921-01,O002921,P0116,1,815,815,PKR
OI002921-02,O002921,P0097,1,1730,1730,PKR
OI002922-01,O002922,P0013,1,1805,1805,PKR
OI002922-02,O002922,P0092,1,955,955,PKR
OI002922-03,O002922,P0005,1,1405,1405,PKR
OI002923-01,O002923,P0071,1,850,850,PKR
OI002923-02,O002923,P0112,4,385,1540,PKR
OI002923-03,O002923,P0114,1,1530,1530,PKR
OI002924-01,O002924,P0074,1,600,600,PKR
OI002924-02,O002924,P0056,1,385,385,PKR
OI002924-03,O002924,P0031,2,730,1460,PKR
OI002925-01,O002925,P0032,1,585,585,PKR
OI002925-02,O002925,P0109,1,260,260,PKR
OI002926-01,O002926,P0036,1,595,595,PKR
OI002927-01,O002927,P0071,2,850,1700,PKR
OI002927-02,O002927,P0036,2,595,1190,PKR
OI002927-03,O002927,P0097,1,1730,1730,PKR
OI002927-04,O002927,P0001,1,660,660,PKR
OI002928-01,O002928,P0013,1,1805,1805,PKR
OI002929-01,O002929,P0105,2,1155,2310,PKR
OI002929-02,O002929,P0070,1,1560,1560,PKR
OI002930-01,O002930,P0025,2,290,580,PKR
OI002930-02,O002930,P0116,1,815,815,PKR
OI002931-01,O002931,P0023,1,1745,1745,PKR
OI002931-02,O002931,P0113,2,1250,2500,PKR
OI002932-01,O002932,P0008,1,1530,1530,PKR
OI002932-02,O002932,P0063,1,1685,1685,PKR
OI002932-03,O002932,P0043,3,1190,3570,PKR
OI002933-01,O002933,P0031,2,730,1460,PKR
OI002933-02,O002933,P0052,2,250,500,PKR
OI002934-01,O002934,P0066,1,785,785,PKR
OI002934-02,O002934,P0058,1,1715,1715,PKR
OI002934-03,O002934,P0059,3,600,1800,PKR
OI002935-01,O002935,P0120,1,760,760,PKR
OI002935-02,O002935,P0030,1,220,220,PKR
OI002936-01,O002936,P0044,1,1840,1840,PKR
OI002936-02,O002936,P0112,1,385,385,PKR
OI002936-03,O002936,P0036,2,595,1190,PKR
OI002936-04,O002936,P0115,3,1790,5370,PKR
OI002936-05,O002936,P0034,1,140,140,PKR
OI002937-01,O002937,P0002,1,265,265,PKR
OI002937-02,O002937,P0004,1,1410,1410,PKR
OI002938-01,O002938,P0083,1,720,720,PKR
OI002938-02,O002938,P0062,1,1690,1690,PKR
OI002938-03,O002938,P0054,3,620,1860,PKR
OI002938-04,O002938,P0047,1,1540,1540,PKR
OI002939-01,O002939,P0114,1,1530,1530,PKR
OI002939-02,O002939,P0031,1,730,730,PKR
OI002939-03,O002939,P0024,2,235,470,PKR
OI002939-04,O002939,P0041,2,385,770,PKR
OI002939-05,O002939,P0022,2,1255,2510,PKR
OI002940-01,O002940,P0019,1,1470,1470,PKR
OI002940-02,O002940,P0072,1,1075,1075,PKR
OI002940-03,O002940,P0056,1,385,385,PKR
OI002941-01,O002941,P0064,2,1700,3400,PKR
OI002941-02,O002941,P0090,1,1680,1680,PKR
OI002942-01,O002942,P0105,1,1155,1155,PKR
OI002942-02,O002942,P0101,1,185,185,PKR
OI002942-03,O002942,P0036,2,595,1190,PKR
OI002943-01,O002943,P0090,1,1680,1680,PKR
OI002943-02,O002943,P0087,2,1090,2180,PKR
OI002944-01,O002944,P0014,3,1895,5685,PKR
OI002944-02,O002944,P0058,1,1715,1715,PKR
OI002944-03,O002944,P0062,1,1690,1690,PKR
OI002945-01,O002945,P0054,1,620,620,PKR
OI002945-02,O002945,P0113,1,1250,1250,PKR
OI002946-01,O002946,P0090,2,1680,3360,PKR
OI002946-02,O002946,P0097,1,1730,1730,PKR
OI002947-01,O002947,P0019,3,1470,4410,PKR
OI002947-02,O002947,P0093,1,1805,1805,PKR
OI002947-03,O002947,P0100,2,855,1710,PKR
OI002948-01,O002948,P0107,1,1020,1020,PKR
OI002949-01,O002949,P0102,1,555,555,PKR
OI002949-02,O002949,P0056,3,385,1155,PKR
OI002949-03,O002949,P0072,1,1075,1075,PKR
OI002950-01,O002950,P0105,1,1155,1155,PKR
OI002950-02,O002950,P0034,1,140,140,PKR
OI002950-03,O002950,P0072,2,1075,2150,PKR
OI002951-01,O002951,P0069,3,530,1590,PKR
OI002951-02,O002951,P0043,1,1190,1190,PKR
OI002951-03,O002951,P0104,1,1645,1645,PKR
OI002951-04,O002951,P0112,1,385,385,PKR
OI002952-01,O002952,P0087,2,1090,2180,PKR
OI002952-02,O002952,P0112,1,385,385,PKR
OI002952-03,O002952,P0086,2,850,1700,PKR
OI002953-01,O002953,P0104,3,1645,4935,PKR
OI002953-02,O002953,P0076,2,1635,3270,PKR
OI002953-03,O002953,P0055,3,1405,4215,PKR
OI002954-01,O002954,P0116,1,815,815,PKR
OI002955-01,O002955,P0114,2,1530,3060,PKR
OI002955-02,O002955,P0033,2,1475,2950,PKR
OI002955-03,O002955,P0019,2,1470,2940,PKR
OI002956-01,O002956,P0014,1,1895,1895,PKR
OI002956-02,O002956,P0106,2,1080,2160,PKR
OI002957-01,O002957,P0106,2,1080,2160,PKR
OI002957-02,O002957,P0094,1,130,130,PKR
OI002957-03,O002957,P0087,2,1090,2180,PKR
OI002958-01,O002958,P0095,2,890,1780,PKR
OI002958-02,O002958,P0037,2,180,360,PKR
OI002958-03,O002958,P0099,1,970,970,PKR
OI002959-01,O002959,P0094,1,130,130,PKR
OI002959-02,O002959,P0059,1,600,600,PKR
OI002959-03,O002959,P0004,2,1410,2820,PKR
OI002960-01,O002960,P0059,3,600,1800,PKR
OI002961-01,O002961,P0049,2,215,430,PKR
OI002961-02,O002961,P0015,1,895,895,PKR
OI002961-03,O002961,P0119,2,550,1100,PKR
OI002962-01,O002962,P0007,2,425,850,PKR
OI002962-02,O002962,P0069,1,530,530,PKR
OI002962-03,O002962,P0005,2,1405,2810,PKR
OI002962-04,O002962,P0089,3,225,675,PKR
OI002963-01,O002963,P0016,1,1700,1700,PKR
OI002964-01,O002964,P0074,1,600,600,PKR
OI002965-01,O002965,P0116,1,815,815,PKR
OI002966-01,O002966,P0086,1,850,850,PKR
OI002966-02,O002966,P0100,1,855,855,PKR
OI002966-03,O002966,P0107,1,1020,1020,PKR
OI002966-04,O002966,P0053,1,2210,2210,PKR
OI002967-01,O002967,P0041,1,385,385,PKR
OI002967-02,O002967,P0101,1,185,185,PKR
OI002967-03,O002967,P0095,1,890,890,PKR
OI002967-04,O002967,P0112,1,385,385,PKR
OI002968-01,O002968,P0031,1,730,730,PKR
OI002968-02,O002968,P0008,2,1530,3060,PKR
OI002969-01,O002969,P0101,1,185,185,PKR
OI002969-02,O002969,P0119,1,550,550,PKR
OI002969-03,O002969,P0039,1,920,920,PKR
OI002970-01,O002970,P0058,1,1715,1715,PKR
OI002970-02,O002970,P0098,1,1885,1885,PKR
OI002970-03,O002970,P0037,3,180,540,PKR
OI002971-01,O002971,P0058,1,1715,1715,PKR
OI002971-02,O002971,P0038,1,475,475,PKR
OI002972-01,O002972,P0103,2,1075,2150,PKR
OI002972-02,O002972,P0023,2,1745,3490,PKR
OI002972-03,O002972,P0035,1,380,380,PKR
OI002973-01,O002973,P0015,4,895,3580,PKR
OI002974-01,O002974,P0120,1,760,760,PKR
OI002974-02,O002974,P0035,3,380,1140,PKR
OI002974-03,O002974,P0049,2,215,430,PKR
OI002975-01,O002975,P0115,1,1790,1790,PKR
OI002975-02,O002975,P0100,3,855,2565,PKR
OI002976-01,O002976,P0072,2,1075,2150,PKR
OI002977-01,O002977,P0028,3,1930,5790,PKR
OI002977-02,O002977,P0110,1,545,545,PKR
OI002977-03,O002977,P0107,1,1020,1020,PKR
OI002977-04,O002977,P0044,1,1840,1840,PKR
OI002977-05,O002977,P0011,1,1805,1805,PKR
OI002978-01,O002978,P0015,1,895,895,PKR
OI002978-02,O002978,P0096,3,1660,4980,PKR
OI002979-01,O002979,P0078,3,385,1155,PKR
OI002979-02,O002979,P0030,2,220,440,PKR
OI002980-01,O002980,P0055,1,1405,1405,PKR
OI002980-02,O002980,P0003,1,1000,1000,PKR
OI002980-03,O002980,P0078,1,385,385,PKR
OI002981-01,O002981,P0113,1,1250,1250,PKR
OI002981-02,O002981,P0048,2,1495,2990,PKR
OI002982-01,O002982,P0004,2,1410,2820,PKR
OI002982-02,O002982,P0076,4,1635,6540,PKR
OI002983-01,O002983,P0087,1,1090,1090,PKR
OI002983-02,O002983,P0109,1,260,260,PKR
OI002984-01,O002984,P0077,1,595,595,PKR
OI002984-02,O002984,P0117,1,720,720,PKR
OI002985-01,O002985,P0058,1,1715,1715,PKR
OI002985-02,O002985,P0020,2,325,650,PKR
OI002985-03,O002985,P0015,2,895,1790,PKR
OI002985-04,O002985,P0104,4,1645,6580,PKR
OI002986-01,O002986,P0002,1,265,265,PKR
OI002986-02,O002986,P0059,4,600,2400,PKR
OI002987-01,O002987,P0023,2,1745,3490,PKR
OI002988-01,O002988,P0070,1,1560,1560,PKR
OI002989-01,O002989,P0073,1,225,225,PKR
OI002989-02,O002989,P0003,1,1000,1000,PKR
OI002990-01,O002990,P0038,4,475,1900,PKR
OI002990-02,O002990,P0073,2,225,450,PKR
OI002991-01,O002991,P0016,1,1700,1700,PKR
OI002991-02,O002991,P0093,1,1805,1805,PKR
OI002992-01,O002992,P0023,2,1745,3490,PKR
OI002993-01,O002993,P0115,3,1790,5370,PKR
OI002994-01,O002994,P0088,2,780,1560,PKR
OI002994-02,O002994,P0048,2,1495,2990,PKR
OI002995-01,O002995,P0107,1,1020,1020,PKR
OI002995-02,O002995,P0087,3,1090,3270,PKR
OI002996-01,O002996,P0106,1,1080,1080,PKR
OI002997-01,O002997,P0050,1,810,810,PKR
OI002997-02,O002997,P0095,1,890,890,PKR
OI002998-01,O002998,P0076,1,1635,1635,PKR
OI002999-01,O002999,P0110,1,545,545,PKR
OI003000-01,O003000,P0080,3,2175,6525,PKR
OI003000-02,O003000,P0106,1,1080,1080,PKR
OI003000-03,O003000,P0082,3,1025,3075,PKR
OI003001-01,O003001,P0062,1,1690,1690,PKR
OI003001-02,O003001,P0031,2,730,1460,PKR
OI003001-03,O003001,P0087,1,1090,1090,PKR
OI003002-01,O003002,P0119,3,550,1650,PKR
OI003002-02,O003002,P0074,1,600,600,PKR
OI003003-01,O003003,P0094,1,130,130,PKR
OI003003-02,O003003,P0028,1,1930,1930,PKR
OI003003-03,O003003,P0051,1,200,200,PKR
OI003004-01,O003004,P0023,2,1745,3490,PKR
OI003004-02,O003004,P0016,1,1700,1700,PKR
OI003005-01,O003005,P0079,1,850,850,PKR
OI003005-02,O003005,P0021,1,1595,1595,PKR
OI003006-01,O003006,P0087,1,1090,1090,PKR
OI003006-02,O003006,P0002,1,265,265,PKR
OI003006-03,O003006,P0054,3,620,1860,PKR
OI003006-04,O003006,P0092,1,955,955,PKR
OI003007-01,O003007,P0100,1,855,855,PKR
OI003008-01,O003008,P0118,3,1270,3810,PKR
OI003008-02,O003008,P0081,1,1110,1110,PKR
OI003008-03,O003008,P0078,2,385,770,PKR
OI003008-04,O003008,P0102,1,555,555,PKR
OI003009-01,O003009,P0043,1,1190,1190,PKR
OI003010-01,O003010,P0107,1,1020,1020,PKR
OI003010-02,O003010,P0057,1,1425,1425,PKR
OI003011-01,O003011,P0074,2,600,1200,PKR
OI003012-01,O003012,P0087,1,1090,1090,PKR
OI003012-02,O003012,P0093,1,1805,1805,PKR
OI003012-03,O003012,P0075,1,645,645,PKR
OI003012-04,O003012,P0018,1,1305,1305,PKR
OI003013-01,O003013,P0103,4,1075,4300,PKR
OI003013-02,O003013,P0007,1,425,425,PKR
OI003013-03,O003013,P0093,1,1805,1805,PKR
OI003013-04,O003013,P0014,2,1895,3790,PKR
OI003013-05,O003013,P0028,1,1930,1930,PKR
OI003014-01,O003014,P0077,1,595,595,PKR
OI003014-02,O003014,P0037,2,180,360,PKR
OI003014-03,O003014,P0088,3,780,2340,PKR
OI003014-04,O003014,P0047,3,1540,4620,PKR
OI003015-01,O003015,P0054,3,620,1860,PKR
OI003015-02,O003015,P0053,1,2210,2210,PKR
OI003016-01,O003016,P0065,1,840,840,PKR
OI003016-02,O003016,P0070,1,1560,1560,PKR
OI003016-03,O003016,P0022,1,1255,1255,PKR
OI003017-01,O003017,P0002,1,265,265,PKR
OI003017-02,O003017,P0039,1,920,920,PKR
OI003018-01,O003018,P0116,1,815,815,PKR
OI003018-02,O003018,P0062,2,1690,3380,PKR
OI003018-03,O003018,P0100,2,855,1710,PKR
OI003019-01,O003019,P0112,4,385,1540,PKR
OI003019-02,O003019,P0078,1,385,385,PKR
OI003020-01,O003020,P0117,1,720,720,PKR
OI003021-01,O003021,P0057,2,1425,2850,PKR
OI003022-01,O003022,P0098,1,1885,1885,PKR
OI003022-02,O003022,P0053,1,2210,2210,PKR
OI003022-03,O003022,P0093,1,1805,1805,PKR
OI003023-01,O003023,P0030,3,220,660,PKR
OI003023-02,O003023,P0119,1,550,550,PKR
OI003023-03,O003023,P0028,1,1930,1930,PKR
OI003024-01,O003024,P0076,1,1635,1635,PKR
OI003024-02,O003024,P0027,1,1980,1980,PKR
OI003024-03,O003024,P0006,1,750,750,PKR
OI003025-01,O003025,P0080,1,2175,2175,PKR
OI003025-02,O003025,P0005,1,1405,1405,PKR
OI003025-03,O003025,P0049,1,215,215,PKR
OI003026-01,O003026,P0088,1,780,780,PKR
OI003026-02,O003026,P0007,1,425,425,PKR
OI003027-01,O003027,P0040,1,1090,1090,PKR
OI003027-02,O003027,P0119,1,550,550,PKR
OI003027-03,O003027,P0057,1,1425,1425,PKR
OI003027-04,O003027,P0045,2,910,1820,PKR
OI003028-01,O003028,P0101,1,185,185,PKR
OI003028-02,O003028,P0016,1,1700,1700,PKR
OI003028-03,O003028,P0061,1,275,275,PKR
OI003028-04,O003028,P0079,1,850,850,PKR
OI003029-01,O003029,P0055,4,1405,5620,PKR
OI003029-02,O003029,P0025,2,290,580,PKR
OI003030-01,O003030,P0008,2,1530,3060,PKR
OI003031-01,O003031,P0053,1,2210,2210,PKR
OI003031-02,O003031,P0079,1,850,850,PKR
OI003032-01,O003032,P0054,2,620,1240,PKR
OI003033-01,O003033,P0100,1,855,855,PKR
OI003033-02,O003033,P0080,2,2175,4350,PKR
OI003034-01,O003034,P0017,1,1755,1755,PKR
OI003034-02,O003034,P0076,4,1635,6540,PKR
OI003034-03,O003034,P0071,1,850,850,PKR
OI003035-01,O003035,P0090,1,1680,1680,PKR
OI003036-01,O003036,P0088,1,780,780,PKR
OI003036-02,O003036,P0043,1,1190,1190,PKR
OI003036-03,O003036,P0037,1,180,180,PKR
OI003037-01,O003037,P0120,1,760,760,PKR
OI003037-02,O003037,P0050,1,810,810,PKR
OI003038-01,O003038,P0099,2,970,1940,PKR
OI003038-02,O003038,P0059,1,600,600,PKR
OI003039-01,O003039,P0090,2,1680,3360,PKR
OI003039-02,O003039,P0091,1,490,490,PKR
OI003040-01,O003040,P0110,1,545,545,PKR
OI003041-01,O003041,P0024,1,235,235,PKR
OI003042-01,O003042,P0018,1,1305,1305,PKR
OI003043-01,O003043,P0009,1,985,985,PKR
OI003043-02,O003043,P0087,1,1090,1090,PKR
OI003043-03,O003043,P0113,2,1250,2500,PKR
OI003044-01,O003044,P0033,1,1475,1475,PKR
OI003044-02,O003044,P0002,1,265,265,PKR
OI003044-03,O003044,P0066,1,785,785,PKR
OI003044-04,O003044,P0032,1,585,585,PKR
OI003045-01,O003045,P0056,1,385,385,PKR
OI003045-02,O003045,P0040,1,1090,1090,PKR
OI003045-03,O003045,P0071,1,850,850,PKR
OI003046-01,O003046,P0039,2,920,1840,PKR
OI003046-02,O003046,P0046,1,205,205,PKR
OI003046-03,O003046,P0069,2,530,1060,PKR
OI003047-01,O003047,P0003,4,1000,4000,PKR
OI003047-02,O003047,P0097,1,1730,1730,PKR
OI003047-03,O003047,P0049,1,215,215,PKR
OI003047-04,O003047,P0015,1,895,895,PKR
OI003048-01,O003048,P0016,1,1700,1700,PKR
OI003048-02,O003048,P0090,1,1680,1680,PKR
OI003048-03,O003048,P0081,1,1110,1110,PKR
OI003048-04,O003048,P0004,1,1410,1410,PKR
OI003049-01,O003049,P0115,1,1790,1790,PKR
OI003049-02,O003049,P0073,2,225,450,PKR
OI003050-01,O003050,P0033,1,1475,1475,PKR
OI003050-02,O003050,P0006,2,750,1500,PKR
OI003050-03,O003050,P0014,1,1895,1895,PKR
OI003051-01,O003051,P0011,1,1805,1805,PKR
OI003052-01,O003052,P0005,1,1405,1405,PKR
OI003052-02,O003052,P0054,2,620,1240,PKR
OI003052-03,O003052,P0088,3,780,2340,PKR
OI003053-01,O003053,P0093,1,1805,1805,PKR
OI003053-02,O003053,P0026,1,755,755,PKR
OI003053-03,O003053,P0029,1,895,895,PKR
OI003053-04,O003053,P0083,1,720,720,PKR
OI003053-05,O003053,P0043,1,1190,1190,PKR
OI003054-01,O003054,P0009,1,985,985,PKR
OI003054-02,O003054,P0113,1,1250,1250,PKR
OI003055-01,O003055,P0118,2,1270,2540,PKR
OI003055-02,O003055,P0060,2,230,460,PKR
OI003056-01,O003056,P0054,1,620,620,PKR
OI003056-02,O003056,P0067,1,1215,1215,PKR
OI003056-03,O003056,P0081,2,1110,2220,PKR
OI003056-04,O003056,P0052,1,250,250,PKR
OI003056-05,O003056,P0104,1,1645,1645,PKR
OI003057-01,O003057,P0045,1,910,910,PKR
OI003057-02,O003057,P0089,1,225,225,PKR
OI003057-03,O003057,P0019,2,1470,2940,PKR
OI003057-04,O003057,P0010,1,375,375,PKR
OI003058-01,O003058,P0098,2,1885,3770,PKR
OI003058-02,O003058,P0076,1,1635,1635,PKR
OI003059-01,O003059,P0091,1,490,490,PKR
OI003059-02,O003059,P0089,1,225,225,PKR
OI003060-01,O003060,P0002,1,265,265,PKR
OI003060-02,O003060,P0119,1,550,550,PKR
OI003060-03,O003060,P0047,1,1540,1540,PKR
OI003061-01,O003061,P0118,1,1270,1270,PKR
OI003062-01,O003062,P0021,1,1595,1595,PKR
OI003062-02,O003062,P0115,1,1790,1790,PKR
OI003062-03,O003062,P0005,1,1405,1405,PKR
OI003062-04,O003062,P0025,1,290,290,PKR
OI003063-01,O003063,P0114,1,1530,1530,PKR
OI003063-02,O003063,P0006,1,750,750,PKR
OI003064-01,O003064,P0010,3,375,1125,PKR
OI003064-02,O003064,P0071,1,850,850,PKR
OI003064-03,O003064,P0014,2,1895,3790,PKR
OI003064-04,O003064,P0054,4,620,2480,PKR
OI003064-05,O003064,P0076,2,1635,3270,PKR
OI003065-01,O003065,P0040,2,1090,2180,PKR
OI003065-02,O003065,P0031,1,730,730,PKR
OI003066-01,O003066,P0003,1,1000,1000,PKR
OI003066-02,O003066,P0105,1,1155,1155,PKR
OI003066-03,O003066,P0114,1,1530,1530,PKR
OI003066-04,O003066,P0008,3,1530,4590,PKR
OI003066-05,O003066,P0058,1,1715,1715,PKR
OI003067-01,O003067,P0083,1,720,720,PKR
OI003067-02,O003067,P0001,1,660,660,PKR
OI003067-03,O003067,P0095,1,890,890,PKR
OI003067-04,O003067,P0008,2,1530,3060,PKR
OI003068-01,O003068,P0018,3,1305,3915,PKR
OI003068-02,O003068,P0069,2,530,1060,PKR
OI003068-03,O003068,P0022,1,1255,1255,PKR
OI003069-01,O003069,P0005,1,1405,1405,PKR
OI003069-02,O003069,P0105,2,1155,2310,PKR
OI003069-03,O003069,P0017,1,1755,1755,PKR
OI003070-01,O003070,P0119,4,550,2200,PKR
OI003071-01,O003071,P0035,1,380,380,PKR
OI003071-02,O003071,P0113,1,1250,1250,PKR
OI003071-03,O003071,P0049,2,215,430,PKR
OI003072-01,O003072,P0077,2,595,1190,PKR
OI003072-02,O003072,P0031,1,730,730,PKR
OI003072-03,O003072,P0067,2,1215,2430,PKR
OI003073-01,O003073,P0043,3,1190,3570,PKR
OI003073-02,O003073,P0006,2,750,1500,PKR
OI003073-03,O003073,P0015,1,895,895,PKR
OI003073-04,O003073,P0065,2,840,1680,PKR
OI003074-01,O003074,P0077,1,595,595,PKR
OI003074-02,O003074,P0051,1,200,200,PKR
OI003074-03,O003074,P0102,2,555,1110,PKR
OI003075-01,O003075,P0028,1,1930,1930,PKR
OI003075-02,O003075,P0119,1,550,550,PKR
OI003075-03,O003075,P0014,1,1895,1895,PKR
OI003076-01,O003076,P0084,1,1260,1260,PKR
OI003077-01,O003077,P0064,1,1700,1700,PKR
OI003078-01,O003078,P0004,2,1410,2820,PKR
OI003078-02,O003078,P0014,1,1895,1895,PKR
OI003078-03,O003078,P0027,1,1980,1980,PKR
OI003078-04,O003078,P0048,1,1495,1495,PKR
OI003079-01,O003079,P0083,1,720,720,PKR
OI003080-01,O003080,P0043,2,1190,2380,PKR
OI003081-01,O003081,P0073,1,225,225,PKR
OI003082-01,O003082,P0060,1,230,230,PKR
OI003082-02,O003082,P0066,2,785,1570,PKR
OI003082-03,O003082,P0088,1,780,780,PKR
OI003083-01,O003083,P0054,1,620,620,PKR
OI003083-02,O003083,P0029,1,895,895,PKR
OI003084-01,O003084,P0088,1,780,780,PKR
OI003084-02,O003084,P0119,1,550,550,PKR
OI003084-03,O003084,P0103,3,1075,3225,PKR
OI003085-01,O003085,P0037,1,180,180,PKR
OI003085-02,O003085,P0018,1,1305,1305,PKR
OI003085-03,O003085,P0055,2,1405,2810,PKR
OI003085-04,O003085,P0108,1,935,935,PKR
OI003086-01,O003086,P0102,1,555,555,PKR
OI003086-02,O003086,P0049,1,215,215,PKR
OI003087-01,O003087,P0004,2,1410,2820,PKR
OI003087-02,O003087,P0113,1,1250,1250,PKR
OI003088-01,O003088,P0059,1,600,600,PKR
OI003088-02,O003088,P0063,2,1685,3370,PKR
OI003088-03,O003088,P0035,1,380,380,PKR
OI003089-01,O003089,P0082,2,1025,2050,PKR
OI003089-02,O003089,P0110,4,545,2180,PKR
OI003090-01,O003090,P0102,1,555,555,PKR
OI003090-02,O003090,P0022,1,1255,1255,PKR
OI003091-01,O003091,P0052,3,250,750,PKR
OI003091-02,O003091,P0031,1,730,730,PKR
OI003091-03,O003091,P0062,1,1690,1690,PKR
OI003092-01,O003092,P0011,1,1805,1805,PKR
OI003092-02,O003092,P0060,1,230,230,PKR
OI003092-03,O003092,P0049,1,215,215,PKR
OI003093-01,O003093,P0043,1,1190,1190,PKR
OI003093-02,O003093,P0034,1,140,140,PKR
OI003093-03,O003093,P0111,3,1265,3795,PKR
OI003093-04,O003093,P0098,1,1885,1885,PKR
OI003094-01,O003094,P0090,1,1680,1680,PKR
OI003094-02,O003094,P0087,2,1090,2180,PKR
OI003095-01,O003095,P0112,1,385,385,PKR
OI003096-01,O003096,P0042,1,1400,1400,PKR
OI003097-01,O003097,P0057,1,1425,1425,PKR
OI003097-02,O003097,P0100,1,855,855,PKR
OI003097-03,O003097,P0050,1,810,810,PKR
OI003098-01,O003098,P0054,1,620,620,PKR
OI003098-02,O003098,P0010,1,375,375,PKR
OI003098-03,O003098,P0035,2,380,760,PKR
OI003099-01,O003099,P0040,1,1090,1090,PKR
OI003099-02,O003099,P0074,1,600,600,PKR
OI003100-01,O003100,P0090,1,1680,1680,PKR
OI003100-02,O003100,P0020,2,325,650,PKR
OI003100-03,O003100,P0095,1,890,890,PKR
OI003100-04,O003100,P0026,1,755,755,PKR
OI003100-05,O003100,P0092,1,955,955,PKR
OI003101-01,O003101,P0043,2,1190,2380,PKR
OI003101-02,O003101,P0061,1,275,275,PKR
OI003102-01,O003102,P0047,2,1540,3080,PKR
OI003102-02,O003102,P0074,2,600,1200,PKR
OI003102-03,O003102,P0062,2,1690,3380,PKR
OI003102-04,O003102,P0022,1,1255,1255,PKR
OI003103-01,O003103,P0117,1,720,720,PKR
OI003103-02,O003103,P0094,1,130,130,PKR
OI003104-01,O003104,P0083,1,720,720,PKR
OI003105-01,O003105,P0048,1,1495,1495,PKR
OI003106-01,O003106,P0095,1,890,890,PKR
OI003106-02,O003106,P0013,1,1805,1805,PKR
OI003107-01,O003107,P0068,2,550,1100,PKR
OI003107-02,O003107,P0027,1,1980,1980,PKR
OI003107-03,O003107,P0112,1,385,385,PKR
OI003108-01,O003108,P0030,1,220,220,PKR
OI003109-01,O003109,P0014,1,1895,1895,PKR
OI003109-02,O003109,P0111,4,1265,5060,PKR
OI003110-01,O003110,P0018,1,1305,1305,PKR
OI003110-02,O003110,P0042,1,1400,1400,PKR
OI003111-01,O003111,P0054,2,620,1240,PKR
OI003111-02,O003111,P0006,2,750,1500,PKR
OI003112-01,O003112,P0036,2,595,1190,PKR
OI003112-02,O003112,P0089,3,225,675,PKR
OI003113-01,O003113,P0072,1,1075,1075,PKR
OI003114-01,O003114,P0005,1,1405,1405,PKR
OI003115-01,O003115,P0004,1,1410,1410,PKR
OI003115-02,O003115,P0115,2,1790,3580,PKR
OI003115-03,O003115,P0012,2,155,310,PKR
OI003116-01,O003116,P0040,3,1090,3270,PKR
OI003116-02,O003116,P0065,1,840,840,PKR
OI003116-03,O003116,P0030,1,220,220,PKR
OI003116-04,O003116,P0051,1,200,200,PKR
OI003117-01,O003117,P0109,1,260,260,PKR
OI003117-02,O003117,P0084,1,1260,1260,PKR
OI003117-03,O003117,P0105,1,1155,1155,PKR
OI003118-01,O003118,P0080,2,2175,4350,PKR
OI003118-02,O003118,P0046,2,205,410,PKR
OI003119-01,O003119,P0046,1,205,205,PKR
OI003120-01,O003120,P0046,1,205,205,PKR
OI003120-02,O003120,P0096,1,1660,1660,PKR
OI003121-01,O003121,P0088,3,780,2340,PKR
OI003121-02,O003121,P0048,2,1495,2990,PKR
OI003122-01,O003122,P0067,2,1215,2430,PKR
OI003123-01,O003123,P0069,1,530,530,PKR
OI003124-01,O003124,P0094,3,130,390,PKR
OI003124-02,O003124,P0103,3,1075,3225,PKR
OI003124-03,O003124,P0059,1,600,600,PKR
OI003124-04,O003124,P0048,4,1495,5980,PKR
OI003125-01,O003125,P0108,1,935,935,PKR
OI003125-02,O003125,P0034,1,140,140,PKR
OI003126-01,O003126,P0109,1,260,260,PKR
OI003127-01,O003127,P0115,1,1790,1790,PKR
OI003127-02,O003127,P0101,1,185,185,PKR
OI003127-03,O003127,P0037,1,180,180,PKR
OI003128-01,O003128,P0092,2,955,1910,PKR
OI003128-02,O003128,P0024,1,235,235,PKR
OI003128-03,O003128,P0074,2,600,1200,PKR
OI003129-01,O003129,P0009,2,985,1970,PKR
OI003130-01,O003130,P0061,2,275,550,PKR
OI003131-01,O003131,P0016,4,1700,6800,PKR
OI003131-02,O003131,P0051,1,200,200,PKR
OI003132-01,O003132,P0115,1,1790,1790,PKR
OI003132-02,O003132,P0117,1,720,720,PKR
OI003132-03,O003132,P0062,2,1690,3380,PKR
OI003132-04,O003132,P0007,3,425,1275,PKR
OI003133-01,O003133,P0042,1,1400,1400,PKR
OI003133-02,O003133,P0069,1,530,530,PKR
OI003134-01,O003134,P0086,1,850,850,PKR
OI003134-02,O003134,P0037,1,180,180,PKR
OI003134-03,O003134,P0061,1,275,275,PKR
OI003134-04,O003134,P0027,1,1980,1980,PKR
OI003135-01,O003135,P0057,1,1425,1425,PKR
OI003135-02,O003135,P0066,1,785,785,PKR
OI003136-01,O003136,P0117,3,720,2160,PKR
OI003136-02,O003136,P0072,1,1075,1075,PKR
OI003136-03,O003136,P0073,1,225,225,PKR
OI003136-04,O003136,P0083,1,720,720,PKR
OI003137-01,O003137,P0110,1,545,545,PKR
OI003137-02,O003137,P0073,2,225,450,PKR
OI003137-03,O003137,P0098,1,1885,1885,PKR
OI003138-01,O003138,P0031,2,730,1460,PKR
OI003138-02,O003138,P0094,2,130,260,PKR
OI003138-03,O003138,P0082,2,1025,2050,PKR
OI003138-04,O003138,P0062,1,1690,1690,PKR
OI003138-05,O003138,P0120,3,760,2280,PKR
OI003139-01,O003139,P0098,2,1885,3770,PKR
OI003139-02,O003139,P0077,3,595,1785,PKR
OI003139-03,O003139,P0086,1,850,850,PKR
OI003139-04,O003139,P0006,1,750,750,PKR
OI003140-01,O003140,P0015,1,895,895,PKR
OI003140-02,O003140,P0011,1,1805,1805,PKR
OI003140-03,O003140,P0005,1,1405,1405,PKR
OI003141-01,O003141,P0091,1,490,490,PKR
OI003141-02,O003141,P0083,2,720,1440,PKR
OI003142-01,O003142,P0004,1,1410,1410,PKR
OI003142-02,O003142,P0017,1,1755,1755,PKR
OI003142-03,O003142,P0021,3,1595,4785,PKR
OI003143-01,O003143,P0112,1,385,385,PKR
OI003144-01,O003144,P0010,3,375,1125,PKR
OI003144-02,O003144,P0051,1,200,200,PKR
OI003144-03,O003144,P0112,1,385,385,PKR
OI003145-01,O003145,P0047,1,1540,1540,PKR
OI003145-02,O003145,P0004,4,1410,5640,PKR
OI003145-03,O003145,P0120,1,760,760,PKR
OI003145-04,O003145,P0102,1,555,555,PKR
OI003146-01,O003146,P0055,1,1405,1405,PKR
OI003146-02,O003146,P0013,1,1805,1805,PKR
OI003146-03,O003146,P0082,1,1025,1025,PKR
OI003146-04,O003146,P0110,1,545,545,PKR
OI003146-05,O003146,P0016,1,1700,1700,PKR
OI003147-01,O003147,P0063,1,1685,1685,PKR
OI003147-02,O003147,P0010,1,375,375,PKR
OI003147-03,O003147,P0089,2,225,450,PKR
OI003148-01,O003148,P0075,1,645,645,PKR
OI003149-01,O003149,P0036,3,595,1785,PKR
OI003150-01,O003150,P0031,1,730,730,PKR
OI003150-02,O003150,P0073,1,225,225,PKR
OI003150-03,O003150,P0051,2,200,400,PKR
OI003151-01,O003151,P0112,1,385,385,PKR
OI003151-02,O003151,P0001,2,660,1320,PKR
OI003151-03,O003151,P0060,3,230,690,PKR
OI003152-01,O003152,P0036,1,595,595,PKR
OI003153-01,O003153,P0042,2,1400,2800,PKR
OI003153-02,O003153,P0117,1,720,720,PKR
OI003154-01,O003154,P0087,2,1090,2180,PKR
OI003154-02,O003154,P0046,2,205,410,PKR
OI003154-03,O003154,P0083,1,720,720,PKR
OI003154-04,O003154,P0032,3,585,1755,PKR
OI003154-05,O003154,P0017,1,1755,1755,PKR
OI003155-01,O003155,P0059,1,600,600,PKR
OI003155-02,O003155,P0035,2,380,760,PKR
OI003155-03,O003155,P0060,1,230,230,PKR
OI003156-01,O003156,P0022,1,1255,1255,PKR
OI003156-02,O003156,P0025,1,290,290,PKR
OI003156-03,O003156,P0054,1,620,620,PKR
OI003156-04,O003156,P0116,2,815,1630,PKR
OI003156-05,O003156,P0072,2,1075,2150,PKR
OI003157-01,O003157,P0100,1,855,855,PKR
OI003157-02,O003157,P0013,1,1805,1805,PKR
OI003157-03,O003157,P0106,1,1080,1080,PKR
OI003158-01,O003158,P0092,1,955,955,PKR
OI003158-02,O003158,P0116,1,815,815,PKR
OI003158-03,O003158,P0097,3,1730,5190,PKR
OI003159-01,O003159,P0083,2,720,1440,PKR
OI003159-02,O003159,P0076,1,1635,1635,PKR
OI003159-03,O003159,P0093,1,1805,1805,PKR
OI003159-04,O003159,P0086,1,850,850,PKR
OI003160-01,O003160,P0091,2,490,980,PKR
OI003160-02,O003160,P0045,2,910,1820,PKR
OI003161-01,O003161,P0042,1,1400,1400,PKR
OI003161-02,O003161,P0038,1,475,475,PKR
OI003162-01,O003162,P0060,1,230,230,PKR
OI003162-02,O003162,P0033,2,1475,2950,PKR
OI003163-01,O003163,P0017,1,1755,1755,PKR
OI003163-02,O003163,P0107,1,1020,1020,PKR
OI003163-03,O003163,P0025,3,290,870,PKR
OI003163-04,O003163,P0005,1,1405,1405,PKR
OI003164-01,O003164,P0066,1,785,785,PKR
OI003165-01,O003165,P0043,1,1190,1190,PKR
OI003165-02,O003165,P0006,1,750,750,PKR
OI003166-01,O003166,P0115,1,1790,1790,PKR
OI003166-02,O003166,P0103,1,1075,1075,PKR
OI003166-03,O003166,P0058,1,1715,1715,PKR
OI003167-01,O003167,P0032,1,585,585,PKR
OI003167-02,O003167,P0054,1,620,620,PKR
OI003168-01,O003168,P0033,1,1475,1475,PKR
OI003168-02,O003168,P0098,1,1885,1885,PKR
OI003169-01,O003169,P0063,1,1685,1685,PKR
OI003170-01,O003170,P0105,1,1155,1155,PKR
OI003170-02,O003170,P0035,1,380,380,PKR
OI003171-01,O003171,P0099,1,970,970,PKR
OI003171-02,O003171,P0107,2,1020,2040,PKR
OI003172-01,O003172,P0107,1,1020,1020,PKR
OI003172-02,O003172,P0092,1,955,955,PKR
OI003173-01,O003173,P0022,1,1255,1255,PKR
OI003173-02,O003173,P0081,2,1110,2220,PKR
OI003173-03,O003173,P0028,2,1930,3860,PKR
OI003174-01,O003174,P0031,1,730,730,PKR
OI003174-02,O003174,P0035,1,380,380,PKR
OI003174-03,O003174,P0103,1,1075,1075,PKR
OI003174-04,O003174,P0045,1,910,910,PKR
OI003175-01,O003175,P0010,2,375,750,PKR
OI003175-02,O003175,P0005,3,1405,4215,PKR
OI003176-01,O003176,P0070,2,1560,3120,PKR
OI003177-01,O003177,P0002,1,265,265,PKR
OI003178-01,O003178,P0041,2,385,770,PKR
OI003179-01,O003179,P0062,1,1690,1690,PKR
OI003180-01,O003180,P0102,1,555,555,PKR
OI003181-01,O003181,P0106,1,1080,1080,PKR
OI003181-02,O003181,P0008,2,1530,3060,PKR
OI003182-01,O003182,P0119,2,550,1100,PKR
OI003183-01,O003183,P0014,1,1895,1895,PKR
OI003183-02,O003183,P0015,1,895,895,PKR
OI003183-03,O003183,P0064,1,1700,1700,PKR
OI003183-04,O003183,P0040,1,1090,1090,PKR
OI003184-01,O003184,P0025,2,290,580,PKR
OI003184-02,O003184,P0077,1,595,595,PKR
OI003185-01,O003185,P0051,1,200,200,PKR
OI003185-02,O003185,P0042,1,1400,1400,PKR
OI003185-03,O003185,P0089,1,225,225,PKR
OI003186-01,O003186,P0019,1,1470,1470,PKR
OI003186-02,O003186,P0081,1,1110,1110,PKR
OI003186-03,O003186,P0011,1,1805,1805,PKR
OI003187-01,O003187,P0112,1,385,385,PKR
OI003188-01,O003188,P0097,1,1730,1730,PKR
OI003188-02,O003188,P0105,1,1155,1155,PKR
OI003189-01,O003189,P0066,2,785,1570,PKR
OI003190-01,O003190,P0028,2,1930,3860,PKR
OI003191-01,O003191,P0002,1,265,265,PKR
OI003191-02,O003191,P0042,3,1400,4200,PKR
OI003191-03,O003191,P0006,1,750,750,PKR
OI003191-04,O003191,P0051,1,200,200,PKR
OI003192-01,O003192,P0065,2,840,1680,PKR
OI003192-02,O003192,P0054,1,620,620,PKR
OI003192-03,O003192,P0114,1,1530,1530,PKR
OI003193-01,O003193,P0068,2,550,1100,PKR
OI003193-02,O003193,P0073,1,225,225,PKR
OI003193-03,O003193,P0102,1,555,555,PKR
OI003193-04,O003193,P0104,2,1645,3290,PKR
OI003193-05,O003193,P0019,1,1470,1470,PKR
OI003194-01,O003194,P0090,3,1680,5040,PKR
OI003195-01,O003195,P0077,1,595,595,PKR
OI003195-02,O003195,P0010,1,375,375,PKR
OI003195-03,O003195,P0109,1,260,260,PKR
OI003196-01,O003196,P0054,3,620,1860,PKR
OI003196-02,O003196,P0091,1,490,490,PKR
OI003196-03,O003196,P0115,1,1790,1790,PKR
OI003197-01,O003197,P0056,1,385,385,PKR
OI003197-02,O003197,P0012,1,155,155,PKR
OI003198-01,O003198,P0052,1,250,250,PKR
OI003198-02,O003198,P0049,1,215,215,PKR
OI003198-03,O003198,P0081,1,1110,1110,PKR
OI003198-04,O003198,P0042,1,1400,1400,PKR
OI003199-01,O003199,P0078,1,385,385,PKR
OI003200-01,O003200,P0069,1,530,530,PKR
OI003200-02,O003200,P0096,1,1660,1660,PKR
OI003200-03,O003200,P0011,1,1805,1805,PKR
OI003200-04,O003200,P0035,1,380,380,PKR
OI003201-01,O003201,P0038,3,475,1425,PKR
OI003201-02,O003201,P0065,1,840,840,PKR
OI003202-01,O003202,P0111,1,1265,1265,PKR
OI003202-02,O003202,P0005,2,1405,2810,PKR
OI003203-01,O003203,P0059,2,600,1200,PKR
OI003203-02,O003203,P0029,4,895,3580,PKR
OI003204-01,O003204,P0038,2,475,950,PKR
OI003204-02,O003204,P0018,1,1305,1305,PKR
OI003204-03,O003204,P0069,1,530,530,PKR
OI003205-01,O003205,P0003,1,1000,1000,PKR
OI003206-01,O003206,P0052,2,250,500,PKR
OI003207-01,O003207,P0003,1,1000,1000,PKR
OI003208-01,O003208,P0070,1,1560,1560,PKR
OI003209-01,O003209,P0007,1,425,425,PKR
OI003209-02,O003209,P0060,3,230,690,PKR
OI003209-03,O003209,P0120,1,760,760,PKR
OI003209-04,O003209,P0038,1,475,475,PKR
OI003209-05,O003209,P0006,2,750,1500,PKR
OI003210-01,O003210,P0004,3,1410,4230,PKR
OI003211-01,O003211,P0031,1,730,730,PKR
OI003212-01,O003212,P0037,1,180,180,PKR
OI003213-01,O003213,P0015,1,895,895,PKR
OI003213-02,O003213,P0011,1,1805,1805,PKR
OI003213-03,O003213,P0028,1,1930,1930,PKR
OI003214-01,O003214,P0056,2,385,770,PKR
OI003214-02,O003214,P0116,1,815,815,PKR
OI003214-03,O003214,P0109,2,260,520,PKR
OI003215-01,O003215,P0112,1,385,385,PKR
OI003215-02,O003215,P0037,1,180,180,PKR
OI003215-03,O003215,P0077,3,595,1785,PKR
OI003215-04,O003215,P0089,1,225,225,PKR
OI003215-05,O003215,P0009,1,985,985,PKR
OI003216-01,O003216,P0115,2,1790,3580,PKR
OI003216-02,O003216,P0034,2,140,280,PKR
OI003216-03,O003216,P0004,1,1410,1410,PKR
OI003216-04,O003216,P0019,1,1470,1470,PKR
OI003216-05,O003216,P0080,3,2175,6525,PKR
OI003217-01,O003217,P0108,1,935,935,PKR
OI003218-01,O003218,P0072,1,1075,1075,PKR
OI003219-01,O003219,P0001,1,660,660,PKR
OI003219-02,O003219,P0104,1,1645,1645,PKR
OI003220-01,O003220,P0026,1,755,755,PKR
OI003221-01,O003221,P0045,1,910,910,PKR
OI003221-02,O003221,P0040,1,1090,1090,PKR
OI003222-01,O003222,P0043,3,1190,3570,PKR
OI003222-02,O003222,P0036,1,595,595,PKR
OI003223-01,O003223,P0071,1,850,850,PKR
OI003223-02,O003223,P0072,2,1075,2150,PKR
OI003223-03,O003223,P0022,1,1255,1255,PKR
OI003223-04,O003223,P0069,1,530,530,PKR
OI003224-01,O003224,P0020,1,325,325,PKR
OI003225-01,O003225,P0049,3,215,645,PKR
OI003225-02,O003225,P0102,1,555,555,PKR
OI003225-03,O003225,P0007,1,425,425,PKR
OI003225-04,O003225,P0022,1,1255,1255,PKR
OI003226-01,O003226,P0073,1,225,225,PKR
OI003226-02,O003226,P0110,2,545,1090,PKR
OI003226-03,O003226,P0052,1,250,250,PKR
OI003227-01,O003227,P0073,1,225,225,PKR
OI003227-02,O003227,P0015,1,895,895,PKR
OI003227-03,O003227,P0018,1,1305,1305,PKR
OI003228-01,O003228,P0038,1,475,475,PKR
OI003228-02,O003228,P0096,1,1660,1660,PKR
OI003228-03,O003228,P0099,3,970,2910,PKR
OI003228-04,O003228,P0002,1,265,265,PKR
OI003229-01,O003229,P0026,3,755,2265,PKR
OI003229-02,O003229,P0046,3,205,615,PKR
OI003229-03,O003229,P0117,1,720,720,PKR
OI003229-04,O003229,P0023,2,1745,3490,PKR
OI003230-01,O003230,P0046,1,205,205,PKR
OI003231-01,O003231,P0117,2,720,1440,PKR
OI003231-02,O003231,P0110,2,545,1090,PKR
OI003232-01,O003232,P0105,2,1155,2310,PKR
OI003232-02,O003232,P0046,2,205,410,PKR
OI003232-03,O003232,P0076,1,1635,1635,PKR
OI003233-01,O003233,P0093,2,1805,3610,PKR
OI003233-02,O003233,P0003,1,1000,1000,PKR
OI003233-03,O003233,P0115,1,1790,1790,PKR
OI003233-04,O003233,P0104,1,1645,1645,PKR
OI003234-01,O003234,P0100,1,855,855,PKR
OI003234-02,O003234,P0064,2,1700,3400,PKR
OI003235-01,O003235,P0038,3,475,1425,PKR
OI003236-01,O003236,P0100,1,855,855,PKR
OI003236-02,O003236,P0035,3,380,1140,PKR
OI003237-01,O003237,P0069,2,530,1060,PKR
OI003237-02,O003237,P0028,1,1930,1930,PKR
OI003238-01,O003238,P0060,1,230,230,PKR
OI003239-01,O003239,P0016,2,1700,3400,PKR
OI003239-02,O003239,P0099,1,970,970,PKR
OI003240-01,O003240,P0083,2,720,1440,PKR
OI003241-01,O003241,P0088,2,780,1560,PKR
OI003241-02,O003241,P0035,1,380,380,PKR
OI003241-03,O003241,P0001,1,660,660,PKR
OI003242-01,O003242,P0033,1,1475,1475,PKR
OI003242-02,O003242,P0049,1,215,215,PKR
OI003243-01,O003243,P0113,1,1250,1250,PKR
OI003243-02,O003243,P0062,4,1690,6760,PKR
OI003243-03,O003243,P0100,2,855,1710,PKR
OI003244-01,O003244,P0079,1,850,850,PKR
OI003244-02,O003244,P0055,1,1405,1405,PKR
OI003244-03,O003244,P0065,1,840,840,PKR
OI003245-01,O003245,P0089,1,225,225,PKR
OI003246-01,O003246,P0032,4,585,2340,PKR
OI003247-01,O003247,P0115,1,1790,1790,PKR
OI003247-02,O003247,P0023,1,1745,1745,PKR
OI003247-03,O003247,P0066,2,785,1570,PKR
OI003247-04,O003247,P0071,2,850,1700,PKR
OI003248-01,O003248,P0070,1,1560,1560,PKR
OI003248-02,O003248,P0085,3,270,810,PKR
OI003249-01,O003249,P0071,2,850,1700,PKR
OI003249-02,O003249,P0036,2,595,1190,PKR
OI003250-01,O003250,P0079,1,850,850,PKR
OI003250-02,O003250,P0104,2,1645,3290,PKR
OI003251-01,O003251,P0068,1,550,550,PKR
OI003251-02,O003251,P0058,4,1715,6860,PKR
OI003251-03,O003251,P0093,1,1805,1805,PKR
OI003251-04,O003251,P0048,2,1495,2990,PKR
OI003252-01,O003252,P0116,2,815,1630,PKR
OI003252-02,O003252,P0014,1,1895,1895,PKR
OI003252-03,O003252,P0089,2,225,450,PKR
OI003252-04,O003252,P0052,1,250,250,PKR
OI003253-01,O003253,P0100,1,855,855,PKR
OI003254-01,O003254,P0094,1,130,130,PKR
OI003254-02,O003254,P0097,1,1730,1730,PKR
OI003254-03,O003254,P0021,4,1595,6380,PKR
OI003255-01,O003255,P0034,3,140,420,PKR
OI003255-02,O003255,P0008,1,1530,1530,PKR
OI003255-03,O003255,P0007,1,425,425,PKR
OI003255-04,O003255,P0019,3,1470,4410,PKR
OI003256-01,O003256,P0045,3,910,2730,PKR
OI003256-02,O003256,P0089,3,225,675,PKR
OI003257-01,O003257,P0059,2,600,1200,PKR
OI003257-02,O003257,P0022,1,1255,1255,PKR
OI003257-03,O003257,P0078,2,385,770,PKR
OI003258-01,O003258,P0069,1,530,530,PKR
OI003258-02,O003258,P0068,1,550,550,PKR
OI003258-03,O003258,P0033,1,1475,1475,PKR
OI003259-01,O003259,P0095,1,890,890,PKR
OI003259-02,O003259,P0077,1,595,595,PKR
OI003260-01,O003260,P0079,1,850,850,PKR
OI003260-02,O003260,P0049,2,215,430,PKR
OI003261-01,O003261,P0097,2,1730,3460,PKR
OI003261-02,O003261,P0106,1,1080,1080,PKR
OI003261-03,O003261,P0014,2,1895,3790,PKR
OI003261-04,O003261,P0054,2,620,1240,PKR
OI003261-05,O003261,P0010,1,375,375,PKR
OI003262-01,O003262,P0068,4,550,2200,PKR
OI003262-02,O003262,P0094,1,130,130,PKR
OI003263-01,O003263,P0050,1,810,810,PKR
OI003263-02,O003263,P0061,2,275,550,PKR
OI003264-01,O003264,P0045,4,910,3640,PKR
OI003264-02,O003264,P0075,3,645,1935,PKR
OI003265-01,O003265,P0108,4,935,3740,PKR
OI003265-02,O003265,P0059,2,600,1200,PKR
OI003265-03,O003265,P0010,1,375,375,PKR
OI003266-01,O003266,P0066,1,785,785,PKR
OI003266-02,O003266,P0003,1,1000,1000,PKR
OI003267-01,O003267,P0096,1,1660,1660,PKR
OI003267-02,O003267,P0100,1,855,855,PKR
OI003267-03,O003267,P0059,1,600,600,PKR
OI003268-01,O003268,P0019,2,1470,2940,PKR
OI003269-01,O003269,P0051,2,200,400,PKR
OI003269-02,O003269,P0109,1,260,260,PKR
OI003269-03,O003269,P0104,4,1645,6580,PKR
OI003270-01,O003270,P0037,2,180,360,PKR
OI003270-02,O003270,P0091,1,490,490,PKR
OI003270-03,O003270,P0047,1,1540,1540,PKR
OI003271-01,O003271,P0037,1,180,180,PKR
OI003272-01,O003272,P0088,1,780,780,PKR
OI003273-01,O003273,P0089,1,225,225,PKR
OI003273-02,O003273,P0038,2,475,950,PKR
OI003273-03,O003273,P0005,1,1405,1405,PKR
OI003273-04,O003273,P0054,1,620,620,PKR
OI003273-05,O003273,P0031,1,730,730,PKR
OI003274-01,O003274,P0056,1,385,385,PKR
OI003274-02,O003274,P0067,1,1215,1215,PKR
OI003275-01,O003275,P0033,3,1475,4425,PKR
OI003275-02,O003275,P0026,1,755,755,PKR
OI003275-03,O003275,P0019,3,1470,4410,PKR
OI003276-01,O003276,P0083,1,720,720,PKR
OI003276-02,O003276,P0059,1,600,600,PKR
OI003277-01,O003277,P0040,1,1090,1090,PKR
OI003277-02,O003277,P0006,1,750,750,PKR
OI003278-01,O003278,P0090,1,1680,1680,PKR
OI003278-02,O003278,P0061,1,275,275,PKR
OI003278-03,O003278,P0023,1,1745,1745,PKR
OI003279-01,O003279,P0108,2,935,1870,PKR
OI003280-01,O003280,P0028,2,1930,3860,PKR
OI003280-02,O003280,P0095,2,890,1780,PKR
OI003280-03,O003280,P0084,1,1260,1260,PKR
OI003280-04,O003280,P0040,1,1090,1090,PKR
OI003281-01,O003281,P0033,1,1475,1475,PKR
OI003281-02,O003281,P0090,1,1680,1680,PKR
OI003281-03,O003281,P0041,3,385,1155,PKR
OI003282-01,O003282,P0064,1,1700,1700,PKR
OI003282-02,O003282,P0067,2,1215,2430,PKR
OI003282-03,O003282,P0080,1,2175,2175,PKR
OI003283-01,O003283,P0061,1,275,275,PKR
OI003283-02,O003283,P0087,1,1090,1090,PKR
OI003283-03,O003283,P0110,1,545,545,PKR
OI003284-01,O003284,P0055,2,1405,2810,PKR
OI003284-02,O003284,P0058,1,1715,1715,PKR
OI003284-03,O003284,P0104,1,1645,1645,PKR
OI003284-04,O003284,P0077,1,595,595,PKR
OI003284-05,O003284,P0066,2,785,1570,PKR
OI003285-01,O003285,P0017,1,1755,1755,PKR
OI003286-01,O003286,P0007,1,425,425,PKR
OI003286-02,O003286,P0050,2,810,1620,PKR
OI003286-03,O003286,P0057,1,1425,1425,PKR
OI003286-04,O003286,P0061,1,275,275,PKR
OI003287-01,O003287,P0030,3,220,660,PKR
OI003287-02,O003287,P0109,1,260,260,PKR
OI003287-03,O003287,P0013,1,1805,1805,PKR
OI003288-01,O003288,P0081,2,1110,2220,PKR
OI003288-02,O003288,P0066,1,785,785,PKR
OI003288-03,O003288,P0073,1,225,225,PKR
OI003289-01,O003289,P0028,1,1930,1930,PKR
OI003289-02,O003289,P0101,2,185,370,PKR
OI003289-03,O003289,P0031,3,730,2190,PKR
OI003289-04,O003289,P0025,1,290,290,PKR
OI003290-01,O003290,P0093,3,1805,5415,PKR
OI003290-02,O003290,P0031,2,730,1460,PKR
OI003290-03,O003290,P0033,1,1475,1475,PKR
OI003290-04,O003290,P0090,2,1680,3360,PKR
OI003291-01,O003291,P0061,2,275,550,PKR
OI003292-01,O003292,P0094,1,130,130,PKR
OI003292-02,O003292,P0023,1,1745,1745,PKR
OI003292-03,O003292,P0080,1,2175,2175,PKR
OI003292-04,O003292,P0034,1,140,140,PKR
OI003293-01,O003293,P0085,1,270,270,PKR
OI003294-01,O003294,P0050,3,810,2430,PKR
OI003294-02,O003294,P0060,1,230,230,PKR
OI003295-01,O003295,P0098,1,1885,1885,PKR
OI003295-02,O003295,P0068,1,550,550,PKR
OI003296-01,O003296,P0049,1,215,215,PKR
OI003296-02,O003296,P0094,1,130,130,PKR
OI003297-01,O003297,P0004,1,1410,1410,PKR
OI003297-02,O003297,P0114,4,1530,6120,PKR
OI003297-03,O003297,P0026,1,755,755,PKR
OI003297-04,O003297,P0095,2,890,1780,PKR
OI003297-05,O003297,P0110,1,545,545,PKR
OI003298-01,O003298,P0058,1,1715,1715,PKR
OI003299-01,O003299,P0009,1,985,985,PKR
OI003300-01,O003300,P0009,1,985,985,PKR
OI003300-02,O003300,P0025,1,290,290,PKR
OI003301-01,O003301,P0037,1,180,180,PKR
OI003301-02,O003301,P0011,1,1805,1805,PKR
OI003302-01,O003302,P0115,4,1790,7160,PKR
OI003302-02,O003302,P0032,1,585,585,PKR
OI003302-03,O003302,P0096,1,1660,1660,PKR
OI003303-01,O003303,P0074,1,600,600,PKR
OI003303-02,O003303,P0092,1,955,955,PKR
OI003304-01,O003304,P0044,1,1840,1840,PKR
OI003304-02,O003304,P0061,3,275,825,PKR
OI003304-03,O003304,P0072,1,1075,1075,PKR
OI003304-04,O003304,P0093,1,1805,1805,PKR
OI003304-05,O003304,P0021,1,1595,1595,PKR
OI003305-01,O003305,P0107,2,1020,2040,PKR
OI003306-01,O003306,P0120,1,760,760,PKR
OI003306-02,O003306,P0050,1,810,810,PKR
OI003306-03,O003306,P0078,1,385,385,PKR
OI003307-01,O003307,P0054,3,620,1860,PKR
OI003307-02,O003307,P0029,1,895,895,PKR
OI003308-01,O003308,P0102,1,555,555,PKR
OI003308-02,O003308,P0103,1,1075,1075,PKR
OI003308-03,O003308,P0043,1,1190,1190,PKR
OI003309-01,O003309,P0011,1,1805,1805,PKR
OI003309-02,O003309,P0086,1,850,850,PKR
OI003309-03,O003309,P0063,1,1685,1685,PKR
OI003309-04,O003309,P0049,1,215,215,PKR
OI003310-01,O003310,P0044,1,1840,1840,PKR
OI003310-02,O003310,P0009,1,985,985,PKR
OI003310-03,O003310,P0002,1,265,265,PKR
OI003310-04,O003310,P0054,1,620,620,PKR
OI003311-01,O003311,P0040,1,1090,1090,PKR
OI003312-01,O003312,P0026,2,755,1510,PKR
OI003312-02,O003312,P0096,1,1660,1660,PKR
OI003313-01,O003313,P0115,2,1790,3580,PKR
OI003314-01,O003314,P0099,1,970,970,PKR
OI003314-02,O003314,P0015,1,895,895,PKR
OI003314-03,O003314,P0117,1,720,720,PKR
OI003315-01,O003315,P0065,1,840,840,PKR
OI003315-02,O003315,P0089,1,225,225,PKR
OI003315-03,O003315,P0049,1,215,215,PKR
OI003316-01,O003316,P0066,2,785,1570,PKR
OI003316-02,O003316,P0116,2,815,1630,PKR
OI003317-01,O003317,P0071,1,850,850,PKR
OI003318-01,O003318,P0009,1,985,985,PKR
OI003318-02,O003318,P0069,2,530,1060,PKR
OI003318-03,O003318,P0065,1,840,840,PKR
OI003319-01,O003319,P0065,1,840,840,PKR
OI003319-02,O003319,P0035,4,380,1520,PKR
OI003319-03,O003319,P0043,1,1190,1190,PKR
OI003320-01,O003320,P0085,1,270,270,PKR
OI003320-02,O003320,P0036,1,595,595,PKR
OI003320-03,O003320,P0060,2,230,460,PKR
OI003321-01,O003321,P0068,1,550,550,PKR
OI003321-02,O003321,P0019,2,1470,2940,PKR
OI003321-03,O003321,P0119,1,550,550,PKR
OI003321-04,O003321,P0034,1,140,140,PKR
OI003322-01,O003322,P0008,1,1530,1530,PKR
OI003322-02,O003322,P0028,2,1930,3860,PKR
OI003322-03,O003322,P0110,1,545,545,PKR
OI003323-01,O003323,P0018,1,1305,1305,PKR
OI003323-02,O003323,P0009,2,985,1970,PKR
OI003324-01,O003324,P0048,1,1495,1495,PKR
OI003325-01,O003325,P0003,3,1000,3000,PKR
OI003325-02,O003325,P0025,2,290,580,PKR
OI003326-01,O003326,P0074,1,600,600,PKR
OI003326-02,O003326,P0033,1,1475,1475,PKR
OI003326-03,O003326,P0094,3,130,390,PKR
OI003327-01,O003327,P0033,2,1475,2950,PKR
OI003327-02,O003327,P0029,1,895,895,PKR
OI003328-01,O003328,P0047,2,1540,3080,PKR
OI003328-02,O003328,P0057,1,1425,1425,PKR
OI003328-03,O003328,P0070,1,1560,1560,PKR
OI003328-04,O003328,P0055,1,1405,1405,PKR
OI003329-01,O003329,P0083,1,720,720,PKR
OI003329-02,O003329,P0039,1,920,920,PKR
OI003329-03,O003329,P0119,1,550,550,PKR
OI003330-01,O003330,P0014,1,1895,1895,PKR
OI003331-01,O003331,P0118,2,1270,2540,PKR
OI003331-02,O003331,P0098,1,1885,1885,PKR
OI003331-03,O003331,P0119,1,550,550,PKR
OI003331-04,O003331,P0114,1,1530,1530,PKR
OI003332-01,O003332,P0065,1,840,840,PKR
OI003332-02,O003332,P0107,1,1020,1020,PKR
OI003333-01,O003333,P0055,1,1405,1405,PKR
OI003333-02,O003333,P0080,1,2175,2175,PKR
OI003334-01,O003334,P0008,3,1530,4590,PKR
OI003334-02,O003334,P0010,1,375,375,PKR
OI003334-03,O003334,P0036,2,595,1190,PKR
OI003335-01,O003335,P0046,1,205,205,PKR
OI003335-02,O003335,P0010,1,375,375,PKR
OI003336-01,O003336,P0067,3,1215,3645,PKR
OI003337-01,O003337,P0023,2,1745,3490,PKR
OI003337-02,O003337,P0092,4,955,3820,PKR
OI003337-03,O003337,P0065,2,840,1680,PKR
OI003337-04,O003337,P0066,1,785,785,PKR
OI003337-05,O003337,P0058,1,1715,1715,PKR
OI003338-01,O003338,P0055,1,1405,1405,PKR
OI003338-02,O003338,P0078,1,385,385,PKR
OI003339-01,O003339,P0114,1,1530,1530,PKR
OI003339-02,O003339,P0092,1,955,955,PKR
OI003340-01,O003340,P0071,2,850,1700,PKR
OI003340-02,O003340,P0100,1,855,855,PKR
OI003340-03,O003340,P0033,2,1475,2950,PKR
OI003341-01,O003341,P0107,2,1020,2040,PKR
OI003342-01,O003342,P0008,1,1530,1530,PKR
OI003343-01,O003343,P0083,3,720,2160,PKR
OI003343-02,O003343,P0105,2,1155,2310,PKR
OI003343-03,O003343,P0015,1,895,895,PKR
OI003344-01,O003344,P0093,2,1805,3610,PKR
OI003344-02,O003344,P0003,1,1000,1000,PKR
OI003345-01,O003345,P0058,1,1715,1715,PKR
OI003346-01,O003346,P0092,2,955,1910,PKR
OI003346-02,O003346,P0061,4,275,1100,PKR
OI003346-03,O003346,P0051,1,200,200,PKR
OI003346-04,O003346,P0005,1,1405,1405,PKR
OI003347-01,O003347,P0006,1,750,750,PKR
OI003348-01,O003348,P0094,2,130,260,PKR
OI003348-02,O003348,P0077,3,595,1785,PKR
OI003348-03,O003348,P0035,1,380,380,PKR
OI003348-04,O003348,P0009,1,985,985,PKR
OI003348-05,O003348,P0057,1,1425,1425,PKR
OI003349-01,O003349,P0104,1,1645,1645,PKR
OI003349-02,O003349,P0056,1,385,385,PKR
OI003349-03,O003349,P0083,2,720,1440,PKR
OI003350-01,O003350,P0041,1,385,385,PKR
OI003351-01,O003351,P0087,2,1090,2180,PKR
OI003351-02,O003351,P0063,2,1685,3370,PKR
OI003351-03,O003351,P0079,3,850,2550,PKR
OI003352-01,O003352,P0073,1,225,225,PKR
OI003352-02,O003352,P0017,2,1755,3510,PKR
OI003353-01,O003353,P0089,4,225,900,PKR
OI003353-02,O003353,P0021,1,1595,1595,PKR
OI003354-01,O003354,P0071,3,850,2550,PKR
OI003354-02,O003354,P0089,1,225,225,PKR
OI003354-03,O003354,P0015,2,895,1790,PKR
OI003354-04,O003354,P0103,1,1075,1075,PKR
OI003355-01,O003355,P0054,1,620,620,PKR
OI003355-02,O003355,P0019,2,1470,2940,PKR
OI003356-01,O003356,P0017,1,1755,1755,PKR
OI003356-02,O003356,P0063,2,1685,3370,PKR
OI003357-01,O003357,P0023,2,1745,3490,PKR
OI003357-02,O003357,P0002,1,265,265,PKR
OI003358-01,O003358,P0112,1,385,385,PKR
OI003359-01,O003359,P0015,1,895,895,PKR
OI003359-02,O003359,P0038,1,475,475,PKR
OI003359-03,O003359,P0055,3,1405,4215,PKR
OI003359-04,O003359,P0001,2,660,1320,PKR
OI003360-01,O003360,P0051,1,200,200,PKR
OI003360-02,O003360,P0040,2,1090,2180,PKR
OI003361-01,O003361,P0086,1,850,850,PKR
OI003361-02,O003361,P0026,1,755,755,PKR
OI003362-01,O003362,P0001,1,660,660,PKR
OI003362-02,O003362,P0040,1,1090,1090,PKR
OI003362-03,O003362,P0101,1,185,185,PKR
OI003363-01,O003363,P0102,2,555,1110,PKR
OI003363-02,O003363,P0005,2,1405,2810,PKR
OI003364-01,O003364,P0047,1,1540,1540,PKR
OI003364-02,O003364,P0021,3,1595,4785,PKR
OI003365-01,O003365,P0095,1,890,890,PKR
OI003366-01,O003366,P0062,2,1690,3380,PKR
OI003366-02,O003366,P0109,1,260,260,PKR
OI003367-01,O003367,P0032,2,585,1170,PKR
OI003367-02,O003367,P0096,1,1660,1660,PKR
OI003368-01,O003368,P0023,1,1745,1745,PKR
OI003368-02,O003368,P0015,1,895,895,PKR
OI003369-01,O003369,P0091,2,490,980,PKR
OI003370-01,O003370,P0102,1,555,555,PKR
OI003370-02,O003370,P0080,2,2175,4350,PKR
OI003371-01,O003371,P0111,1,1265,1265,PKR
OI003372-01,O003372,P0114,2,1530,3060,PKR
OI003372-02,O003372,P0061,2,275,550,PKR
OI003372-03,O003372,P0085,2,270,540,PKR
OI003372-04,O003372,P0060,2,230,460,PKR
OI003372-05,O003372,P0048,2,1495,2990,PKR
OI003373-01,O003373,P0031,1,730,730,PKR
OI003373-02,O003373,P0021,2,1595,3190,PKR
OI003373-03,O003373,P0018,2,1305,2610,PKR
OI003374-01,O003374,P0051,1,200,200,PKR
OI003374-02,O003374,P0015,1,895,895,PKR
OI003374-03,O003374,P0016,1,1700,1700,PKR
OI003375-01,O003375,P0020,1,325,325,PKR
OI003375-02,O003375,P0096,1,1660,1660,PKR
OI003375-03,O003375,P0039,2,920,1840,PKR
OI003375-04,O003375,P0078,2,385,770,PKR
OI003376-01,O003376,P0004,2,1410,2820,PKR
OI003376-02,O003376,P0074,1,600,600,PKR
OI003377-01,O003377,P0057,1,1425,1425,PKR
OI003377-02,O003377,P0073,1,225,225,PKR
OI003378-01,O003378,P0047,1,1540,1540,PKR
OI003379-01,O003379,P0089,1,225,225,PKR
OI003379-02,O003379,P0065,4,840,3360,PKR
OI003379-03,O003379,P0020,1,325,325,PKR
OI003379-04,O003379,P0006,3,750,2250,PKR
OI003380-01,O003380,P0064,1,1700,1700,PKR
OI003381-01,O003381,P0060,2,230,460,PKR
OI003381-02,O003381,P0105,3,1155,3465,PKR
OI003382-01,O003382,P0104,1,1645,1645,PKR
OI003382-02,O003382,P0040,2,1090,2180,PKR
OI003382-03,O003382,P0057,1,1425,1425,PKR
OI003382-04,O003382,P0077,1,595,595,PKR
OI003382-05,O003382,P0086,4,850,3400,PKR
OI003383-01,O003383,P0024,1,235,235,PKR
OI003383-02,O003383,P0001,2,660,1320,PKR
OI003384-01,O003384,P0088,1,780,780,PKR
OI003384-02,O003384,P0038,1,475,475,PKR
OI003384-03,O003384,P0058,1,1715,1715,PKR
OI003385-01,O003385,P0002,1,265,265,PKR
OI003385-02,O003385,P0008,2,1530,3060,PKR
OI003386-01,O003386,P0013,1,1805,1805,PKR
OI003386-02,O003386,P0112,1,385,385,PKR
OI003386-03,O003386,P0100,1,855,855,PKR
OI003387-01,O003387,P0054,2,620,1240,PKR
OI003388-01,O003388,P0106,3,1080,3240,PKR
OI003388-02,O003388,P0077,1,595,595,PKR
OI003388-03,O003388,P0105,1,1155,1155,PKR
OI003388-04,O003388,P0006,1,750,750,PKR
OI003388-05,O003388,P0101,4,185,740,PKR
OI003389-01,O003389,P0071,1,850,850,PKR
OI003389-02,O003389,P0039,2,920,1840,PKR
OI003389-03,O003389,P0090,1,1680,1680,PKR
OI003389-04,O003389,P0011,1,1805,1805,PKR
OI003390-01,O003390,P0062,1,1690,1690,PKR
OI003390-02,O003390,P0071,2,850,1700,PKR
OI003390-03,O003390,P0010,4,375,1500,PKR
OI003391-01,O003391,P0066,3,785,2355,PKR
OI003391-02,O003391,P0052,2,250,500,PKR
OI003391-03,O003391,P0083,1,720,720,PKR
OI003391-04,O003391,P0045,3,910,2730,PKR
OI003391-05,O003391,P0068,2,550,1100,PKR
OI003392-01,O003392,P0085,1,270,270,PKR
OI003392-02,O003392,P0043,1,1190,1190,PKR
OI003392-03,O003392,P0095,1,890,890,PKR
OI003393-01,O003393,P0110,1,545,545,PKR
OI003394-01,O003394,P0104,1,1645,1645,PKR
OI003394-02,O003394,P0060,1,230,230,PKR
OI003394-03,O003394,P0109,2,260,520,PKR
OI003395-01,O003395,P0047,2,1540,3080,PKR
OI003395-02,O003395,P0052,1,250,250,PKR
OI003396-01,O003396,P0067,1,1215,1215,PKR
OI003396-02,O003396,P0120,1,760,760,PKR
OI003396-03,O003396,P0080,1,2175,2175,PKR
OI003396-04,O003396,P0041,2,385,770,PKR
OI003397-01,O003397,P0012,3,155,465,PKR
OI003398-01,O003398,P0003,1,1000,1000,PKR
OI003398-02,O003398,P0030,1,220,220,PKR
OI003399-01,O003399,P0040,1,1090,1090,PKR
OI003399-02,O003399,P0036,3,595,1785,PKR
OI003400-01,O003400,P0081,1,1110,1110,PKR
OI003401-01,O003401,P0090,1,1680,1680,PKR
OI003401-02,O003401,P0051,1,200,200,PKR
OI003401-03,O003401,P0091,1,490,490,PKR
OI003401-04,O003401,P0021,1,1595,1595,PKR
OI003402-01,O003402,P0102,4,555,2220,PKR
OI003402-02,O003402,P0065,1,840,840,PKR
OI003402-03,O003402,P0052,1,250,250,PKR
OI003402-04,O003402,P0107,3,1020,3060,PKR
OI003403-01,O003403,P0090,2,1680,3360,PKR
OI003403-02,O003403,P0024,1,235,235,PKR
OI003403-03,O003403,P0019,3,1470,4410,PKR
OI003404-01,O003404,P0108,1,935,935,PKR
OI003404-02,O003404,P0114,1,1530,1530,PKR
OI003405-01,O003405,P0064,1,1700,1700,PKR
OI003405-02,O003405,P0061,1,275,275,PKR
OI003406-01,O003406,P0007,3,425,1275,PKR
OI003406-02,O003406,P0043,1,1190,1190,PKR
OI003406-03,O003406,P0078,1,385,385,PKR
OI003407-01,O003407,P0084,1,1260,1260,PKR
OI003408-01,O003408,P0046,1,205,205,PKR
OI003408-02,O003408,P0116,1,815,815,PKR
OI003409-01,O003409,P0072,1,1075,1075,PKR
OI003409-02,O003409,P0087,1,1090,1090,PKR
OI003410-01,O003410,P0094,1,130,130,PKR
OI003410-02,O003410,P0042,3,1400,4200,PKR
OI003411-01,O003411,P0028,1,1930,1930,PKR
OI003411-02,O003411,P0110,1,545,545,PKR
OI003411-03,O003411,P0061,1,275,275,PKR
OI003412-01,O003412,P0120,1,760,760,PKR
OI003413-01,O003413,P0029,2,895,1790,PKR
OI003413-02,O003413,P0094,3,130,390,PKR
OI003413-03,O003413,P0055,1,1405,1405,PKR
OI003413-04,O003413,P0041,1,385,385,PKR
OI003414-01,O003414,P0120,1,760,760,PKR
OI003414-02,O003414,P0035,1,380,380,PKR
OI003415-01,O003415,P0029,4,895,3580,PKR
OI003415-02,O003415,P0040,2,1090,2180,PKR
OI003415-03,O003415,P0098,1,1885,1885,PKR
OI003415-04,O003415,P0114,2,1530,3060,PKR
OI003416-01,O003416,P0076,1,1635,1635,PKR
OI003416-02,O003416,P0079,1,850,850,PKR
OI003416-03,O003416,P0047,2,1540,3080,PKR
OI003417-01,O003417,P0074,1,600,600,PKR
OI003417-02,O003417,P0086,1,850,850,PKR
OI003417-03,O003417,P0047,1,1540,1540,PKR
OI003417-04,O003417,P0071,1,850,850,PKR
OI003418-01,O003418,P0097,3,1730,5190,PKR
OI003419-01,O003419,P0042,4,1400,5600,PKR
OI003419-02,O003419,P0015,1,895,895,PKR
OI003419-03,O003419,P0057,1,1425,1425,PKR
OI003420-01,O003420,P0109,1,260,260,PKR
OI003420-02,O003420,P0112,1,385,385,PKR
OI003421-01,O003421,P0031,1,730,730,PKR
OI003421-02,O003421,P0062,1,1690,1690,PKR
OI003421-03,O003421,P0101,4,185,740,PKR
OI003421-04,O003421,P0007,1,425,425,PKR
OI003421-05,O003421,P0092,3,955,2865,PKR
OI003422-01,O003422,P0069,1,530,530,PKR
OI003423-01,O003423,P0036,2,595,1190,PKR
OI003423-02,O003423,P0113,3,1250,3750,PKR
OI003424-01,O003424,P0113,2,1250,2500,PKR
OI003424-02,O003424,P0038,1,475,475,PKR
OI003424-03,O003424,P0109,1,260,260,PKR
OI003424-04,O003424,P0115,2,1790,3580,PKR
OI003425-01,O003425,P0040,2,1090,2180,PKR
OI003425-02,O003425,P0037,2,180,360,PKR
OI003426-01,O003426,P0106,1,1080,1080,PKR
OI003426-02,O003426,P0087,2,1090,2180,PKR
OI003427-01,O003427,P0023,2,1745,3490,PKR
OI003427-02,O003427,P0003,3,1000,3000,PKR
OI003428-01,O003428,P0017,1,1755,1755,PKR
OI003429-01,O003429,P0051,1,200,200,PKR
OI003429-02,O003429,P0096,1,1660,1660,PKR
OI003429-03,O003429,P0005,1,1405,1405,PKR
OI003429-04,O003429,P0057,1,1425,1425,PKR
OI003429-05,O003429,P0117,2,720,1440,PKR
OI003430-01,O003430,P0049,1,215,215,PKR
OI003431-01,O003431,P0005,1,1405,1405,PKR
OI003432-01,O003432,P0064,1,1700,1700,PKR
OI003432-02,O003432,P0082,1,1025,1025,PKR
OI003432-03,O003432,P0054,1,620,620,PKR
OI003433-01,O003433,P0030,1,220,220,PKR
OI003434-01,O003434,P0113,2,1250,2500,PKR
OI003434-02,O003434,P0080,4,2175,8700,PKR
OI003435-01,O003435,P0057,2,1425,2850,PKR
OI003435-02,O003435,P0096,2,1660,3320,PKR
OI003435-03,O003435,P0067,1,1215,1215,PKR
OI003435-04,O003435,P0052,1,250,250,PKR
OI003435-05,O003435,P0037,2,180,360,PKR
OI003436-01,O003436,P0063,4,1685,6740,PKR
OI003436-02,O003436,P0064,1,1700,1700,PKR
OI003437-01,O003437,P0036,2,595,1190,PKR
OI003438-01,O003438,P0025,1,290,290,PKR
OI003438-02,O003438,P0098,1,1885,1885,PKR
OI003438-03,O003438,P0029,1,895,895,PKR
OI003438-04,O003438,P0026,1,755,755,PKR
OI003439-01,O003439,P0077,2,595,1190,PKR
OI003439-02,O003439,P0011,1,1805,1805,PKR
OI003439-03,O003439,P0047,2,1540,3080,PKR
OI003440-01,O003440,P0030,1,220,220,PKR
OI003440-02,O003440,P0044,1,1840,1840,PKR
OI003441-01,O003441,P0009,1,985,985,PKR
OI003442-01,O003442,P0116,2,815,1630,PKR
OI003442-02,O003442,P0049,1,215,215,PKR
OI003443-01,O003443,P0110,1,545,545,PKR
OI003443-02,O003443,P0115,1,1790,1790,PKR
OI003444-01,O003444,P0036,1,595,595,PKR
OI003444-02,O003444,P0048,1,1495,1495,PKR
OI003444-03,O003444,P0096,1,1660,1660,PKR
OI003445-01,O003445,P0086,1,850,850,PKR
OI003445-02,O003445,P0074,1,600,600,PKR
OI003446-01,O003446,P0003,1,1000,1000,PKR
OI003446-02,O003446,P0058,1,1715,1715,PKR
OI003447-01,O003447,P0111,1,1265,1265,PKR
OI003447-02,O003447,P0028,1,1930,1930,PKR
OI003447-03,O003447,P0047,1,1540,1540,PKR
OI003448-01,O003448,P0036,1,595,595,PKR
OI003448-02,O003448,P0062,1,1690,1690,PKR
OI003449-01,O003449,P0023,1,1745,1745,PKR
OI003449-02,O003449,P0035,2,380,760,PKR
OI003450-01,O003450,P0119,1,550,550,PKR
OI003450-02,O003450,P0001,2,660,1320,PKR
OI003450-03,O003450,P0027,1,1980,1980,PKR
OI003450-04,O003450,P0065,3,840,2520,PKR
OI003450-05,O003450,P0111,2,1265,2530,PKR
OI003451-01,O003451,P0090,1,1680,1680,PKR
OI003451-02,O003451,P0037,1,180,180,PKR
OI003451-03,O003451,P0030,1,220,220,PKR
OI003451-04,O003451,P0054,3,620,1860,PKR
OI003452-01,O003452,P0116,1,815,815,PKR
OI003453-01,O003453,P0112,1,385,385,PKR
OI003454-01,O003454,P0110,1,545,545,PKR
OI003454-02,O003454,P0080,1,2175,2175,PKR
OI003455-01,O003455,P0031,2,730,1460,PKR
OI003455-02,O003455,P0024,1,235,235,PKR
OI003455-03,O003455,P0057,2,1425,2850,PKR
OI003456-01,O003456,P0119,1,550,550,PKR
OI003456-02,O003456,P0012,1,155,155,PKR
OI003456-03,O003456,P0084,2,1260,2520,PKR
OI003457-01,O003457,P0068,1,550,550,PKR
OI003457-02,O003457,P0046,4,205,820,PKR
OI003457-03,O003457,P0017,2,1755,3510,PKR
OI003457-04,O003457,P0082,1,1025,1025,PKR
OI003458-01,O003458,P0033,1,1475,1475,PKR
OI003459-01,O003459,P0076,3,1635,4905,PKR
OI003459-02,O003459,P0012,1,155,155,PKR
OI003459-03,O003459,P0096,1,1660,1660,PKR
OI003459-04,O003459,P0003,1,1000,1000,PKR
OI003459-05,O003459,P0006,1,750,750,PKR
OI003460-01,O003460,P0076,1,1635,1635,PKR
OI003461-01,O003461,P0101,1,185,185,PKR
OI003461-02,O003461,P0067,2,1215,2430,PKR
OI003462-01,O003462,P0045,2,910,1820,PKR
OI003462-02,O003462,P0074,1,600,600,PKR
OI003462-03,O003462,P0048,4,1495,5980,PKR
OI003463-01,O003463,P0038,2,475,950,PKR
OI003463-02,O003463,P0055,2,1405,2810,PKR
OI003464-01,O003464,P0109,3,260,780,PKR
OI003464-02,O003464,P0054,2,620,1240,PKR
OI003464-03,O003464,P0102,1,555,555,PKR
OI003465-01,O003465,P0116,1,815,815,PKR
OI003466-01,O003466,P0116,1,815,815,PKR
OI003466-02,O003466,P0106,1,1080,1080,PKR
OI003466-03,O003466,P0075,2,645,1290,PKR
OI003466-04,O003466,P0042,4,1400,5600,PKR
OI003467-01,O003467,P0102,1,555,555,PKR
OI003467-02,O003467,P0111,3,1265,3795,PKR
OI003468-01,O003468,P0092,3,955,2865,PKR
OI003468-02,O003468,P0012,4,155,620,PKR
OI003468-03,O003468,P0038,1,475,475,PKR
OI003469-01,O003469,P0048,3,1495,4485,PKR
OI003469-02,O003469,P0023,1,1745,1745,PKR
OI003470-01,O003470,P0095,1,890,890,PKR
OI003470-02,O003470,P0099,1,970,970,PKR
OI003470-03,O003470,P0118,1,1270,1270,PKR
OI003471-01,O003471,P0037,2,180,360,PKR
OI003472-01,O003472,P0066,1,785,785,PKR
OI003472-02,O003472,P0005,1,1405,1405,PKR
OI003472-03,O003472,P0067,2,1215,2430,PKR
OI003473-01,O003473,P0051,2,200,400,PKR
OI003473-02,O003473,P0009,1,985,985,PKR
OI003473-03,O003473,P0107,1,1020,1020,PKR
OI003473-04,O003473,P0066,2,785,1570,PKR
OI003474-01,O003474,P0083,1,720,720,PKR
OI003474-02,O003474,P0016,1,1700,1700,PKR
OI003474-03,O003474,P0097,1,1730,1730,PKR
OI003475-01,O003475,P0029,1,895,895,PKR
OI003475-02,O003475,P0086,4,850,3400,PKR
OI003475-03,O003475,P0067,1,1215,1215,PKR
OI003475-04,O003475,P0055,1,1405,1405,PKR
OI003476-01,O003476,P0029,1,895,895,PKR
OI003476-02,O003476,P0014,1,1895,1895,PKR
OI003476-03,O003476,P0112,1,385,385,PKR
OI003476-04,O003476,P0066,1,785,785,PKR
OI003477-01,O003477,P0081,2,1110,2220,PKR
OI003477-02,O003477,P0115,1,1790,1790,PKR
OI003477-03,O003477,P0025,2,290,580,PKR
OI003478-01,O003478,P0038,2,475,950,PKR
OI003479-01,O003479,P0038,1,475,475,PKR
OI003479-02,O003479,P0114,1,1530,1530,PKR
OI003479-03,O003479,P0015,1,895,895,PKR
OI003479-04,O003479,P0111,1,1265,1265,PKR
OI003480-01,O003480,P0016,1,1700,1700,PKR
OI003480-02,O003480,P0045,1,910,910,PKR
OI003480-03,O003480,P0031,3,730,2190,PKR
OI003481-01,O003481,P0107,1,1020,1020,PKR
OI003481-02,O003481,P0096,2,1660,3320,PKR
OI003481-03,O003481,P0066,1,785,785,PKR
OI003481-04,O003481,P0035,2,380,760,PKR
OI003481-05,O003481,P0003,1,1000,1000,PKR
OI003482-01,O003482,P0047,1,1540,1540,PKR
OI003482-02,O003482,P0115,1,1790,1790,PKR
OI003482-03,O003482,P0093,1,1805,1805,PKR
OI003482-04,O003482,P0082,2,1025,2050,PKR
OI003483-01,O003483,P0089,1,225,225,PKR
OI003483-02,O003483,P0017,2,1755,3510,PKR
OI003484-01,O003484,P0055,1,1405,1405,PKR
OI003485-01,O003485,P0042,1,1400,1400,PKR
OI003485-02,O003485,P0013,3,1805,5415,PKR
OI003486-01,O003486,P0049,1,215,215,PKR
OI003486-02,O003486,P0079,1,850,850,PKR
OI003486-03,O003486,P0061,1,275,275,PKR
OI003487-01,O003487,P0105,1,1155,1155,PKR
OI003487-02,O003487,P0108,1,935,935,PKR
OI003488-01,O003488,P0108,2,935,1870,PKR
OI003488-02,O003488,P0085,1,270,270,PKR
OI003488-03,O003488,P0073,1,225,225,PKR
OI003489-01,O003489,P0104,3,1645,4935,PKR
OI003490-01,O003490,P0061,1,275,275,PKR
OI003490-02,O003490,P0050,2,810,1620,PKR
OI003490-03,O003490,P0003,2,1000,2000,PKR
OI003490-04,O003490,P0008,1,1530,1530,PKR
OI003491-01,O003491,P0090,2,1680,3360,PKR
OI003491-02,O003491,P0065,1,840,840,PKR
OI003491-03,O003491,P0086,4,850,3400,PKR
OI003491-04,O003491,P0091,1,490,490,PKR
OI003492-01,O003492,P0028,1,1930,1930,PKR
OI003492-02,O003492,P0059,1,600,600,PKR
OI003493-01,O003493,P0042,1,1400,1400,PKR
OI003494-01,O003494,P0060,1,230,230,PKR
OI003494-02,O003494,P0042,1,1400,1400,PKR
OI003495-01,O003495,P0022,2,1255,2510,PKR
OI003495-02,O003495,P0047,1,1540,1540,PKR
OI003495-03,O003495,P0028,1,1930,1930,PKR
OI003495-04,O003495,P0116,3,815,2445,PKR
OI003496-01,O003496,P0059,1,600,600,PKR
OI003496-02,O003496,P0021,1,1595,1595,PKR
OI003497-01,O003497,P0026,1,755,755,PKR
OI003497-02,O003497,P0044,1,1840,1840,PKR
OI003498-01,O003498,P0013,2,1805,3610,PKR
OI003498-02,O003498,P0019,1,1470,1470,PKR
OI003498-03,O003498,P0081,2,1110,2220,PKR
OI003499-01,O003499,P0079,1,850,850,PKR
OI003499-02,O003499,P0046,2,205,410,PKR
OI003500-01,O003500,P0088,2,780,1560,PKR
OI003500-02,O003500,P0033,2,1475,2950,PKR
OI003501-01,O003501,P0062,2,1690,3380,PKR
OI003501-02,O003501,P0080,1,2175,2175,PKR
OI003502-01,O003502,P0054,1,620,620,PKR
OI003502-02,O003502,P0084,2,1260,2520,PKR
OI003502-03,O003502,P0044,3,1840,5520,PKR
OI003502-04,O003502,P0036,2,595,1190,PKR
OI003502-05,O003502,P0078,2,385,770,PKR
OI003503-01,O003503,P0078,1,385,385,PKR
OI003503-02,O003503,P0075,2,645,1290,PKR
OI003503-03,O003503,P0045,1,910,910,PKR
OI003504-01,O003504,P0052,2,250,500,PKR
OI003504-02,O003504,P0002,2,265,530,PKR
OI003505-01,O003505,P0106,1,1080,1080,PKR
OI003505-02,O003505,P0025,1,290,290,PKR
OI003505-03,O003505,P0078,1,385,385,PKR
OI003506-01,O003506,P0020,2,325,650,PKR
OI003507-01,O003507,P0056,2,385,770,PKR
OI003507-02,O003507,P0082,1,1025,1025,PKR
OI003508-01,O003508,P0056,2,385,770,PKR
OI003508-02,O003508,P0072,2,1075,2150,PKR
OI003508-03,O003508,P0035,1,380,380,PKR
OI003508-04,O003508,P0087,1,1090,1090,PKR
OI003509-01,O003509,P0092,1,955,955,PKR
OI003509-02,O003509,P0084,2,1260,2520,PKR
OI003509-03,O003509,P0117,3,720,2160,PKR
OI003509-04,O003509,P0085,2,270,540,PKR
OI003510-01,O003510,P0102,1,555,555,PKR
OI003510-02,O003510,P0094,1,130,130,PKR
OI003510-03,O003510,P0067,1,1215,1215,PKR
OI003511-01,O003511,P0076,1,1635,1635,PKR
OI003511-02,O003511,P0031,1,730,730,PKR
OI003512-01,O003512,P0056,2,385,770,PKR
OI003512-02,O003512,P0051,2,200,400,PKR
OI003513-01,O003513,P0032,1,585,585,PKR
OI003513-02,O003513,P0025,2,290,580,PKR
OI003514-01,O003514,P0061,2,275,550,PKR
OI003515-01,O003515,P0034,1,140,140,PKR
OI003515-02,O003515,P0061,1,275,275,PKR
OI003516-01,O003516,P0055,1,1405,1405,PKR
OI003516-02,O003516,P0085,3,270,810,PKR
OI003516-03,O003516,P0038,1,475,475,PKR
OI003516-04,O003516,P0030,2,220,440,PKR
OI003517-01,O003517,P0017,1,1755,1755,PKR
OI003517-02,O003517,P0018,1,1305,1305,PKR
OI003518-01,O003518,P0111,1,1265,1265,PKR
OI003518-02,O003518,P0047,2,1540,3080,PKR
OI003519-01,O003519,P0029,2,895,1790,PKR
OI003519-02,O003519,P0031,1,730,730,PKR
OI003519-03,O003519,P0070,2,1560,3120,PKR
OI003520-01,O003520,P0020,2,325,650,PKR
OI003520-02,O003520,P0119,1,550,550,PKR
OI003521-01,O003521,P0049,1,215,215,PKR
OI003521-02,O003521,P0114,1,1530,1530,PKR
OI003522-01,O003522,P0026,1,755,755,PKR
OI003523-01,O003523,P0014,1,1895,1895,PKR
OI003523-02,O003523,P0107,1,1020,1020,PKR
OI003524-01,O003524,P0017,1,1755,1755,PKR
OI003524-02,O003524,P0053,3,2210,6630,PKR
OI003524-03,O003524,P0050,1,810,810,PKR
OI003524-04,O003524,P0008,1,1530,1530,PKR
OI003525-01,O003525,P0083,2,720,1440,PKR
OI003525-02,O003525,P0111,1,1265,1265,PKR
OI003526-01,O003526,P0062,2,1690,3380,PKR
OI003526-02,O003526,P0090,2,1680,3360,PKR
OI003527-01,O003527,P0090,1,1680,1680,PKR
OI003528-01,O003528,P0105,1,1155,1155,PKR
OI003528-02,O003528,P0028,3,1930,5790,PKR
OI003528-03,O003528,P0006,1,750,750,PKR
OI003528-04,O003528,P0045,1,910,910,PKR
OI003529-01,O003529,P0012,3,155,465,PKR
OI003529-02,O003529,P0102,3,555,1665,PKR
OI003530-01,O003530,P0082,1,1025,1025,PKR
OI003530-02,O003530,P0072,3,1075,3225,PKR
OI003530-03,O003530,P0053,2,2210,4420,PKR
OI003531-01,O003531,P0113,1,1250,1250,PKR
OI003531-02,O003531,P0049,1,215,215,PKR
OI003532-01,O003532,P0042,1,1400,1400,PKR
OI003532-02,O003532,P0037,2,180,360,PKR
OI003532-03,O003532,P0096,1,1660,1660,PKR
OI003532-04,O003532,P0107,1,1020,1020,PKR
OI003532-05,O003532,P0023,1,1745,1745,PKR
OI003533-01,O003533,P0107,1,1020,1020,PKR
OI003533-02,O003533,P0045,1,910,910,PKR
OI003533-03,O003533,P0026,1,755,755,PKR
OI003533-04,O003533,P0003,3,1000,3000,PKR
OI003534-01,O003534,P0106,3,1080,3240,PKR
OI003534-02,O003534,P0031,1,730,730,PKR
OI003534-03,O003534,P0085,1,270,270,PKR
OI003535-01,O003535,P0031,2,730,1460,PKR
OI003535-02,O003535,P0038,3,475,1425,PKR
OI003535-03,O003535,P0074,2,600,1200,PKR
OI003535-04,O003535,P0106,2,1080,2160,PKR
OI003535-05,O003535,P0013,1,1805,1805,PKR
OI003536-01,O003536,P0063,3,1685,5055,PKR
OI003536-02,O003536,P0118,2,1270,2540,PKR
OI003537-01,O003537,P0004,1,1410,1410,PKR
OI003537-02,O003537,P0029,1,895,895,PKR
OI003537-03,O003537,P0073,1,225,225,PKR
OI003537-04,O003537,P0105,1,1155,1155,PKR
OI003538-01,O003538,P0112,1,385,385,PKR
OI003538-02,O003538,P0002,1,265,265,PKR
OI003538-03,O003538,P0084,1,1260,1260,PKR
OI003538-04,O003538,P0058,1,1715,1715,PKR
OI003539-01,O003539,P0089,2,225,450,PKR
OI003540-01,O003540,P0101,2,185,370,PKR
OI003540-02,O003540,P0111,1,1265,1265,PKR
OI003540-03,O003540,P0104,1,1645,1645,PKR
OI003541-01,O003541,P0041,3,385,1155,PKR
OI003541-02,O003541,P0102,1,555,555,PKR
OI003542-01,O003542,P0100,2,855,1710,PKR
OI003543-01,O003543,P0030,1,220,220,PKR
OI003544-01,O003544,P0041,1,385,385,PKR
OI003545-01,O003545,P0003,3,1000,3000,PKR
OI003546-01,O003546,P0089,2,225,450,PKR
OI003546-02,O003546,P0027,1,1980,1980,PKR
OI003547-01,O003547,P0118,1,1270,1270,PKR
OI003547-02,O003547,P0043,1,1190,1190,PKR
OI003547-03,O003547,P0029,3,895,2685,PKR
OI003548-01,O003548,P0119,1,550,550,PKR
OI003548-02,O003548,P0111,1,1265,1265,PKR
OI003549-01,O003549,P0020,2,325,650,PKR
OI003550-01,O003550,P0052,1,250,250,PKR
OI003550-02,O003550,P0089,1,225,225,PKR
OI003551-01,O003551,P0028,1,1930,1930,PKR
OI003551-02,O003551,P0077,1,595,595,PKR
OI003552-01,O003552,P0106,2,1080,2160,PKR
OI003552-02,O003552,P0057,2,1425,2850,PKR
OI003552-03,O003552,P0117,1,720,720,PKR
OI003553-01,O003553,P0036,1,595,595,PKR
OI003553-02,O003553,P0020,1,325,325,PKR
OI003553-03,O003553,P0105,1,1155,1155,PKR
OI003554-01,O003554,P0076,1,1635,1635,PKR
OI003554-02,O003554,P0096,2,1660,3320,PKR
OI003554-03,O003554,P0007,2,425,850,PKR
OI003554-04,O003554,P0083,2,720,1440,PKR
OI003555-01,O003555,P0008,2,1530,3060,PKR
OI003555-02,O003555,P0064,2,1700,3400,PKR
OI003555-03,O003555,P0093,1,1805,1805,PKR
OI003555-04,O003555,P0003,2,1000,2000,PKR
OI003556-01,O003556,P0026,3,755,2265,PKR
OI003557-01,O003557,P0048,1,1495,1495,PKR
OI003557-02,O003557,P0101,1,185,185,PKR
OI003557-03,O003557,P0077,1,595,595,PKR
OI003557-04,O003557,P0079,3,850,2550,PKR
OI003558-01,O003558,P0050,1,810,810,PKR
OI003559-01,O003559,P0056,1,385,385,PKR
OI003559-02,O003559,P0042,1,1400,1400,PKR
OI003559-03,O003559,P0063,3,1685,5055,PKR
OI003559-04,O003559,P0072,2,1075,2150,PKR
OI003559-05,O003559,P0035,2,380,760,PKR
OI003560-01,O003560,P0080,1,2175,2175,PKR
OI003560-02,O003560,P0030,2,220,440,PKR
OI003561-01,O003561,P0033,1,1475,1475,PKR
OI003561-02,O003561,P0099,3,970,2910,PKR
OI003562-01,O003562,P0099,2,970,1940,PKR
OI003562-02,O003562,P0104,1,1645,1645,PKR
OI003563-01,O003563,P0079,2,850,1700,PKR
OI003563-02,O003563,P0076,1,1635,1635,PKR
OI003563-03,O003563,P0119,1,550,550,PKR
OI003564-01,O003564,P0074,1,600,600,PKR
OI003565-01,O003565,P0058,1,1715,1715,PKR
OI003565-02,O003565,P0118,2,1270,2540,PKR
OI003566-01,O003566,P0113,3,1250,3750,PKR
OI003566-02,O003566,P0086,1,850,850,PKR
OI003567-01,O003567,P0066,1,785,785,PKR
OI003567-02,O003567,P0028,1,1930,1930,PKR
OI003567-03,O003567,P0087,1,1090,1090,PKR
OI003567-04,O003567,P0111,1,1265,1265,PKR
OI003568-01,O003568,P0007,1,425,425,PKR
OI003568-02,O003568,P0026,1,755,755,PKR
OI003569-01,O003569,P0036,2,595,1190,PKR
OI003569-02,O003569,P0079,1,850,850,PKR
OI003570-01,O003570,P0116,1,815,815,PKR
OI003570-02,O003570,P0013,4,1805,7220,PKR
OI003571-01,O003571,P0062,2,1690,3380,PKR
OI003572-01,O003572,P0097,2,1730,3460,PKR
OI003572-02,O003572,P0087,1,1090,1090,PKR
OI003573-01,O003573,P0101,4,185,740,PKR
OI003573-02,O003573,P0073,2,225,450,PKR
OI003574-01,O003574,P0059,2,600,1200,PKR
OI003574-02,O003574,P0052,2,250,500,PKR
OI003574-03,O003574,P0022,2,1255,2510,PKR
OI003575-01,O003575,P0046,1,205,205,PKR
OI003575-02,O003575,P0007,2,425,850,PKR
OI003575-03,O003575,P0098,2,1885,3770,PKR
OI003575-04,O003575,P0051,3,200,600,PKR
OI003575-05,O003575,P0096,2,1660,3320,PKR
OI003576-01,O003576,P0058,1,1715,1715,PKR
OI003576-02,O003576,P0079,1,850,850,PKR
OI003577-01,O003577,P0091,3,490,1470,PKR
OI003578-01,O003578,P0041,2,385,770,PKR
OI003578-02,O003578,P0027,1,1980,1980,PKR
OI003578-03,O003578,P0061,1,275,275,PKR
OI003579-01,O003579,P0119,1,550,550,PKR
OI003580-01,O003580,P0086,1,850,850,PKR
OI003580-02,O003580,P0033,2,1475,2950,PKR
OI003580-03,O003580,P0058,2,1715,3430,PKR
OI003581-01,O003581,P0063,1,1685,1685,PKR
OI003582-01,O003582,P0086,1,850,850,PKR
OI003582-02,O003582,P0075,1,645,645,PKR
OI003582-03,O003582,P0004,1,1410,1410,PKR
OI003583-01,O003583,P0103,1,1075,1075,PKR
OI003584-01,O003584,P0013,3,1805,5415,PKR
OI003584-02,O003584,P0090,2,1680,3360,PKR
OI003584-03,O003584,P0078,1,385,385,PKR
OI003585-01,O003585,P0027,1,1980,1980,PKR
OI003586-01,O003586,P0026,2,755,1510,PKR
OI003586-02,O003586,P0074,1,600,600,PKR
OI003586-03,O003586,P0094,1,130,130,PKR
OI003587-01,O003587,P0012,2,155,310,PKR
OI003587-02,O003587,P0024,2,235,470,PKR
OI003587-03,O003587,P0030,1,220,220,PKR
OI003588-01,O003588,P0085,1,270,270,PKR
OI003589-01,O003589,P0069,3,530,1590,PKR
OI003590-01,O003590,P0001,1,660,660,PKR
OI003591-01,O003591,P0048,3,1495,4485,PKR
OI003591-02,O003591,P0065,1,840,840,PKR
OI003591-03,O003591,P0075,2,645,1290,PKR
OI003592-01,O003592,P0020,2,325,650,PKR
OI003592-02,O003592,P0025,1,290,290,PKR
OI003592-03,O003592,P0068,2,550,1100,PKR
OI003593-01,O003593,P0068,2,550,1100,PKR
OI003594-01,O003594,P0113,1,1250,1250,PKR
OI003594-02,O003594,P0071,1,850,850,PKR
OI003595-01,O003595,P0046,1,205,205,PKR
OI003596-01,O003596,P0054,1,620,620,PKR
OI003596-02,O003596,P0038,1,475,475,PKR
OI003596-03,O003596,P0040,3,1090,3270,PKR
OI003597-01,O003597,P0108,4,935,3740,PKR
OI003598-01,O003598,P0005,1,1405,1405,PKR
OI003598-02,O003598,P0043,4,1190,4760,PKR
OI003599-01,O003599,P0016,1,1700,1700,PKR
OI003599-02,O003599,P0075,1,645,645,PKR
OI003599-03,O003599,P0007,2,425,850,PKR
OI003600-01,O003600,P0055,2,1405,2810,PKR
OI003601-01,O003601,P0065,4,840,3360,PKR
OI003601-02,O003601,P0015,3,895,2685,PKR
OI003602-01,O003602,P0075,1,645,645,PKR
OI003602-02,O003602,P0090,2,1680,3360,PKR
OI003603-01,O003603,P0067,2,1215,2430,PKR
OI003604-01,O003604,P0002,3,265,795,PKR
OI003604-02,O003604,P0034,1,140,140,PKR
OI003605-01,O003605,P0082,3,1025,3075,PKR
OI003605-02,O003605,P0108,2,935,1870,PKR
OI003605-03,O003605,P0077,2,595,1190,PKR
OI003605-04,O003605,P0066,1,785,785,PKR
OI003605-05,O003605,P0043,1,1190,1190,PKR
OI003606-01,O003606,P0035,1,380,380,PKR
OI003607-01,O003607,P0087,2,1090,2180,PKR
OI003607-02,O003607,P0117,2,720,1440,PKR
OI003607-03,O003607,P0095,2,890,1780,PKR
OI003607-04,O003607,P0001,1,660,660,PKR
OI003608-01,O003608,P0048,2,1495,2990,PKR
OI003608-02,O003608,P0077,1,595,595,PKR
OI003609-01,O003609,P0083,1,720,720,PKR
OI003609-02,O003609,P0042,1,1400,1400,PKR
OI003609-03,O003609,P0095,2,890,1780,PKR
OI003610-01,O003610,P0002,1,265,265,PKR
OI003611-01,O003611,P0005,4,1405,5620,PKR
OI003611-02,O003611,P0092,1,955,955,PKR
OI003611-03,O003611,P0117,1,720,720,PKR
OI003611-04,O003611,P0002,3,265,795,PKR
OI003612-01,O003612,P0087,1,1090,1090,PKR
OI003613-01,O003613,P0073,2,225,450,PKR
OI003614-01,O003614,P0036,1,595,595,PKR
OI003615-01,O003615,P0024,1,235,235,PKR
OI003615-02,O003615,P0010,1,375,375,PKR
OI003616-01,O003616,P0109,1,260,260,PKR
OI003616-02,O003616,P0054,1,620,620,PKR
OI003616-03,O003616,P0106,1,1080,1080,PKR
OI003617-01,O003617,P0073,1,225,225,PKR
OI003617-02,O003617,P0077,1,595,595,PKR
OI003618-01,O003618,P0117,1,720,720,PKR
OI003618-02,O003618,P0033,1,1475,1475,PKR
OI003619-01,O003619,P0109,4,260,1040,PKR
OI003619-02,O003619,P0069,1,530,530,PKR
OI003619-03,O003619,P0042,1,1400,1400,PKR
OI003620-01,O003620,P0100,1,855,855,PKR
OI003620-02,O003620,P0018,1,1305,1305,PKR
OI003620-03,O003620,P0026,2,755,1510,PKR
OI003621-01,O003621,P0024,2,235,470,PKR
OI003621-02,O003621,P0087,1,1090,1090,PKR
OI003621-03,O003621,P0036,1,595,595,PKR
OI003622-01,O003622,P0073,3,225,675,PKR
OI003622-02,O003622,P0027,2,1980,3960,PKR
OI003622-03,O003622,P0062,2,1690,3380,PKR
OI003623-01,O003623,P0088,3,780,2340,PKR
OI003623-02,O003623,P0019,1,1470,1470,PKR
OI003624-01,O003624,P0082,4,1025,4100,PKR
OI003624-02,O003624,P0101,1,185,185,PKR
OI003624-03,O003624,P0110,2,545,1090,PKR
OI003625-01,O003625,P0046,1,205,205,PKR
OI003625-02,O003625,P0024,2,235,470,PKR
OI003625-03,O003625,P0040,1,1090,1090,PKR
OI003626-01,O003626,P0061,4,275,1100,PKR
OI003626-02,O003626,P0094,1,130,130,PKR
OI003626-03,O003626,P0105,1,1155,1155,PKR
OI003627-01,O003627,P0008,1,1530,1530,PKR
OI003627-02,O003627,P0051,1,200,200,PKR
OI003628-01,O003628,P0009,1,985,985,PKR
OI003628-02,O003628,P0003,1,1000,1000,PKR
OI003629-01,O003629,P0002,3,265,795,PKR
OI003629-02,O003629,P0067,1,1215,1215,PKR
OI003629-03,O003629,P0003,2,1000,2000,PKR
OI003630-01,O003630,P0049,1,215,215,PKR
OI003630-02,O003630,P0078,1,385,385,PKR
OI003631-01,O003631,P0041,1,385,385,PKR
OI003631-02,O003631,P0050,1,810,810,PKR
OI003632-01,O003632,P0032,1,585,585,PKR
OI003632-02,O003632,P0099,1,970,970,PKR
OI003633-01,O003633,P0006,1,750,750,PKR
OI003634-01,O003634,P0009,2,985,1970,PKR
OI003634-02,O003634,P0089,1,225,225,PKR
OI003634-03,O003634,P0007,2,425,850,PKR
OI003634-04,O003634,P0041,1,385,385,PKR
OI003634-05,O003634,P0022,1,1255,1255,PKR
OI003635-01,O003635,P0112,3,385,1155,PKR
OI003635-02,O003635,P0118,1,1270,1270,PKR
OI003636-01,O003636,P0053,3,2210,6630,PKR
OI003637-01,O003637,P0033,2,1475,2950,PKR
OI003637-02,O003637,P0050,4,810,3240,PKR
OI003637-03,O003637,P0106,1,1080,1080,PKR
OI003637-04,O003637,P0048,1,1495,1495,PKR
OI003637-05,O003637,P0085,1,270,270,PKR
OI003638-01,O003638,P0059,3,600,1800,PKR
OI003639-01,O003639,P0067,1,1215,1215,PKR
OI003639-02,O003639,P0059,3,600,1800,PKR
OI003640-01,O003640,P0084,1,1260,1260,PKR
OI003640-02,O003640,P0011,1,1805,1805,PKR
OI003640-03,O003640,P0002,1,265,265,PKR
OI003641-01,O003641,P0016,3,1700,5100,PKR
OI003641-02,O003641,P0057,1,1425,1425,PKR
OI003642-01,O003642,P0030,1,220,220,PKR
OI003643-01,O003643,P0099,1,970,970,PKR
OI003643-02,O003643,P0038,1,475,475,PKR
OI003643-03,O003643,P0075,2,645,1290,PKR
OI003644-01,O003644,P0067,2,1215,2430,PKR
OI003644-02,O003644,P0014,4,1895,7580,PKR
OI003645-01,O003645,P0012,1,155,155,PKR
OI003646-01,O003646,P0047,2,1540,3080,PKR
OI003647-01,O003647,P0116,1,815,815,PKR
OI003647-02,O003647,P0112,1,385,385,PKR
OI003647-03,O003647,P0095,1,890,890,PKR
OI003647-04,O003647,P0090,1,1680,1680,PKR
OI003648-01,O003648,P0011,2,1805,3610,PKR
OI003648-02,O003648,P0015,2,895,1790,PKR
OI003648-03,O003648,P0081,1,1110,1110,PKR
OI003648-04,O003648,P0005,1,1405,1405,PKR
OI003649-01,O003649,P0040,2,1090,2180,PKR
OI003650-01,O003650,P0021,1,1595,1595,PKR
OI003650-02,O003650,P0014,1,1895,1895,PKR
OI003651-01,O003651,P0052,2,250,500,PKR
OI003651-02,O003651,P0022,1,1255,1255,PKR
OI003652-01,O003652,P0107,1,1020,1020,PKR
OI003653-01,O003653,P0093,1,1805,1805,PKR
OI003653-02,O003653,P0061,1,275,275,PKR
OI003654-01,O003654,P0094,1,130,130,PKR
OI003654-02,O003654,P0082,3,1025,3075,PKR
OI003654-03,O003654,P0118,3,1270,3810,PKR
OI003654-04,O003654,P0013,2,1805,3610,PKR
OI003654-05,O003654,P0107,1,1020,1020,PKR
OI003655-01,O003655,P0036,3,595,1785,PKR
OI003655-02,O003655,P0096,1,1660,1660,PKR
OI003655-03,O003655,P0027,1,1980,1980,PKR
OI003655-04,O003655,P0017,1,1755,1755,PKR
OI003656-01,O003656,P0065,1,840,840,PKR
OI003656-02,O003656,P0023,1,1745,1745,PKR
OI003657-01,O003657,P0094,2,130,260,PKR
OI003657-02,O003657,P0007,1,425,425,PKR
OI003658-01,O003658,P0075,1,645,645,PKR
OI003658-02,O003658,P0023,1,1745,1745,PKR
OI003659-01,O003659,P0115,1,1790,1790,PKR
OI003660-01,O003660,P0087,1,1090,1090,PKR
OI003660-02,O003660,P0117,1,720,720,PKR
OI003661-01,O003661,P0095,2,890,1780,PKR
OI003661-02,O003661,P0016,3,1700,5100,PKR
OI003662-01,O003662,P0026,1,755,755,PKR
OI003662-02,O003662,P0042,1,1400,1400,PKR
OI003662-03,O003662,P0057,1,1425,1425,PKR
OI003662-04,O003662,P0073,1,225,225,PKR
OI003662-05,O003662,P0089,2,225,450,PKR
OI003663-01,O003663,P0053,1,2210,2210,PKR
OI003663-02,O003663,P0091,1,490,490,PKR
OI003663-03,O003663,P0085,2,270,540,PKR
OI003663-04,O003663,P0034,2,140,280,PKR
OI003664-01,O003664,P0116,2,815,1630,PKR
OI003665-01,O003665,P0086,2,850,1700,PKR
OI003666-01,O003666,P0120,2,760,1520,PKR
OI003666-02,O003666,P0007,1,425,425,PKR
OI003667-01,O003667,P0087,1,1090,1090,PKR
OI003667-02,O003667,P0043,1,1190,1190,PKR
OI003667-03,O003667,P0118,2,1270,2540,PKR
OI003667-04,O003667,P0011,2,1805,3610,PKR
OI003667-05,O003667,P0097,4,1730,6920,PKR
OI003668-01,O003668,P0070,2,1560,3120,PKR
OI003668-02,O003668,P0078,1,385,385,PKR
OI003669-01,O003669,P0060,1,230,230,PKR
OI003669-02,O003669,P0024,2,235,470,PKR
OI003669-03,O003669,P0055,1,1405,1405,PKR
OI003670-01,O003670,P0036,2,595,1190,PKR
OI003670-02,O003670,P0098,1,1885,1885,PKR
OI003670-03,O003670,P0066,1,785,785,PKR
OI003670-04,O003670,P0114,1,1530,1530,PKR
OI003670-05,O003670,P0108,2,935,1870,PKR
OI003671-01,O003671,P0027,1,1980,1980,PKR
OI003671-02,O003671,P0055,1,1405,1405,PKR
OI003672-01,O003672,P0080,1,2175,2175,PKR
OI003672-02,O003672,P0030,1,220,220,PKR
OI003672-03,O003672,P0066,2,785,1570,PKR
OI003672-04,O003672,P0081,4,1110,4440,PKR
OI003673-01,O003673,P0082,1,1025,1025,PKR
OI003673-02,O003673,P0067,1,1215,1215,PKR
OI003674-01,O003674,P0101,2,185,370,PKR
OI003674-02,O003674,P0075,1,645,645,PKR
OI003674-03,O003674,P0023,1,1745,1745,PKR
OI003674-04,O003674,P0029,1,895,895,PKR
OI003675-01,O003675,P0103,1,1075,1075,PKR
OI003675-02,O003675,P0107,1,1020,1020,PKR
OI003675-03,O003675,P0067,2,1215,2430,PKR
OI003676-01,O003676,P0083,1,720,720,PKR
OI003677-01,O003677,P0005,1,1405,1405,PKR
OI003677-02,O003677,P0118,2,1270,2540,PKR
OI003678-01,O003678,P0015,1,895,895,PKR
OI003678-02,O003678,P0092,2,955,1910,PKR
OI003679-01,O003679,P0110,1,545,545,PKR
OI003679-02,O003679,P0052,1,250,250,PKR
OI003680-01,O003680,P0070,1,1560,1560,PKR
OI003680-02,O003680,P0037,2,180,360,PKR
OI003681-01,O003681,P0104,2,1645,3290,PKR
OI003681-02,O003681,P0026,2,755,1510,PKR
OI003681-03,O003681,P0008,1,1530,1530,PKR
OI003681-04,O003681,P0113,2,1250,2500,PKR
OI003682-01,O003682,P0071,1,850,850,PKR
OI003683-01,O003683,P0091,2,490,980,PKR
OI003684-01,O003684,P0070,2,1560,3120,PKR
OI003684-02,O003684,P0023,1,1745,1745,PKR
OI003684-03,O003684,P0041,1,385,385,PKR
OI003685-01,O003685,P0027,2,1980,3960,PKR
OI003685-02,O003685,P0021,1,1595,1595,PKR
OI003686-01,O003686,P0026,1,755,755,PKR
OI003686-02,O003686,P0018,1,1305,1305,PKR
OI003687-01,O003687,P0019,2,1470,2940,PKR
OI003688-01,O003688,P0042,1,1400,1400,PKR
OI003688-02,O003688,P0100,2,855,1710,PKR
OI003689-01,O003689,P0076,1,1635,1635,PKR
OI003689-02,O003689,P0035,1,380,380,PKR
OI003690-01,O003690,P0100,1,855,855,PKR
OI003690-02,O003690,P0056,1,385,385,PKR
OI003690-03,O003690,P0067,1,1215,1215,PKR
OI003691-01,O003691,P0038,1,475,475,PKR
OI003691-02,O003691,P0033,1,1475,1475,PKR
OI003691-03,O003691,P0025,3,290,870,PKR
OI003692-01,O003692,P0090,1,1680,1680,PKR
OI003692-02,O003692,P0005,1,1405,1405,PKR
OI003692-03,O003692,P0081,1,1110,1110,PKR
OI003692-04,O003692,P0058,3,1715,5145,PKR
OI003692-05,O003692,P0097,1,1730,1730,PKR
OI003693-01,O003693,P0085,1,270,270,PKR
OI003693-02,O003693,P0003,2,1000,2000,PKR
OI003693-03,O003693,P0032,1,585,585,PKR
OI003693-04,O003693,P0107,1,1020,1020,PKR
OI003694-01,O003694,P0050,1,810,810,PKR
OI003694-02,O003694,P0114,2,1530,3060,PKR
OI003694-03,O003694,P0058,1,1715,1715,PKR
OI003694-04,O003694,P0064,1,1700,1700,PKR
OI003694-05,O003694,P0120,2,760,1520,PKR
OI003695-01,O003695,P0048,1,1495,1495,PKR
OI003695-02,O003695,P0119,1,550,550,PKR
OI003695-03,O003695,P0042,1,1400,1400,PKR
OI003695-04,O003695,P0110,1,545,545,PKR
OI003696-01,O003696,P0017,1,1755,1755,PKR
OI003696-02,O003696,P0103,2,1075,2150,PKR
OI003696-03,O003696,P0107,1,1020,1020,PKR
OI003696-04,O003696,P0063,1,1685,1685,PKR
OI003697-01,O003697,P0044,1,1840,1840,PKR
OI003697-02,O003697,P0091,1,490,490,PKR
OI003697-03,O003697,P0100,1,855,855,PKR
OI003698-01,O003698,P0106,2,1080,2160,PKR
OI003698-02,O003698,P0082,1,1025,1025,PKR
OI003698-03,O003698,P0022,2,1255,2510,PKR
OI003698-04,O003698,P0092,3,955,2865,PKR
OI003699-01,O003699,P0044,1,1840,1840,PKR
OI003699-02,O003699,P0090,2,1680,3360,PKR
OI003700-01,O003700,P0088,3,780,2340,PKR
OI003700-02,O003700,P0093,2,1805,3610,PKR
OI003700-03,O003700,P0016,1,1700,1700,PKR
OI003700-04,O003700,P0114,1,1530,1530,PKR
OI003701-01,O003701,P0052,1,250,250,PKR
OI003701-02,O003701,P0102,1,555,555,PKR
OI003702-01,O003702,P0113,2,1250,2500,PKR
OI003702-02,O003702,P0092,1,955,955,PKR
OI003702-03,O003702,P0021,2,1595,3190,PKR
OI003702-04,O003702,P0027,1,1980,1980,PKR
OI003703-01,O003703,P0100,1,855,855,PKR
OI003703-02,O003703,P0063,1,1685,1685,PKR
OI003704-01,O003704,P0022,1,1255,1255,PKR
OI003704-02,O003704,P0016,2,1700,3400,PKR
OI003704-03,O003704,P0040,2,1090,2180,PKR
OI003705-01,O003705,P0099,2,970,1940,PKR
OI003705-02,O003705,P0053,1,2210,2210,PKR
OI003705-03,O003705,P0088,1,780,780,PKR
OI003706-01,O003706,P0117,1,720,720,PKR
OI003707-01,O003707,P0032,1,585,585,PKR
OI003707-02,O003707,P0113,1,1250,1250,PKR
OI003707-03,O003707,P0119,1,550,550,PKR
OI003707-04,O003707,P0028,1,1930,1930,PKR
OI003708-01,O003708,P0091,2,490,980,PKR
OI003708-02,O003708,P0019,3,1470,4410,PKR
OI003708-03,O003708,P0075,1,645,645,PKR
OI003708-04,O003708,P0108,1,935,935,PKR
OI003708-05,O003708,P0013,1,1805,1805,PKR
OI003709-01,O003709,P0050,2,810,1620,PKR
OI003709-02,O003709,P0039,1,920,920,PKR
OI003709-03,O003709,P0037,3,180,540,PKR
OI003709-04,O003709,P0094,1,130,130,PKR
OI003710-01,O003710,P0018,1,1305,1305,PKR
OI003710-02,O003710,P0079,1,850,850,PKR
OI003711-01,O003711,P0075,1,645,645,PKR
OI003711-02,O003711,P0018,1,1305,1305,PKR
OI003711-03,O003711,P0001,3,660,1980,PKR
OI003712-01,O003712,P0005,1,1405,1405,PKR
OI003712-02,O003712,P0004,1,1410,1410,PKR
OI003713-01,O003713,P0072,2,1075,2150,PKR
OI003714-01,O003714,P0090,1,1680,1680,PKR
OI003714-02,O003714,P0107,2,1020,2040,PKR
OI003715-01,O003715,P0098,2,1885,3770,PKR
OI003715-02,O003715,P0109,2,260,520,PKR
OI003715-03,O003715,P0110,2,545,1090,PKR
OI003715-04,O003715,P0097,2,1730,3460,PKR
OI003715-05,O003715,P0091,1,490,490,PKR
OI003716-01,O003716,P0070,1,1560,1560,PKR
OI003717-01,O003717,P0056,1,385,385,PKR
OI003717-02,O003717,P0076,2,1635,3270,PKR
OI003717-03,O003717,P0063,1,1685,1685,PKR
OI003717-04,O003717,P0017,2,1755,3510,PKR
OI003718-01,O003718,P0070,1,1560,1560,PKR
OI003718-02,O003718,P0113,2,1250,2500,PKR
OI003718-03,O003718,P0012,1,155,155,PKR
OI003718-04,O003718,P0076,2,1635,3270,PKR
OI003719-01,O003719,P0006,1,750,750,PKR
OI003719-02,O003719,P0014,3,1895,5685,PKR
OI003720-01,O003720,P0009,1,985,985,PKR
OI003720-02,O003720,P0069,3,530,1590,PKR
OI003720-03,O003720,P0062,2,1690,3380,PKR
OI003721-01,O003721,P0014,2,1895,3790,PKR
OI003722-01,O003722,P0072,1,1075,1075,PKR
OI003722-02,O003722,P0007,1,425,425,PKR
OI003723-01,O003723,P0023,3,1745,5235,PKR
OI003724-01,O003724,P0049,1,215,215,PKR
OI003724-02,O003724,P0103,1,1075,1075,PKR
OI003724-03,O003724,P0067,1,1215,1215,PKR
OI003725-01,O003725,P0088,1,780,780,PKR
OI003725-02,O003725,P0015,3,895,2685,PKR
OI003725-03,O003725,P0111,1,1265,1265,PKR
OI003726-01,O003726,P0118,1,1270,1270,PKR
OI003726-02,O003726,P0082,2,1025,2050,PKR
OI003727-01,O003727,P0012,2,155,310,PKR
OI003727-02,O003727,P0050,2,810,1620,PKR
OI003728-01,O003728,P0037,3,180,540,PKR
OI003728-02,O003728,P0108,1,935,935,PKR
OI003728-03,O003728,P0102,1,555,555,PKR
OI003729-01,O003729,P0019,1,1470,1470,PKR
OI003730-01,O003730,P0085,1,270,270,PKR
OI003731-01,O003731,P0061,2,275,550,PKR
OI003731-02,O003731,P0092,3,955,2865,PKR
OI003731-03,O003731,P0017,1,1755,1755,PKR
OI003731-04,O003731,P0086,1,850,850,PKR
OI003732-01,O003732,P0021,1,1595,1595,PKR
OI003732-02,O003732,P0062,1,1690,1690,PKR
OI003733-01,O003733,P0072,1,1075,1075,PKR
OI003733-02,O003733,P0078,1,385,385,PKR
OI003734-01,O003734,P0035,1,380,380,PKR
OI003734-02,O003734,P0029,1,895,895,PKR
OI003735-01,O003735,P0113,1,1250,1250,PKR
OI003735-02,O003735,P0104,1,1645,1645,PKR
OI003735-03,O003735,P0065,3,840,2520,PKR
OI003736-01,O003736,P0092,2,955,1910,PKR
OI003736-02,O003736,P0008,2,1530,3060,PKR
OI003736-03,O003736,P0112,2,385,770,PKR
OI003737-01,O003737,P0022,1,1255,1255,PKR
OI003737-02,O003737,P0083,3,720,2160,PKR
OI003737-03,O003737,P0009,1,985,985,PKR
OI003738-01,O003738,P0006,2,750,1500,PKR
OI003738-02,O003738,P0115,4,1790,7160,PKR
OI003739-01,O003739,P0108,1,935,935,PKR
OI003739-02,O003739,P0113,1,1250,1250,PKR
OI003739-03,O003739,P0028,1,1930,1930,PKR
OI003740-01,O003740,P0109,1,260,260,PKR
OI003740-02,O003740,P0008,1,1530,1530,PKR
OI003741-01,O003741,P0048,2,1495,2990,PKR
OI003741-02,O003741,P0010,1,375,375,PKR
OI003742-01,O003742,P0085,1,270,270,PKR
OI003742-02,O003742,P0058,1,1715,1715,PKR
OI003742-03,O003742,P0001,1,660,660,PKR
OI003743-01,O003743,P0097,1,1730,1730,PKR
OI003744-01,O003744,P0099,2,970,1940,PKR
OI003745-01,O003745,P0104,1,1645,1645,PKR
OI003745-02,O003745,P0111,1,1265,1265,PKR
OI003746-01,O003746,P0001,1,660,660,PKR
OI003746-02,O003746,P0029,1,895,895,PKR
OI003746-03,O003746,P0047,1,1540,1540,PKR
OI003747-01,O003747,P0088,2,780,1560,PKR
OI003748-01,O003748,P0057,3,1425,4275,PKR
OI003748-02,O003748,P0093,1,1805,1805,PKR
OI003748-03,O003748,P0109,1,260,260,PKR
OI003749-01,O003749,P0039,1,920,920,PKR
OI003749-02,O003749,P0111,1,1265,1265,PKR
OI003749-03,O003749,P0012,1,155,155,PKR
OI003749-04,O003749,P0108,1,935,935,PKR
OI003750-01,O003750,P0040,1,1090,1090,PKR
OI003750-02,O003750,P0103,2,1075,2150,PKR
OI003750-03,O003750,P0105,1,1155,1155,PKR
OI003751-01,O003751,P0091,1,490,490,PKR
OI003751-02,O003751,P0022,2,1255,2510,PKR
OI003752-01,O003752,P0040,1,1090,1090,PKR
OI003752-02,O003752,P0004,2,1410,2820,PKR
OI003753-01,O003753,P0010,1,375,375,PKR
OI003754-01,O003754,P0039,2,920,1840,PKR
OI003754-02,O003754,P0083,1,720,720,PKR
OI003755-01,O003755,P0079,1,850,850,PKR
OI003756-01,O003756,P0103,2,1075,2150,PKR
OI003756-02,O003756,P0109,3,260,780,PKR
OI003757-01,O003757,P0059,1,600,600,PKR
OI003757-02,O003757,P0076,1,1635,1635,PKR
OI003757-03,O003757,P0035,1,380,380,PKR
OI003757-04,O003757,P0085,2,270,540,PKR
OI003758-01,O003758,P0037,1,180,180,PKR
OI003758-02,O003758,P0062,1,1690,1690,PKR
OI003758-03,O003758,P0055,1,1405,1405,PKR
OI003758-04,O003758,P0107,1,1020,1020,PKR
OI003758-05,O003758,P0110,1,545,545,PKR
OI003759-01,O003759,P0096,1,1660,1660,PKR
OI003759-02,O003759,P0060,1,230,230,PKR
OI003760-01,O003760,P0107,2,1020,2040,PKR
OI003760-02,O003760,P0022,1,1255,1255,PKR
OI003761-01,O003761,P0103,1,1075,1075,PKR
OI003761-02,O003761,P0106,1,1080,1080,PKR
OI003762-01,O003762,P0055,2,1405,2810,PKR
OI003762-02,O003762,P0048,3,1495,4485,PKR
OI003763-01,O003763,P0001,1,660,660,PKR
OI003763-02,O003763,P0120,3,760,2280,PKR
OI003764-01,O003764,P0023,1,1745,1745,PKR
OI003765-01,O003765,P0107,2,1020,2040,PKR
OI003765-02,O003765,P0093,1,1805,1805,PKR
OI003765-03,O003765,P0091,3,490,1470,PKR
OI003766-01,O003766,P0052,1,250,250,PKR
OI003766-02,O003766,P0118,3,1270,3810,PKR
OI003766-03,O003766,P0096,3,1660,4980,PKR
OI003766-04,O003766,P0108,1,935,935,PKR
OI003766-05,O003766,P0084,3,1260,3780,PKR
OI003767-01,O003767,P0027,1,1980,1980,PKR
OI003768-01,O003768,P0118,2,1270,2540,PKR
OI003769-01,O003769,P0011,2,1805,3610,PKR
OI003770-01,O003770,P0116,1,815,815,PKR
OI003770-02,O003770,P0051,1,200,200,PKR
OI003771-01,O003771,P0067,1,1215,1215,PKR
OI003771-02,O003771,P0029,1,895,895,PKR
OI003772-01,O003772,P0011,2,1805,3610,PKR
OI003772-02,O003772,P0064,3,1700,5100,PKR
OI003772-03,O003772,P0042,1,1400,1400,PKR
OI003773-01,O003773,P0044,1,1840,1840,PKR
OI003773-02,O003773,P0104,3,1645,4935,PKR
OI003773-03,O003773,P0047,2,1540,3080,PKR
OI003774-01,O003774,P0067,1,1215,1215,PKR
OI003774-02,O003774,P0055,1,1405,1405,PKR
OI003774-03,O003774,P0092,2,955,1910,PKR
OI003774-04,O003774,P0042,1,1400,1400,PKR
OI003774-05,O003774,P0084,1,1260,1260,PKR
OI003775-01,O003775,P0094,1,130,130,PKR
OI003776-01,O003776,P0098,1,1885,1885,PKR
OI003776-02,O003776,P0035,1,380,380,PKR
OI003776-03,O003776,P0031,1,730,730,PKR
OI003777-01,O003777,P0025,1,290,290,PKR
OI003777-02,O003777,P0101,2,185,370,PKR
OI003777-03,O003777,P0093,1,1805,1805,PKR
OI003777-04,O003777,P0002,2,265,530,PKR
OI003778-01,O003778,P0088,3,780,2340,PKR
OI003778-02,O003778,P0074,1,600,600,PKR
OI003779-01,O003779,P0116,2,815,1630,PKR
OI003779-02,O003779,P0086,1,850,850,PKR
OI003779-03,O003779,P0035,2,380,760,PKR
OI003780-01,O003780,P0058,1,1715,1715,PKR
OI003781-01,O003781,P0034,2,140,280,PKR
OI003781-02,O003781,P0069,1,530,530,PKR
OI003781-03,O003781,P0037,2,180,360,PKR
OI003782-01,O003782,P0015,1,895,895,PKR
OI003782-02,O003782,P0110,1,545,545,PKR
OI003782-03,O003782,P0050,1,810,810,PKR
OI003782-04,O003782,P0088,1,780,780,PKR
OI003783-01,O003783,P0057,1,1425,1425,PKR
OI003783-02,O003783,P0088,1,780,780,PKR
OI003783-03,O003783,P0007,3,425,1275,PKR
OI003783-04,O003783,P0043,1,1190,1190,PKR
OI003784-01,O003784,P0046,2,205,410,PKR
OI003785-01,O003785,P0098,1,1885,1885,PKR
OI003786-01,O003786,P0088,2,780,1560,PKR
OI003786-02,O003786,P0074,1,600,600,PKR
OI003786-03,O003786,P0014,1,1895,1895,PKR
OI003786-04,O003786,P0098,2,1885,3770,PKR
OI003787-01,O003787,P0005,2,1405,2810,PKR
OI003787-02,O003787,P0066,1,785,785,PKR
OI003787-03,O003787,P0101,1,185,185,PKR
OI003787-04,O003787,P0041,1,385,385,PKR
OI003788-01,O003788,P0072,1,1075,1075,PKR
OI003788-02,O003788,P0051,2,200,400,PKR
OI003789-01,O003789,P0016,1,1700,1700,PKR
OI003790-01,O003790,P0111,1,1265,1265,PKR
OI003790-02,O003790,P0080,1,2175,2175,PKR
OI003791-01,O003791,P0020,2,325,650,PKR
OI003791-02,O003791,P0037,2,180,360,PKR
OI003791-03,O003791,P0082,4,1025,4100,PKR
OI003792-01,O003792,P0032,1,585,585,PKR
OI003792-02,O003792,P0063,2,1685,3370,PKR
OI003792-03,O003792,P0112,1,385,385,PKR
OI003792-04,O003792,P0052,1,250,250,PKR
OI003793-01,O003793,P0048,2,1495,2990,PKR
OI003793-02,O003793,P0076,1,1635,1635,PKR
OI003794-01,O003794,P0029,2,895,1790,PKR
OI003795-01,O003795,P0052,1,250,250,PKR
OI003795-02,O003795,P0102,2,555,1110,PKR
OI003795-03,O003795,P0054,1,620,620,PKR
OI003796-01,O003796,P0042,1,1400,1400,PKR
OI003796-02,O003796,P0075,1,645,645,PKR
OI003796-03,O003796,P0088,2,780,1560,PKR
OI003796-04,O003796,P0030,1,220,220,PKR
OI003797-01,O003797,P0084,1,1260,1260,PKR
OI003797-02,O003797,P0054,1,620,620,PKR
OI003797-03,O003797,P0083,3,720,2160,PKR
OI003798-01,O003798,P0027,1,1980,1980,PKR
OI003798-02,O003798,P0077,1,595,595,PKR
OI003799-01,O003799,P0024,1,235,235,PKR
OI003799-02,O003799,P0021,1,1595,1595,PKR
OI003800-01,O003800,P0120,1,760,760,PKR
OI003801-01,O003801,P0022,1,1255,1255,PKR
OI003801-02,O003801,P0084,1,1260,1260,PKR
OI003801-03,O003801,P0054,2,620,1240,PKR
OI003802-01,O003802,P0019,1,1470,1470,PKR
OI003802-02,O003802,P0053,1,2210,2210,PKR
OI003802-03,O003802,P0063,2,1685,3370,PKR
OI003802-04,O003802,P0107,2,1020,2040,PKR
OI003803-01,O003803,P0055,1,1405,1405,PKR
OI003803-02,O003803,P0035,1,380,380,PKR
OI003803-03,O003803,P0033,1,1475,1475,PKR
OI003804-01,O003804,P0032,1,585,585,PKR
OI003804-02,O003804,P0102,2,555,1110,PKR
OI003804-03,O003804,P0101,1,185,185,PKR
OI003805-01,O003805,P0009,2,985,1970,PKR
OI003805-02,O003805,P0094,1,130,130,PKR
OI003806-01,O003806,P0032,2,585,1170,PKR
OI003807-01,O003807,P0061,3,275,825,PKR
OI003807-02,O003807,P0088,1,780,780,PKR
OI003808-01,O003808,P0045,1,910,910,PKR
OI003808-02,O003808,P0084,1,1260,1260,PKR
OI003809-01,O003809,P0116,1,815,815,PKR
OI003809-02,O003809,P0082,2,1025,2050,PKR
OI003810-01,O003810,P0030,2,220,440,PKR
OI003811-01,O003811,P0085,2,270,540,PKR
OI003812-01,O003812,P0034,1,140,140,PKR
OI003812-02,O003812,P0017,1,1755,1755,PKR
OI003812-03,O003812,P0026,1,755,755,PKR
OI003812-04,O003812,P0003,2,1000,2000,PKR
OI003813-01,O003813,P0004,1,1410,1410,PKR
OI003813-02,O003813,P0027,1,1980,1980,PKR
OI003813-03,O003813,P0049,1,215,215,PKR
OI003814-01,O003814,P0114,1,1530,1530,PKR
OI003814-02,O003814,P0060,1,230,230,PKR
OI003815-01,O003815,P0071,1,850,850,PKR
OI003815-02,O003815,P0036,1,595,595,PKR
OI003815-03,O003815,P0066,1,785,785,PKR
OI003815-04,O003815,P0005,1,1405,1405,PKR
OI003815-05,O003815,P0118,2,1270,2540,PKR
OI003816-01,O003816,P0112,1,385,385,PKR
OI003816-02,O003816,P0042,1,1400,1400,PKR
OI003816-03,O003816,P0045,2,910,1820,PKR
OI003817-01,O003817,P0059,1,600,600,PKR
OI003817-02,O003817,P0111,1,1265,1265,PKR
OI003818-01,O003818,P0111,2,1265,2530,PKR
OI003818-02,O003818,P0027,2,1980,3960,PKR
OI003818-03,O003818,P0057,2,1425,2850,PKR
OI003818-04,O003818,P0017,3,1755,5265,PKR
OI003818-05,O003818,P0012,1,155,155,PKR
OI003819-01,O003819,P0025,3,290,870,PKR
OI003819-02,O003819,P0049,1,215,215,PKR
OI003819-03,O003819,P0089,1,225,225,PKR
OI003820-01,O003820,P0045,1,910,910,PKR
OI003820-02,O003820,P0035,1,380,380,PKR
OI003820-03,O003820,P0059,1,600,600,PKR
OI003820-04,O003820,P0101,1,185,185,PKR
OI003821-01,O003821,P0049,4,215,860,PKR
OI003821-02,O003821,P0088,1,780,780,PKR
OI003821-03,O003821,P0067,1,1215,1215,PKR
OI003822-01,O003822,P0023,2,1745,3490,PKR
OI003822-02,O003822,P0040,3,1090,3270,PKR
OI003823-01,O003823,P0032,1,585,585,PKR
OI003823-02,O003823,P0079,2,850,1700,PKR
OI003824-01,O003824,P0001,1,660,660,PKR
OI003824-02,O003824,P0034,2,140,280,PKR
OI003825-01,O003825,P0025,1,290,290,PKR
OI003826-01,O003826,P0063,1,1685,1685,PKR
OI003826-02,O003826,P0065,1,840,840,PKR
OI003826-03,O003826,P0066,1,785,785,PKR
OI003827-01,O003827,P0089,3,225,675,PKR
OI003827-02,O003827,P0028,3,1930,5790,PKR
OI003827-03,O003827,P0119,2,550,1100,PKR
OI003828-01,O003828,P0028,1,1930,1930,PKR
OI003828-02,O003828,P0056,1,385,385,PKR
OI003828-03,O003828,P0024,1,235,235,PKR
OI003828-04,O003828,P0099,1,970,970,PKR
OI003829-01,O003829,P0002,1,265,265,PKR
OI003829-02,O003829,P0074,1,600,600,PKR
OI003829-03,O003829,P0047,1,1540,1540,PKR
OI003830-01,O003830,P0004,1,1410,1410,PKR
OI003830-02,O003830,P0109,1,260,260,PKR
OI003831-01,O003831,P0061,1,275,275,PKR
OI003831-02,O003831,P0095,1,890,890,PKR
OI003831-03,O003831,P0052,1,250,250,PKR
OI003832-01,O003832,P0101,1,185,185,PKR
OI003832-02,O003832,P0093,2,1805,3610,PKR
OI003832-03,O003832,P0034,2,140,280,PKR
OI003832-04,O003832,P0069,3,530,1590,PKR
OI003832-05,O003832,P0044,2,1840,3680,PKR
OI003833-01,O003833,P0065,2,840,1680,PKR
OI003833-02,O003833,P0026,1,755,755,PKR
OI003833-03,O003833,P0079,2,850,1700,PKR
OI003834-01,O003834,P0045,1,910,910,PKR
OI003835-01,O003835,P0032,1,585,585,PKR
OI003835-02,O003835,P0013,1,1805,1805,PKR
OI003836-01,O003836,P0083,1,720,720,PKR
OI003837-01,O003837,P0053,3,2210,6630,PKR
OI003837-02,O003837,P0108,1,935,935,PKR
OI003837-03,O003837,P0055,1,1405,1405,PKR
OI003838-01,O003838,P0036,1,595,595,PKR
OI003838-02,O003838,P0042,1,1400,1400,PKR
OI003839-01,O003839,P0094,1,130,130,PKR
OI003839-02,O003839,P0034,2,140,280,PKR
OI003839-03,O003839,P0060,2,230,460,PKR
OI003839-04,O003839,P0037,2,180,360,PKR
OI003840-01,O003840,P0021,1,1595,1595,PKR
OI003840-02,O003840,P0102,1,555,555,PKR
OI003841-01,O003841,P0031,2,730,1460,PKR
OI003841-02,O003841,P0001,2,660,1320,PKR
OI003841-03,O003841,P0105,2,1155,2310,PKR
OI003842-01,O003842,P0056,1,385,385,PKR
OI003842-02,O003842,P0081,2,1110,2220,PKR
OI003843-01,O003843,P0030,1,220,220,PKR
OI003844-01,O003844,P0047,1,1540,1540,PKR
OI003844-02,O003844,P0056,1,385,385,PKR
OI003844-03,O003844,P0019,1,1470,1470,PKR
OI003844-04,O003844,P0049,3,215,645,PKR
OI003844-05,O003844,P0045,2,910,1820,PKR
OI003845-01,O003845,P0079,1,850,850,PKR
OI003846-01,O003846,P0078,1,385,385,PKR
OI003846-02,O003846,P0051,2,200,400,PKR
OI003846-03,O003846,P0068,1,550,550,PKR
OI003846-04,O003846,P0015,2,895,1790,PKR
OI003846-05,O003846,P0029,1,895,895,PKR
OI003847-01,O003847,P0006,1,750,750,PKR
OI003847-02,O003847,P0050,2,810,1620,PKR
OI003847-03,O003847,P0078,2,385,770,PKR
OI003848-01,O003848,P0031,3,730,2190,PKR
OI003848-02,O003848,P0081,1,1110,1110,PKR
OI003849-01,O003849,P0120,1,760,760,PKR
OI003849-02,O003849,P0032,1,585,585,PKR
OI003850-01,O003850,P0084,1,1260,1260,PKR
OI003851-01,O003851,P0007,2,425,850,PKR
OI003851-02,O003851,P0024,1,235,235,PKR
OI003852-01,O003852,P0078,1,385,385,PKR
OI003853-01,O003853,P0055,2,1405,2810,PKR
OI003853-02,O003853,P0012,1,155,155,PKR
OI003854-01,O003854,P0105,2,1155,2310,PKR
OI003854-02,O003854,P0096,1,1660,1660,PKR
OI003854-03,O003854,P0033,1,1475,1475,PKR
OI003855-01,O003855,P0106,1,1080,1080,PKR
OI003856-01,O003856,P0060,1,230,230,PKR
OI003856-02,O003856,P0011,1,1805,1805,PKR
OI003856-03,O003856,P0113,3,1250,3750,PKR
OI003857-01,O003857,P0040,1,1090,1090,PKR
OI003857-02,O003857,P0082,1,1025,1025,PKR
OI003858-01,O003858,P0012,1,155,155,PKR
OI003858-02,O003858,P0097,1,1730,1730,PKR
OI003858-03,O003858,P0017,2,1755,3510,PKR
OI003858-04,O003858,P0001,1,660,660,PKR
OI003858-05,O003858,P0103,1,1075,1075,PKR
OI003859-01,O003859,P0013,1,1805,1805,PKR
OI003860-01,O003860,P0010,1,375,375,PKR
OI003860-02,O003860,P0103,1,1075,1075,PKR
OI003861-01,O003861,P0057,2,1425,2850,PKR
OI003861-02,O003861,P0021,4,1595,6380,PKR
OI003861-03,O003861,P0046,2,205,410,PKR
OI003861-04,O003861,P0096,2,1660,3320,PKR
OI003862-01,O003862,P0046,2,205,410,PKR
OI003862-02,O003862,P0108,2,935,1870,PKR
OI003863-01,O003863,P0049,2,215,430,PKR
OI003863-02,O003863,P0017,1,1755,1755,PKR
OI003863-03,O003863,P0080,1,2175,2175,PKR
OI003864-01,O003864,P0013,1,1805,1805,PKR
OI003865-01,O003865,P0064,2,1700,3400,PKR
OI003865-02,O003865,P0039,4,920,3680,PKR
OI003865-03,O003865,P0070,2,1560,3120,PKR
OI003866-01,O003866,P0007,1,425,425,PKR
OI003866-02,O003866,P0088,1,780,780,PKR
OI003867-01,O003867,P0087,1,1090,1090,PKR
OI003867-02,O003867,P0031,2,730,1460,PKR
OI003867-03,O003867,P0098,1,1885,1885,PKR
OI003868-01,O003868,P0019,3,1470,4410,PKR
OI003868-02,O003868,P0041,1,385,385,PKR
OI003869-01,O003869,P0110,1,545,545,PKR
OI003870-01,O003870,P0064,1,1700,1700,PKR
OI003871-01,O003871,P0046,1,205,205,PKR
OI003871-02,O003871,P0062,2,1690,3380,PKR
OI003871-03,O003871,P0085,3,270,810,PKR
OI003871-04,O003871,P0096,1,1660,1660,PKR
OI003872-01,O003872,P0021,1,1595,1595,PKR
OI003872-02,O003872,P0069,2,530,1060,PKR
OI003872-03,O003872,P0015,1,895,895,PKR
OI003872-04,O003872,P0112,3,385,1155,PKR
OI003873-01,O003873,P0003,1,1000,1000,PKR
OI003873-02,O003873,P0097,2,1730,3460,PKR
OI003874-01,O003874,P0033,2,1475,2950,PKR
OI003874-02,O003874,P0026,1,755,755,PKR
OI003875-01,O003875,P0109,1,260,260,PKR
OI003875-02,O003875,P0013,4,1805,7220,PKR
OI003875-03,O003875,P0051,2,200,400,PKR
OI003876-01,O003876,P0020,1,325,325,PKR
OI003877-01,O003877,P0029,1,895,895,PKR
OI003877-02,O003877,P0047,2,1540,3080,PKR
OI003877-03,O003877,P0043,2,1190,2380,PKR
OI003878-01,O003878,P0009,4,985,3940,PKR
OI003878-02,O003878,P0098,1,1885,1885,PKR
OI003878-03,O003878,P0025,2,290,580,PKR
OI003878-04,O003878,P0099,2,970,1940,PKR
OI003879-01,O003879,P0073,2,225,450,PKR
OI003880-01,O003880,P0002,1,265,265,PKR
OI003880-02,O003880,P0087,1,1090,1090,PKR
OI003881-01,O003881,P0020,1,325,325,PKR
OI003881-02,O003881,P0069,1,530,530,PKR
OI003881-03,O003881,P0052,2,250,500,PKR
OI003881-04,O003881,P0039,2,920,1840,PKR
OI003882-01,O003882,P0119,1,550,550,PKR
OI003882-02,O003882,P0022,3,1255,3765,PKR
OI003882-03,O003882,P0035,1,380,380,PKR
OI003882-04,O003882,P0052,3,250,750,PKR
OI003883-01,O003883,P0021,1,1595,1595,PKR
OI003884-01,O003884,P0011,2,1805,3610,PKR
OI003884-02,O003884,P0017,3,1755,5265,PKR
OI003885-01,O003885,P0030,1,220,220,PKR
OI003886-01,O003886,P0119,1,550,550,PKR
OI003886-02,O003886,P0086,1,850,850,PKR
OI003887-01,O003887,P0022,1,1255,1255,PKR
OI003888-01,O003888,P0091,2,490,980,PKR
OI003888-02,O003888,P0067,1,1215,1215,PKR
OI003889-01,O003889,P0112,2,385,770,PKR
OI003889-02,O003889,P0019,1,1470,1470,PKR
OI003890-01,O003890,P0001,2,660,1320,PKR
OI003890-02,O003890,P0090,1,1680,1680,PKR
OI003890-03,O003890,P0033,1,1475,1475,PKR
OI003890-04,O003890,P0116,2,815,1630,PKR
OI003890-05,O003890,P0064,2,1700,3400,PKR
OI003891-01,O003891,P0066,1,785,785,PKR
OI003891-02,O003891,P0031,1,730,730,PKR
OI003891-03,O003891,P0018,1,1305,1305,PKR
OI003892-01,O003892,P0060,2,230,460,PKR
OI003893-01,O003893,P0095,2,890,1780,PKR
OI003894-01,O003894,P0055,1,1405,1405,PKR
OI003895-01,O003895,P0019,4,1470,5880,PKR
OI003896-01,O003896,P0052,1,250,250,PKR
OI003896-02,O003896,P0002,1,265,265,PKR
OI003897-01,O003897,P0107,1,1020,1020,PKR
OI003897-02,O003897,P0111,1,1265,1265,PKR
OI003898-01,O003898,P0098,1,1885,1885,PKR
OI003898-02,O003898,P0012,1,155,155,PKR
OI003899-01,O003899,P0091,1,490,490,PKR
OI003899-02,O003899,P0119,1,550,550,PKR
OI003900-01,O003900,P0058,1,1715,1715,PKR
OI003900-02,O003900,P0109,1,260,260,PKR
OI003901-01,O003901,P0044,3,1840,5520,PKR
OI003902-01,O003902,P0010,1,375,375,PKR
OI003902-02,O003902,P0044,1,1840,1840,PKR
OI003902-03,O003902,P0094,1,130,130,PKR
OI003902-04,O003902,P0097,1,1730,1730,PKR
OI003903-01,O003903,P0006,1,750,750,PKR
OI003904-01,O003904,P0011,1,1805,1805,PKR
OI003905-01,O003905,P0110,3,545,1635,PKR
OI003905-02,O003905,P0049,1,215,215,PKR
OI003905-03,O003905,P0116,1,815,815,PKR
OI003906-01,O003906,P0117,2,720,1440,PKR
OI003907-01,O003907,P0042,1,1400,1400,PKR
OI003907-02,O003907,P0116,1,815,815,PKR
OI003907-03,O003907,P0052,3,250,750,PKR
OI003908-01,O003908,P0054,1,620,620,PKR
OI003908-02,O003908,P0024,1,235,235,PKR
OI003908-03,O003908,P0061,3,275,825,PKR
OI003908-04,O003908,P0031,1,730,730,PKR
OI003909-01,O003909,P0003,1,1000,1000,PKR
OI003909-02,O003909,P0116,1,815,815,PKR
OI003909-03,O003909,P0102,2,555,1110,PKR
OI003910-01,O003910,P0053,1,2210,2210,PKR
OI003910-02,O003910,P0096,2,1660,3320,PKR
OI003910-03,O003910,P0109,1,260,260,PKR
OI003910-04,O003910,P0058,1,1715,1715,PKR
OI003910-05,O003910,P0085,2,270,540,PKR
OI003911-01,O003911,P0003,2,1000,2000,PKR
OI003911-02,O003911,P0083,2,720,1440,PKR
OI003911-03,O003911,P0118,1,1270,1270,PKR
OI003911-04,O003911,P0008,1,1530,1530,PKR
OI003912-01,O003912,P0007,2,425,850,PKR
OI003912-02,O003912,P0001,2,660,1320,PKR
OI003913-01,O003913,P0009,1,985,985,PKR
OI003913-02,O003913,P0064,2,1700,3400,PKR
OI003914-01,O003914,P0072,1,1075,1075,PKR
OI003915-01,O003915,P0015,2,895,1790,PKR
OI003915-02,O003915,P0007,2,425,850,PKR
OI003915-03,O003915,P0078,1,385,385,PKR
OI003916-01,O003916,P0068,2,550,1100,PKR
OI003917-01,O003917,P0106,1,1080,1080,PKR
OI003918-01,O003918,P0039,1,920,920,PKR
OI003918-02,O003918,P0096,1,1660,1660,PKR
OI003918-03,O003918,P0006,1,750,750,PKR
OI003918-04,O003918,P0013,1,1805,1805,PKR
OI003919-01,O003919,P0028,2,1930,3860,PKR
OI003919-02,O003919,P0077,1,595,595,PKR
OI003919-03,O003919,P0013,2,1805,3610,PKR
OI003920-01,O003920,P0090,1,1680,1680,PKR
OI003920-02,O003920,P0086,2,850,1700,PKR
OI003920-03,O003920,P0092,2,955,1910,PKR
OI003921-01,O003921,P0038,1,475,475,PKR
OI003922-01,O003922,P0070,2,1560,3120,PKR
OI003922-02,O003922,P0095,3,890,2670,PKR
OI003922-03,O003922,P0021,1,1595,1595,PKR
OI003923-01,O003923,P0054,1,620,620,PKR
OI003924-01,O003924,P0104,1,1645,1645,PKR
OI003925-01,O003925,P0110,1,545,545,PKR
OI003925-02,O003925,P0013,1,1805,1805,PKR
OI003925-03,O003925,P0083,1,720,720,PKR
OI003926-01,O003926,P0059,1,600,600,PKR
OI003926-02,O003926,P0091,3,490,1470,PKR
OI003927-01,O003927,P0113,1,1250,1250,PKR
OI003927-02,O003927,P0027,2,1980,3960,PKR
OI003928-01,O003928,P0102,3,555,1665,PKR
OI003928-02,O003928,P0017,2,1755,3510,PKR
OI003928-03,O003928,P0077,1,595,595,PKR
OI003928-04,O003928,P0112,3,385,1155,PKR
OI003929-01,O003929,P0052,2,250,500,PKR
OI003929-02,O003929,P0001,2,660,1320,PKR
OI003930-01,O003930,P0102,1,555,555,PKR
OI003930-02,O003930,P0023,4,1745,6980,PKR
OI003931-01,O003931,P0053,2,2210,4420,PKR
OI003932-01,O003932,P0118,1,1270,1270,PKR
OI003933-01,O003933,P0054,1,620,620,PKR
OI003933-02,O003933,P0045,1,910,910,PKR
OI003933-03,O003933,P0029,1,895,895,PKR
OI003933-04,O003933,P0061,1,275,275,PKR
OI003934-01,O003934,P0033,1,1475,1475,PKR
OI003934-02,O003934,P0068,2,550,1100,PKR
OI003934-03,O003934,P0015,3,895,2685,PKR
OI003935-01,O003935,P0009,3,985,2955,PKR
OI003935-02,O003935,P0067,1,1215,1215,PKR
OI003936-01,O003936,P0064,1,1700,1700,PKR
OI003936-02,O003936,P0120,1,760,760,PKR
OI003936-03,O003936,P0050,1,810,810,PKR
OI003937-01,O003937,P0035,1,380,380,PKR
OI003938-01,O003938,P0002,2,265,530,PKR
OI003938-02,O003938,P0058,1,1715,1715,PKR
OI003938-03,O003938,P0100,3,855,2565,PKR
OI003939-01,O003939,P0060,2,230,460,PKR
OI003940-01,O003940,P0012,1,155,155,PKR
OI003940-02,O003940,P0114,4,1530,6120,PKR
OI003940-03,O003940,P0001,1,660,660,PKR
OI003940-04,O003940,P0063,1,1685,1685,PKR
OI003941-01,O003941,P0016,2,1700,3400,PKR
OI003941-02,O003941,P0086,1,850,850,PKR
OI003941-03,O003941,P0037,1,180,180,PKR
OI003942-01,O003942,P0024,1,235,235,PKR
OI003942-02,O003942,P0107,1,1020,1020,PKR
OI003942-03,O003942,P0064,1,1700,1700,PKR
OI003943-01,O003943,P0021,2,1595,3190,PKR
OI003944-01,O003944,P0067,1,1215,1215,PKR
OI003945-01,O003945,P0104,1,1645,1645,PKR
OI003945-02,O003945,P0088,2,780,1560,PKR
OI003946-01,O003946,P0019,1,1470,1470,PKR
OI003946-02,O003946,P0070,2,1560,3120,PKR
OI003946-03,O003946,P0087,1,1090,1090,PKR
OI003946-04,O003946,P0014,1,1895,1895,PKR
OI003947-01,O003947,P0014,1,1895,1895,PKR
OI003948-01,O003948,P0115,1,1790,1790,PKR
OI003949-01,O003949,P0078,1,385,385,PKR
OI003949-02,O003949,P0002,1,265,265,PKR
OI003949-03,O003949,P0015,2,895,1790,PKR
OI003949-04,O003949,P0089,1,225,225,PKR
OI003950-01,O003950,P0027,1,1980,1980,PKR
OI003950-02,O003950,P0026,3,755,2265,PKR
OI003950-03,O003950,P0082,2,1025,2050,PKR
OI003951-01,O003951,P0074,3,600,1800,PKR
OI003951-02,O003951,P0037,1,180,180,PKR
OI003951-03,O003951,P0012,1,155,155,PKR
OI003951-04,O003951,P0007,1,425,425,PKR
OI003952-01,O003952,P0081,2,1110,2220,PKR
OI003952-02,O003952,P0058,3,1715,5145,PKR
OI003952-03,O003952,P0041,1,385,385,PKR
OI003952-04,O003952,P0033,1,1475,1475,PKR
OI003952-05,O003952,P0105,1,1155,1155,PKR
OI003953-01,O003953,P0118,1,1270,1270,PKR
OI003953-02,O003953,P0031,3,730,2190,PKR
OI003954-01,O003954,P0068,1,550,550,PKR
OI003954-02,O003954,P0038,1,475,475,PKR
OI003955-01,O003955,P0090,1,1680,1680,PKR
OI003955-02,O003955,P0112,4,385,1540,PKR
OI003956-01,O003956,P0093,3,1805,5415,PKR
OI003956-02,O003956,P0062,1,1690,1690,PKR
OI003957-01,O003957,P0032,4,585,2340,PKR
OI003957-02,O003957,P0088,3,780,2340,PKR
OI003957-03,O003957,P0008,1,1530,1530,PKR
OI003957-04,O003957,P0012,1,155,155,PKR
OI003957-05,O003957,P0101,1,185,185,PKR
OI003958-01,O003958,P0118,1,1270,1270,PKR
OI003958-02,O003958,P0092,1,955,955,PKR
OI003958-03,O003958,P0044,1,1840,1840,PKR
OI003959-01,O003959,P0060,1,230,230,PKR
OI003959-02,O003959,P0056,1,385,385,PKR
OI003959-03,O003959,P0081,2,1110,2220,PKR
OI003960-01,O003960,P0017,1,1755,1755,PKR
OI003961-01,O003961,P0030,2,220,440,PKR
OI003962-01,O003962,P0005,1,1405,1405,PKR
OI003962-02,O003962,P0035,1,380,380,PKR
OI003963-01,O003963,P0010,1,375,375,PKR
OI003963-02,O003963,P0033,1,1475,1475,PKR
OI003963-03,O003963,P0117,1,720,720,PKR
OI003963-04,O003963,P0108,1,935,935,PKR
OI003964-01,O003964,P0084,1,1260,1260,PKR
OI003965-01,O003965,P0014,3,1895,5685,PKR
OI003965-02,O003965,P0082,3,1025,3075,PKR
OI003966-01,O003966,P0002,1,265,265,PKR
OI003967-01,O003967,P0086,1,850,850,PKR
OI003967-02,O003967,P0023,2,1745,3490,PKR
OI003968-01,O003968,P0034,1,140,140,PKR
OI003968-02,O003968,P0053,1,2210,2210,PKR
OI003969-01,O003969,P0064,2,1700,3400,PKR
OI003969-02,O003969,P0095,3,890,2670,PKR
OI003969-03,O003969,P0016,1,1700,1700,PKR
OI003970-01,O003970,P0052,1,250,250,PKR
OI003970-02,O003970,P0044,2,1840,3680,PKR
OI003970-03,O003970,P0008,1,1530,1530,PKR
OI003971-01,O003971,P0075,2,645,1290,PKR
OI003971-02,O003971,P0025,1,290,290,PKR
OI003972-01,O003972,P0001,1,660,660,PKR
OI003972-02,O003972,P0049,2,215,430,PKR
OI003972-03,O003972,P0105,1,1155,1155,PKR
OI003972-04,O003972,P0011,4,1805,7220,PKR
OI003973-01,O003973,P0086,1,850,850,PKR
OI003973-02,O003973,P0047,1,1540,1540,PKR
OI003974-01,O003974,P0095,2,890,1780,PKR
OI003974-02,O003974,P0112,1,385,385,PKR
OI003974-03,O003974,P0109,1,260,260,PKR
OI003974-04,O003974,P0004,1,1410,1410,PKR
OI003974-05,O003974,P0094,1,130,130,PKR
OI003975-01,O003975,P0046,1,205,205,PKR
OI003975-02,O003975,P0078,1,385,385,PKR
OI003976-01,O003976,P0088,1,780,780,PKR
OI003976-02,O003976,P0087,1,1090,1090,PKR
OI003977-01,O003977,P0015,1,895,895,PKR
OI003978-01,O003978,P0056,2,385,770,PKR
OI003978-02,O003978,P0096,2,1660,3320,PKR
OI003979-01,O003979,P0007,2,425,850,PKR
OI003979-02,O003979,P0058,1,1715,1715,PKR
OI003979-03,O003979,P0112,3,385,1155,PKR
OI003980-01,O003980,P0095,1,890,890,PKR
OI003981-01,O003981,P0010,3,375,1125,PKR
OI003981-02,O003981,P0037,3,180,540,PKR
OI003982-01,O003982,P0024,1,235,235,PKR
OI003982-02,O003982,P0060,1,230,230,PKR
OI003983-01,O003983,P0078,1,385,385,PKR
OI003983-02,O003983,P0009,2,985,1970,PKR
OI003984-01,O003984,P0097,1,1730,1730,PKR
OI003984-02,O003984,P0004,1,1410,1410,PKR
OI003984-03,O003984,P0103,2,1075,2150,PKR
OI003985-01,O003985,P0080,1,2175,2175,PKR
OI003985-02,O003985,P0086,1,850,850,PKR
OI003986-01,O003986,P0045,1,910,910,PKR
OI003986-02,O003986,P0035,1,380,380,PKR
OI003986-03,O003986,P0117,1,720,720,PKR
OI003987-01,O003987,P0112,1,385,385,PKR
OI003987-02,O003987,P0069,1,530,530,PKR
OI003987-03,O003987,P0063,2,1685,3370,PKR
OI003987-04,O003987,P0074,1,600,600,PKR
OI003987-05,O003987,P0087,1,1090,1090,PKR
OI003988-01,O003988,P0079,2,850,1700,PKR
OI003988-02,O003988,P0106,1,1080,1080,PKR
OI003989-01,O003989,P0041,2,385,770,PKR
OI003989-02,O003989,P0051,1,200,200,PKR
OI003989-03,O003989,P0027,1,1980,1980,PKR
OI003990-01,O003990,P0113,1,1250,1250,PKR
OI003991-01,O003991,P0022,1,1255,1255,PKR
OI003992-01,O003992,P0087,1,1090,1090,PKR
OI003992-02,O003992,P0005,1,1405,1405,PKR
OI003993-01,O003993,P0062,1,1690,1690,PKR
OI003993-02,O003993,P0029,1,895,895,PKR
OI003993-03,O003993,P0030,3,220,660,PKR
OI003994-01,O003994,P0093,2,1805,3610,PKR
OI003994-02,O003994,P0104,1,1645,1645,PKR
OI003994-03,O003994,P0020,1,325,325,PKR
OI003994-04,O003994,P0071,1,850,850,PKR
OI003995-01,O003995,P0069,1,530,530,PKR
OI003995-02,O003995,P0061,2,275,550,PKR
OI003996-01,O003996,P0054,1,620,620,PKR
OI003996-02,O003996,P0104,1,1645,1645,PKR
OI003996-03,O003996,P0036,1,595,595,PKR
OI003997-01,O003997,P0085,1,270,270,PKR
OI003997-02,O003997,P0046,1,205,205,PKR
OI003998-01,O003998,P0071,1,850,850,PKR
OI003998-02,O003998,P0031,3,730,2190,PKR
OI003998-03,O003998,P0032,3,585,1755,PKR
OI003999-01,O003999,P0111,3,1265,3795,PKR
OI003999-02,O003999,P0103,3,1075,3225,PKR
OI004000-01,O004000,P0004,2,1410,2820,PKR
