payment_id,order_id,payment_ts,payment_method,payment_status,amount,currency_code
PAY000001,O000001,2026-06-28 16:35:39,bank_transfer,paid,4385.64,PKR
PAY000002,O000002,2026-08-21 08:27:59,cash,paid,420.0,PKR
PAY000003,O000003,2026-07-06 02:45:00,cash,paid,1810.46,PKR
PAY000004,O000004,2026-07-01 03:25:55,cash,paid,11539.5,PKR
PAY000005,O000005,2026-06-27 18:16:03,card,paid,10353.0,PKR
PAY000006,O000006,2026-08-14 18:09:45,card,paid,4583.25,PKR
PAY000007,O000007,2026-08-04 05:27:34,cash,paid,2677.5,PKR
PAY000008,O000008,2026-07-04 19:26:06,card,paid,2783.03,PKR
PAY000009,O000009,2026-08-08 06:27:41,cash,paid,1076.25,PKR
PAY000010,O000010,2026-06-15 08:25:52,card,paid,4663.16,PKR
PAY000011,O000011,2026-08-27 18:31:29,cash,paid,8925.0,PKR
PAY000012,O000012,2026-06-20 17:49:09,card,paid,4598.16,PKR
PAY000013,O000013,2026-08-08 09:25:46,cash,paid,2485.35,PKR
PAY000014,O000014,2026-07-14 22:45:37,cash,paid,6903.75,PKR
PAY000015,O000015,2026-08-10 06:01:57,cash,paid,2168.25,PKR
PAY000016,O000016,2026-08-03 02:24:52,card,paid,7334.25,PKR
PAY000017,O000017,2026-06-24 20:25:07,card,paid,5559.75,PKR
PAY000018,O000018,2026-07-15 22:17:42,bank_transfer,paid,1072.31,PKR
PAY000019,O000019,2026-07-21 21:30:02,card,cancelled,0.0,PKR
PAY000020,O000020,2026-06-15 22:55:44,wallet,cancelled,0.0,PKR
PAY000021,O000021,2026-08-29 15:02:56,cash,paid,6940.5,PKR
PAY000022,O000022,2026-08-27 00:27:47,card,refunded,2247.0,PKR
PAY000023,O000023,2026-06-28 15:52:24,card,paid,1769.25,PKR
PAY000024,O000024,2026-07-17 16:42:27,card,paid,4656.75,PKR
PAY000025,O000025,2026-06-14 15:19:55,wallet,paid,4698.75,PKR
PAY000026,O000026,2026-08-21 14:56:55,wallet,paid,577.5,PKR
PAY000027,O000027,2026-08-13 05:33:21,wallet,paid,7612.5,PKR
PAY000028,O000028,2026-06-25 07:34:30,card,paid,2283.75,PKR
PAY000029,O000029,2026-07-27 14:29:03,card,cancelled,0.0,PKR
PAY000030,O000030,2026-06-23 15:42:14,cash,paid,5680.5,PKR
PAY000031,O000031,2026-06-18 19:28:14,wallet,paid,4130.49,PKR
PAY000032,O000032,2026-06-08 12:28:41,cash,paid,6951.0,PKR
PAY000033,O000033,2026-06-19 23:42:42,cash,paid,939.75,PKR
PAY000034,O000034,2026-06-27 10:31:47,cash,cancelled,0.0,PKR
PAY000035,O000035,2026-07-22 11:05:07,card,paid,3906.0,PKR
PAY000036,O000036,2026-07-09 19:17:05,cash,cancelled,0.0,PKR
PAY000037,O000037,2026-06-19 17:20:34,wallet,paid,4305.84,PKR
PAY000038,O000038,2026-07-21 00:53:38,wallet,paid,4541.25,PKR
PAY000039,O000039,2026-08-07 13:50:19,bank_transfer,paid,1102.5,PKR
PAY000040,O000040,2026-07-27 17:52:05,card,paid,3870.72,PKR
PAY000041,O000041,2026-07-15 09:31:17,cash,paid,5738.25,PKR
PAY000042,O000042,2026-06-26 13:18:50,card,paid,3197.25,PKR
PAY000043,O000043,2026-06-10 20:53:14,card,paid,6536.25,PKR
PAY000044,O000044,2026-07-14 13:52:23,wallet,paid,1134.0,PKR
PAY000045,O000045,2026-07-06 07:58:01,cash,paid,1837.5,PKR
PAY000046,O000046,2026-08-26 05:41:48,wallet,paid,582.75,PKR
PAY000047,O000047,2026-08-03 03:45:58,card,paid,2535.12,PKR
PAY000048,O000048,2026-06-11 19:02:37,card,paid,3501.96,PKR
PAY000049,O000049,2026-08-15 03:13:31,wallet,paid,5911.5,PKR
PAY000050,O000050,2026-06-27 05:31:58,cash,paid,3832.5,PKR
PAY000051,O000051,2026-07-28 23:58:08,cash,paid,3496.5,PKR
PAY000052,O000052,2026-08-11 07:58:10,card,paid,2283.75,PKR
PAY000053,O000053,2026-08-03 15:14:57,cash,paid,5727.75,PKR
PAY000054,O000054,2026-07-25 23:08:42,wallet,paid,7136.64,PKR
PAY000055,O000055,2026-07-11 00:40:27,card,paid,278.25,PKR
PAY000056,O000056,2026-07-25 02:50:37,card,paid,775.69,PKR
PAY000057,O000057,2026-07-12 10:02:15,card,paid,3990.0,PKR
PAY000058,O000058,2026-07-25 05:17:29,card,paid,2753.1,PKR
PAY000059,O000059,2026-06-18 10:36:31,cash,paid,393.75,PKR
PAY000060,O000060,2026-08-14 21:45:53,card,paid,5565.0,PKR
PAY000061,O000061,2026-08-21 01:30:41,card,paid,2992.5,PKR
PAY000062,O000062,2026-06-13 13:33:41,wallet,paid,7051.8,PKR
PAY000063,O000063,2026-06-06 05:47:34,wallet,paid,4662.0,PKR
PAY000064,O000064,2026-07-24 08:07:07,card,paid,2257.5,PKR
PAY000065,O000065,2026-06-11 07:12:36,card,paid,3709.44,PKR
PAY000066,O000066,2026-06-17 23:36:57,cash,paid,3370.5,PKR
PAY000067,O000067,2026-06-15 23:56:54,card,paid,1853.25,PKR
PAY000068,O000068,2026-07-15 03:13:19,wallet,paid,782.25,PKR
PAY000069,O000069,2026-08-01 18:32:34,card,paid,6788.88,PKR
PAY000070,O000070,2026-06-05 15:39:49,wallet,paid,2913.75,PKR
PAY000071,O000071,2026-07-02 09:41:08,card,paid,2231.46,PKR
PAY000072,O000072,2026-08-16 03:58:48,card,paid,6961.5,PKR
PAY000073,O000073,2026-08-07 02:47:56,card,paid,4672.5,PKR
PAY000074,O000074,2026-07-13 14:28:42,wallet,paid,2541.0,PKR
PAY000075,O000075,2026-08-12 15:38:22,card,paid,1727.25,PKR
PAY000076,O000076,2026-07-16 06:22:59,wallet,paid,5743.5,PKR
PAY000077,O000077,2026-07-23 02:43:03,card,paid,577.5,PKR
PAY000078,O000078,2026-07-16 12:20:12,bank_transfer,paid,753.11,PKR
PAY000079,O000079,2026-06-15 20:10:11,card,paid,6322.84,PKR
PAY000080,O000080,2026-08-16 17:50:26,card,paid,6903.23,PKR
PAY000081,O000081,2026-07-18 01:35:28,wallet,paid,7511.18,PKR
PAY000082,O000082,2026-08-26 20:53:48,wallet,paid,2058.0,PKR
PAY000083,O000083,2026-06-14 14:25:22,card,paid,5463.52,PKR
PAY000084,O000084,2026-07-19 19:51:42,cash,paid,4494.0,PKR
PAY000085,O000085,2026-08-01 18:11:22,cash,paid,6426.0,PKR
PAY000086,O000086,2026-08-30 14:25:37,card,paid,3288.6,PKR
PAY000087,O000087,2026-08-24 06:02:29,wallet,paid,855.75,PKR
PAY000088,O000088,2026-06-10 17:52:33,cash,paid,3570.0,PKR
PAY000089,O000089,2026-06-19 10:02:26,bank_transfer,paid,1289.66,PKR
PAY000090,O000090,2026-08-24 16:01:51,card,paid,3045.0,PKR
PAY000091,O000091,2026-08-17 16:02:23,wallet,paid,1816.5,PKR
PAY000092,O000092,2026-08-23 11:02:41,cash,cancelled,0.0,PKR
PAY000093,O000093,2026-06-01 14:08:11,cash,paid,3549.0,PKR
PAY000094,O000094,2026-07-12 16:20:54,wallet,paid,1510.11,PKR
PAY000095,O000095,2026-07-26 17:51:15,wallet,paid,7780.5,PKR
PAY000096,O000096,2026-07-09 05:08:08,card,paid,5344.5,PKR
PAY000097,O000097,2026-07-18 19:53:35,card,paid,618.19,PKR
PAY000098,O000098,2026-06-19 02:06:37,card,paid,3255.0,PKR
PAY000099,O000099,2026-06-29 00:21:08,cash,cancelled,0.0,PKR
PAY000100,O000100,2026-06-18 05:11:22,wallet,paid,10904.25,PKR
PAY000101,O000101,2026-08-15 16:21:11,cash,paid,2331.0,PKR
PAY000102,O000102,2026-08-18 01:10:09,cash,paid,5192.25,PKR
PAY000103,O000103,2026-06-14 00:41:26,card,paid,6699.0,PKR
PAY000104,O000104,2026-08-05 10:15:33,card,paid,10935.75,PKR
PAY000105,O000105,2026-06-23 17:57:09,wallet,paid,2083.62,PKR
PAY000106,O000106,2026-07-08 21:48:13,cash,paid,4940.25,PKR
PAY000107,O000107,2026-08-31 14:35:36,wallet,paid,1932.0,PKR
PAY000108,O000108,2026-06-14 14:48:47,card,paid,1317.75,PKR
PAY000109,O000109,2026-06-04 04:39:17,card,paid,2050.65,PKR
PAY000110,O000110,2026-08-25 06:14:22,wallet,paid,1454.25,PKR
PAY000111,O000111,2026-08-08 12:31:56,wallet,paid,5943.0,PKR
PAY000112,O000112,2026-08-02 15:33:41,cash,paid,577.5,PKR
PAY000113,O000113,2026-08-27 01:03:35,wallet,paid,2026.5,PKR
PAY000114,O000114,2026-07-29 03:48:48,card,cancelled,0.0,PKR
PAY000115,O000115,2026-08-16 08:55:53,card,cancelled,0.0,PKR
PAY000116,O000116,2026-06-29 13:41:36,bank_transfer,paid,3465.0,PKR
PAY000117,O000117,2026-08-03 05:29:17,cash,paid,210.0,PKR
PAY000118,O000118,2026-07-25 19:23:49,card,paid,7607.25,PKR
PAY000119,O000119,2026-08-11 23:24:19,cash,paid,6768.72,PKR
PAY000120,O000120,2026-07-19 13:57:25,card,paid,3486.0,PKR
PAY000121,O000121,2026-08-22 19:24:28,bank_transfer,paid,3761.1,PKR
PAY000122,O000122,2026-07-08 06:47:02,card,paid,740.25,PKR
PAY000123,O000123,2026-06-08 13:53:58,wallet,paid,4872.0,PKR
PAY000124,O000124,2026-08-16 22:44:12,card,paid,2466.45,PKR
PAY000125,O000125,2026-07-23 11:21:52,card,paid,3832.5,PKR
PAY000126,O000126,2026-07-29 18:13:43,wallet,paid,3433.5,PKR
PAY000127,O000127,2026-08-13 21:38:38,card,paid,1228.5,PKR
PAY000128,O000128,2026-06-08 20:15:56,card,paid,5113.5,PKR
PAY000129,O000129,2026-07-12 22:30:02,card,paid,2562.0,PKR
PAY000130,O000130,2026-06-15 07:45:55,cash,paid,1716.75,PKR
PAY000131,O000131,2026-08-16 00:51:58,cash,paid,5323.5,PKR
PAY000132,O000132,2026-07-29 15:00:19,wallet,paid,2478.0,PKR
PAY000133,O000133,2026-07-11 02:22:09,card,paid,483.63,PKR
PAY000134,O000134,2026-06-02 17:37:55,wallet,paid,1606.5,PKR
PAY000135,O000135,2026-06-16 00:04:20,card,paid,8174.25,PKR
PAY000136,O000136,2026-06-21 19:43:59,card,paid,3808.35,PKR
PAY000137,O000137,2026-06-03 22:51:08,card,paid,5034.75,PKR
PAY000138,O000138,2026-06-29 16:44:18,card,paid,2010.75,PKR
PAY000139,O000139,2026-08-17 14:49:10,card,paid,3680.25,PKR
PAY000140,O000140,2026-06-26 16:21:11,cash,paid,2819.25,PKR
PAY000141,O000141,2026-07-10 22:35:14,card,paid,6704.25,PKR
PAY000142,O000142,2026-07-01 18:50:05,cash,paid,1974.0,PKR
PAY000143,O000143,2026-08-22 18:29:42,wallet,paid,4420.5,PKR
PAY000144,O000144,2026-07-20 19:45:13,card,paid,7134.75,PKR
PAY000145,O000145,2026-07-28 13:53:22,card,paid,599.76,PKR
PAY000146,O000146,2026-08-11 09:19:57,cash,paid,13285.44,PKR
PAY000147,O000147,2026-07-26 16:28:37,card,paid,2929.5,PKR
PAY000148,O000148,2026-06-20 13:20:56,card,paid,3163.65,PKR
PAY000149,O000149,2026-06-22 01:44:40,cash,paid,1018.5,PKR
PAY000150,O000150,2026-06-21 16:52:56,card,paid,1890.0,PKR
PAY000151,O000151,2026-06-02 18:25:51,card,paid,7806.75,PKR
PAY000152,O000152,2026-06-14 15:07:36,cash,paid,1457.82,PKR
PAY000153,O000153,2026-08-11 10:57:41,wallet,paid,1932.0,PKR
PAY000154,O000154,2026-08-26 13:16:27,card,paid,5958.75,PKR
PAY000155,O000155,2026-08-09 16:01:50,card,paid,2052.75,PKR
PAY000156,O000156,2026-07-30 10:51:23,bank_transfer,paid,1911.0,PKR
PAY000157,O000157,2026-08-22 04:44:50,wallet,cancelled,0.0,PKR
PAY000158,O000158,2026-07-16 11:43:42,card,paid,9095.21,PKR
PAY000159,O000159,2026-08-14 03:21:51,card,paid,850.5,PKR
PAY000160,O000160,2026-07-23 12:13:41,card,paid,2320.5,PKR
PAY000161,O000161,2026-07-08 17:57:14,card,paid,799.47,PKR
PAY000162,O000162,2026-08-05 08:41:42,wallet,paid,5313.0,PKR
PAY000163,O000163,2026-06-30 09:31:09,cash,paid,4567.5,PKR
PAY000164,O000164,2026-08-02 19:15:20,card,paid,4331.25,PKR
PAY000165,O000165,2026-07-22 12:51:02,card,cancelled,0.0,PKR
PAY000166,O000166,2026-07-11 01:21:41,wallet,paid,6613.43,PKR
PAY000167,O000167,2026-07-03 03:24:35,card,paid,3984.75,PKR
PAY000168,O000168,2026-07-05 18:53:38,card,paid,2147.25,PKR
PAY000169,O000169,2026-07-11 04:49:07,cash,paid,7007.7,PKR
PAY000170,O000170,2026-06-20 11:02:09,wallet,paid,2905.98,PKR
PAY000171,O000171,2026-06-14 13:42:20,cash,paid,4184.25,PKR
PAY000172,O000172,2026-07-06 13:59:22,bank_transfer,paid,1322.58,PKR
PAY000173,O000173,2026-07-12 07:12:22,card,paid,5974.5,PKR
PAY000174,O000174,2026-06-15 23:17:19,card,paid,5208.0,PKR
PAY000175,O000175,2026-06-29 08:23:58,card,refunded,1097.25,PKR
PAY000176,O000176,2026-07-31 06:54:31,wallet,paid,3454.5,PKR
PAY000177,O000177,2026-07-11 05:25:47,card,paid,716.62,PKR
PAY000178,O000178,2026-08-08 13:28:55,cash,paid,1816.5,PKR
PAY000179,O000179,2026-07-05 14:37:44,cash,paid,2659.97,PKR
PAY000180,O000180,2026-06-29 09:52:52,cash,paid,11030.25,PKR
PAY000181,O000181,2026-06-08 17:17:58,wallet,cancelled,0.0,PKR
PAY000182,O000182,2026-08-26 05:36:12,cash,paid,1932.0,PKR
PAY000183,O000183,2026-07-26 07:33:12,wallet,paid,1480.5,PKR
PAY000184,O000184,2026-07-28 21:03:14,cash,paid,4452.0,PKR
PAY000185,O000185,2026-07-01 21:40:12,bank_transfer,paid,2376.36,PKR
PAY000186,O000186,2026-08-25 21:42:34,card,paid,4753.35,PKR
PAY000187,O000187,2026-08-28 13:19:00,cash,cancelled,0.0,PKR
PAY000188,O000188,2026-08-30 04:58:57,cash,paid,3018.75,PKR
PAY000189,O000189,2026-08-17 01:36:53,cash,paid,2714.25,PKR
PAY000190,O000190,2026-08-10 13:35:26,card,paid,2849.18,PKR
PAY000191,O000191,2026-06-18 16:36:00,card,paid,5050.5,PKR
PAY000192,O000192,2026-07-20 00:36:40,wallet,paid,1141.88,PKR
PAY000193,O000193,2026-06-20 09:23:04,card,paid,577.5,PKR
PAY000194,O000194,2026-08-24 11:26:07,card,paid,987.0,PKR
PAY000195,O000195,2026-07-06 22:58:36,card,paid,5083.05,PKR
PAY000196,O000196,2026-07-07 18:06:11,cash,paid,10353.0,PKR
PAY000197,O000197,2026-06-16 07:50:00,card,paid,3495.87,PKR
PAY000198,O000198,2026-08-23 11:24:17,cash,paid,10479.0,PKR
PAY000199,O000199,2026-06-21 05:56:39,card,paid,1750.98,PKR
PAY000200,O000200,2026-06-24 19:29:31,cash,paid,4688.25,PKR
PAY000201,O000201,2026-06-06 07:11:51,cash,paid,2220.75,PKR
PAY000202,O000202,2026-07-12 04:10:28,cash,paid,2026.5,PKR
PAY000203,O000203,2026-07-06 19:27:31,card,paid,892.5,PKR
PAY000204,O000204,2026-08-28 04:32:48,cash,paid,4373.25,PKR
PAY000205,O000205,2026-06-04 05:17:11,bank_transfer,paid,1664.25,PKR
PAY000206,O000206,2026-06-14 16:14:42,card,paid,6247.5,PKR
PAY000207,O000207,2026-06-21 03:01:44,card,paid,2784.81,PKR
PAY000208,O000208,2026-07-25 21:19:02,cash,paid,5367.6,PKR
PAY000209,O000209,2026-08-20 06:25:29,card,paid,4134.38,PKR
PAY000210,O000210,2026-06-21 05:39:07,cash,paid,5385.45,PKR
PAY000211,O000211,2026-07-26 10:06:27,cash,paid,2934.75,PKR
PAY000212,O000212,2026-06-19 22:52:00,card,paid,1989.75,PKR
PAY000213,O000213,2026-07-08 21:32:50,cash,paid,3612.0,PKR
PAY000214,O000214,2026-07-02 15:55:55,cash,paid,7014.0,PKR
PAY000215,O000215,2026-07-07 04:01:55,wallet,paid,9413.25,PKR
PAY000216,O000216,2026-08-06 23:00:15,bank_transfer,paid,7665.0,PKR
PAY000217,O000217,2026-06-06 17:45:58,card,paid,3018.75,PKR
PAY000218,O000218,2026-08-23 09:59:41,cash,paid,6483.75,PKR
PAY000219,O000219,2026-07-19 20:58:04,card,paid,460.69,PKR
PAY000220,O000220,2026-07-18 22:10:59,card,paid,2520.0,PKR
PAY000221,O000221,2026-07-26 17:58:48,card,paid,7260.75,PKR
PAY000222,O000222,2026-08-02 01:01:34,card,paid,2772.0,PKR
PAY000223,O000223,2026-08-28 13:04:32,card,paid,5234.25,PKR
PAY000224,O000224,2026-06-08 19:35:07,cash,paid,1386.0,PKR
PAY000225,O000225,2026-08-30 00:03:31,bank_transfer,paid,6435.45,PKR
PAY000226,O000226,2026-06-02 20:30:19,card,paid,2409.75,PKR
PAY000227,O000227,2026-07-13 02:18:01,wallet,paid,5901.0,PKR
PAY000228,O000228,2026-06-13 12:09:11,cash,paid,15046.5,PKR
PAY000229,O000229,2026-06-09 00:03:28,card,paid,3181.5,PKR
PAY000230,O000230,2026-08-13 01:07:27,wallet,paid,5790.75,PKR
PAY000231,O000231,2026-08-11 16:24:53,wallet,paid,9665.25,PKR
PAY000232,O000232,2026-08-14 08:43:20,card,paid,2226.0,PKR
PAY000233,O000233,2026-07-06 19:05:14,card,refunded,7812.0,PKR
PAY000234,O000234,2026-06-29 13:50:44,card,paid,5176.5,PKR
PAY000235,O000235,2026-06-18 06:22:44,card,paid,7360.5,PKR
PAY000236,O000236,2026-06-01 22:01:34,cash,paid,6961.5,PKR
PAY000237,O000237,2026-08-29 01:40:54,cash,paid,7470.75,PKR
PAY000238,O000238,2026-07-08 01:21:46,card,paid,3470.25,PKR
PAY000239,O000239,2026-06-12 13:20:01,card,paid,2855.16,PKR
PAY000240,O000240,2026-07-21 13:28:28,cash,paid,3810.45,PKR
PAY000241,O000241,2026-07-10 00:11:41,cash,paid,2594.18,PKR
PAY000242,O000242,2026-07-18 02:39:03,card,paid,5507.25,PKR
PAY000243,O000243,2026-07-24 08:33:14,bank_transfer,paid,7066.5,PKR
PAY000244,O000244,2026-06-03 15:59:07,cash,refunded,3759.0,PKR
PAY000245,O000245,2026-07-25 00:52:11,card,refunded,4194.75,PKR
PAY000246,O000246,2026-08-27 01:51:57,card,paid,4079.25,PKR
PAY000247,O000247,2026-06-02 07:39:14,cash,paid,2483.25,PKR
PAY000248,O000248,2026-07-12 04:44:26,card,paid,1386.74,PKR
PAY000249,O000249,2026-06-03 10:57:16,card,paid,374.06,PKR
PAY000250,O000250,2026-06-11 12:23:24,bank_transfer,paid,7985.25,PKR
PAY000251,O000251,2026-08-29 00:08:46,cash,paid,1879.5,PKR
PAY000252,O000252,2026-06-06 17:47:23,card,paid,2058.0,PKR
PAY000253,O000253,2026-06-10 22:24:45,wallet,paid,2541.0,PKR
PAY000254,O000254,2026-06-02 08:50:59,wallet,paid,756.0,PKR
PAY000255,O000255,2026-06-14 10:24:45,card,paid,4242.89,PKR
PAY000256,O000256,2026-08-23 07:00:48,card,paid,4756.5,PKR
PAY000257,O000257,2026-07-11 11:02:17,cash,paid,13161.75,PKR
PAY000258,O000258,2026-07-24 11:54:59,card,paid,1475.25,PKR
PAY000259,O000259,2026-06-26 04:00:33,card,paid,5355.0,PKR
PAY000260,O000260,2026-06-21 14:04:56,bank_transfer,cancelled,0.0,PKR
PAY000261,O000261,2026-07-05 13:37:59,cash,paid,2073.75,PKR
PAY000262,O000262,2026-07-25 07:49:55,wallet,paid,3906.0,PKR
PAY000263,O000263,2026-07-03 16:50:22,wallet,paid,616.3,PKR
PAY000264,O000264,2026-07-16 13:11:49,wallet,cancelled,0.0,PKR
PAY000265,O000265,2026-07-23 11:13:08,card,paid,3601.5,PKR
PAY000266,O000266,2026-07-25 07:07:59,wallet,paid,1832.25,PKR
PAY000267,O000267,2026-08-21 07:01:47,wallet,paid,3601.5,PKR
PAY000268,O000268,2026-07-31 09:31:05,card,paid,8275.68,PKR
PAY000269,O000269,2026-06-27 19:04:55,cash,paid,4520.25,PKR
PAY000270,O000270,2026-07-17 06:43:59,card,paid,4613.44,PKR
PAY000271,O000271,2026-07-29 23:57:26,card,paid,3286.5,PKR
PAY000272,O000272,2026-08-17 11:00:07,wallet,paid,194.25,PKR
PAY000273,O000273,2026-07-14 21:15:56,card,paid,2520.0,PKR
PAY000274,O000274,2026-06-18 11:12:04,card,paid,3701.25,PKR
PAY000275,O000275,2026-08-29 09:20:01,cash,paid,5323.5,PKR
PAY000276,O000276,2026-08-18 12:17:50,card,paid,8037.75,PKR
PAY000277,O000277,2026-07-17 19:21:35,cash,paid,5714.73,PKR
PAY000278,O000278,2026-08-21 14:43:41,cash,paid,4620.0,PKR
PAY000279,O000279,2026-06-04 12:19:04,wallet,paid,866.25,PKR
PAY000280,O000280,2026-07-21 21:06:35,cash,paid,1083.6,PKR
PAY000281,O000281,2026-07-14 17:12:00,wallet,paid,4641.0,PKR
PAY000282,O000282,2026-07-25 12:22:05,wallet,paid,3643.92,PKR
PAY000283,O000283,2026-06-20 06:53:53,card,paid,2866.5,PKR
PAY000284,O000284,2026-07-10 21:04:54,cash,paid,5124.0,PKR
PAY000285,O000285,2026-08-16 11:50:33,card,paid,6676.43,PKR
PAY000286,O000286,2026-08-24 11:18:23,cash,paid,1317.75,PKR
PAY000287,O000287,2026-07-30 12:19:17,cash,paid,3176.25,PKR
PAY000288,O000288,2026-06-21 15:23:52,cash,paid,3297.0,PKR
PAY000289,O000289,2026-08-17 23:48:37,card,paid,4320.75,PKR
PAY000290,O000290,2026-08-04 12:41:36,cash,paid,4095.0,PKR
PAY000291,O000291,2026-07-09 20:36:04,card,paid,2577.75,PKR
PAY000292,O000292,2026-07-15 05:07:29,bank_transfer,refunded,3244.5,PKR
PAY000293,O000293,2026-07-17 08:25:48,card,paid,871.5,PKR
PAY000294,O000294,2026-06-23 14:17:13,cash,paid,2956.8,PKR
PAY000295,O000295,2026-08-03 17:12:05,cash,paid,7953.75,PKR
PAY000296,O000296,2026-07-26 21:08:34,card,paid,4672.08,PKR
PAY000297,O000297,2026-08-23 16:05:13,wallet,paid,2504.25,PKR
PAY000298,O000298,2026-06-18 15:53:38,card,refunded,2598.75,PKR
PAY000299,O000299,2026-08-01 23:48:52,cash,paid,4063.5,PKR
PAY000300,O000300,2026-06-23 06:13:21,card,paid,1115.73,PKR
PAY000301,O000301,2026-08-28 14:57:41,wallet,paid,294.0,PKR
PAY000302,O000302,2026-06-18 03:31:24,wallet,refunded,6730.5,PKR
PAY000303,O000303,2026-07-11 22:29:32,wallet,paid,1748.25,PKR
PAY000304,O000304,2026-07-15 20:24:58,cash,refunded,4520.46,PKR
PAY000305,O000305,2026-06-21 03:59:02,card,cancelled,0.0,PKR
PAY000306,O000306,2026-06-11 10:36:04,cash,paid,4005.75,PKR
PAY000307,O000307,2026-07-09 22:57:25,card,paid,11723.25,PKR
PAY000308,O000308,2026-06-29 12:58:58,card,paid,6027.0,PKR
PAY000309,O000309,2026-08-23 14:56:31,card,paid,6940.5,PKR
PAY000310,O000310,2026-07-12 01:26:30,card,paid,1953.0,PKR
PAY000311,O000311,2026-07-01 09:19:13,card,paid,6240.36,PKR
PAY000312,O000312,2026-08-19 23:31:36,card,paid,4914.0,PKR
PAY000313,O000313,2026-06-20 06:36:09,cash,paid,7201.69,PKR
PAY000314,O000314,2026-08-15 03:23:19,card,paid,1200.15,PKR
PAY000315,O000315,2026-08-10 23:07:31,cash,paid,5334.0,PKR
PAY000316,O000316,2026-07-09 20:24:22,card,paid,9107.18,PKR
PAY000317,O000317,2026-07-06 18:33:12,card,paid,13587.0,PKR
PAY000318,O000318,2026-08-28 18:49:28,card,paid,4011.0,PKR
PAY000319,O000319,2026-07-16 19:59:09,card,refunded,5192.25,PKR
PAY000320,O000320,2026-08-03 06:01:31,card,paid,1512.0,PKR
PAY000321,O000321,2026-08-21 17:58:38,cash,paid,882.0,PKR
PAY000322,O000322,2026-08-22 00:00:48,bank_transfer,paid,3753.75,PKR
PAY000323,O000323,2026-06-10 10:24:17,cash,paid,1496.25,PKR
PAY000324,O000324,2026-06-07 23:47:21,card,paid,6447.0,PKR
PAY000325,O000325,2026-07-04 23:31:43,wallet,paid,8967.0,PKR
PAY000326,O000326,2026-08-23 22:40:38,wallet,paid,7833.0,PKR
PAY000327,O000327,2026-07-11 09:22:59,card,paid,3654.0,PKR
PAY000328,O000328,2026-08-27 09:32:45,card,paid,2751.0,PKR
PAY000329,O000329,2026-07-25 23:37:58,card,cancelled,0.0,PKR
PAY000330,O000330,2026-07-30 19:09:03,cash,paid,2283.75,PKR
PAY000331,O000331,2026-08-24 03:56:43,cash,paid,4809.0,PKR
PAY000332,O000332,2026-06-11 00:18:16,cash,paid,3213.0,PKR
PAY000333,O000333,2026-07-22 05:26:04,card,paid,1401.75,PKR
PAY000334,O000334,2026-07-14 18:35:08,card,paid,2677.5,PKR
PAY000335,O000335,2026-06-04 18:06:07,card,paid,4441.5,PKR
PAY000336,O000336,2026-08-09 06:23:46,card,paid,231.0,PKR
PAY000337,O000337,2026-06-20 21:36:02,cash,paid,2247.0,PKR
PAY000338,O000338,2026-06-21 23:45:11,cash,paid,371.91,PKR
PAY000339,O000339,2026-07-12 07:34:09,card,paid,897.75,PKR
PAY000340,O000340,2026-07-06 18:41:10,card,paid,1695.75,PKR
PAY000341,O000341,2026-08-09 06:03:44,bank_transfer,paid,3685.5,PKR
PAY000342,O000342,2026-08-06 10:16:31,card,paid,10773.0,PKR
PAY000343,O000343,2026-06-30 21:54:15,card,paid,1758.75,PKR
PAY000344,O000344,2026-07-25 10:13:33,wallet,paid,8727.08,PKR
PAY000345,O000345,2026-06-08 05:15:43,card,cancelled,0.0,PKR
PAY000346,O000346,2026-07-03 16:10:00,card,paid,5964.0,PKR
PAY000347,O000347,2026-06-04 03:53:33,wallet,paid,3759.0,PKR
PAY000348,O000348,2026-06-21 09:47:04,cash,paid,10626.0,PKR
PAY000349,O000349,2026-07-06 12:07:35,card,cancelled,0.0,PKR
PAY000350,O000350,2026-06-13 10:28:10,card,paid,2099.48,PKR
PAY000351,O000351,2026-07-21 00:47:25,cash,paid,5250.0,PKR
PAY000352,O000352,2026-07-18 00:35:30,card,paid,4546.5,PKR
PAY000353,O000353,2026-07-01 20:00:06,cash,paid,2878.68,PKR
PAY000354,O000354,2026-07-03 21:13:09,card,paid,567.0,PKR
PAY000355,O000355,2026-08-16 18:13:46,cash,paid,2567.25,PKR
PAY000356,O000356,2026-08-21 16:52:47,card,paid,3359.48,PKR
PAY000357,O000357,2026-08-28 23:34:30,card,paid,7059.15,PKR
PAY000358,O000358,2026-08-28 13:21:12,card,refunded,5358.15,PKR
PAY000359,O000359,2026-08-22 09:03:03,bank_transfer,paid,5869.5,PKR
PAY000360,O000360,2026-08-29 05:54:30,cash,paid,8205.75,PKR
PAY000361,O000361,2026-06-20 06:50:24,cash,paid,3298.89,PKR
PAY000362,O000362,2026-06-17 00:35:12,cash,paid,4100.25,PKR
PAY000363,O000363,2026-08-29 05:31:00,card,paid,9786.0,PKR
PAY000364,O000364,2026-07-14 09:22:49,wallet,paid,10101.0,PKR
PAY000365,O000365,2026-06-30 09:41:56,card,paid,8022.0,PKR
PAY000366,O000366,2026-08-22 07:14:13,cash,paid,3612.0,PKR
PAY000367,O000367,2026-07-24 11:35:29,wallet,paid,2037.0,PKR
PAY000368,O000368,2026-08-31 00:21:15,cash,paid,3694.95,PKR
PAY000369,O000369,2026-06-10 11:01:57,bank_transfer,cancelled,0.0,PKR
PAY000370,O000370,2026-06-12 22:36:34,wallet,paid,2441.25,PKR
PAY000371,O000371,2026-08-24 04:06:00,wallet,paid,3019.28,PKR
PAY000372,O000372,2026-06-28 01:21:15,card,paid,1785.0,PKR
PAY000373,O000373,2026-08-04 19:22:32,card,paid,1280.16,PKR
PAY000374,O000374,2026-08-18 20:32:00,card,paid,996.98,PKR
PAY000375,O000375,2026-06-13 00:23:08,card,paid,2426.6,PKR
PAY000376,O000376,2026-08-22 20:43:13,wallet,paid,3139.5,PKR
PAY000377,O000377,2026-08-02 05:07:05,card,paid,1648.08,PKR
PAY000378,O000378,2026-07-29 07:26:57,wallet,paid,1044.75,PKR
PAY000379,O000379,2026-06-26 23:16:32,cash,paid,1695.75,PKR
PAY000380,O000380,2026-06-13 05:42:30,cash,paid,2200.75,PKR
PAY000381,O000381,2026-08-05 04:19:07,card,paid,902.16,PKR
PAY000382,O000382,2026-07-10 04:24:06,wallet,paid,3764.25,PKR
PAY000383,O000383,2026-07-16 20:23:15,wallet,paid,1485.75,PKR
PAY000384,O000384,2026-08-01 12:21:49,cash,paid,4110.75,PKR
PAY000385,O000385,2026-08-18 05:41:18,cash,paid,1475.25,PKR
PAY000386,O000386,2026-07-15 13:55:13,cash,cancelled,0.0,PKR
PAY000387,O000387,2026-08-12 03:04:48,card,paid,7344.75,PKR
PAY000388,O000388,2026-07-09 23:28:35,card,paid,3848.25,PKR
PAY000389,O000389,2026-08-18 15:59:22,wallet,paid,3795.75,PKR
PAY000390,O000390,2026-07-18 13:35:34,wallet,paid,1249.5,PKR
PAY000391,O000391,2026-06-07 08:09:30,bank_transfer,paid,1160.25,PKR
PAY000392,O000392,2026-06-22 04:30:36,wallet,paid,10258.5,PKR
PAY000393,O000393,2026-06-02 16:30:40,card,paid,6363.0,PKR
PAY000394,O000394,2026-08-24 04:03:00,bank_transfer,paid,3045.0,PKR
PAY000395,O000395,2026-06-10 14:25:33,cash,paid,11292.75,PKR
PAY000396,O000396,2026-08-21 03:07:11,wallet,paid,3501.23,PKR
PAY000397,O000397,2026-08-18 12:36:04,cash,paid,4704.0,PKR
PAY000398,O000398,2026-08-01 19:52:12,card,paid,4147.92,PKR
PAY000399,O000399,2026-07-09 15:41:25,card,paid,1816.08,PKR
PAY000400,O000400,2026-07-12 09:26:17,cash,paid,1496.25,PKR
PAY000401,O000401,2026-08-04 02:39:27,card,refunded,2304.75,PKR
PAY000402,O000402,2026-07-28 07:14:13,wallet,paid,2178.75,PKR
PAY000403,O000403,2026-06-22 10:16:48,wallet,paid,2411.64,PKR
PAY000404,O000404,2026-08-21 07:54:27,cash,paid,2604.0,PKR
PAY000405,O000405,2026-07-07 02:06:27,card,paid,3306.45,PKR
PAY000406,O000406,2026-08-24 06:44:45,cash,paid,8226.75,PKR
PAY000407,O000407,2026-07-06 07:12:44,cash,cancelled,0.0,PKR
PAY000408,O000408,2026-06-15 19:54:16,cash,paid,4443.55,PKR
PAY000409,O000409,2026-07-06 17:56:40,cash,cancelled,0.0,PKR
PAY000410,O000410,2026-08-18 18:07:07,card,paid,803.25,PKR
PAY000411,O000411,2026-07-23 00:38:06,wallet,paid,6074.78,PKR
PAY000412,O000412,2026-06-05 21:38:13,card,paid,8046.04,PKR
PAY000413,O000413,2026-08-02 04:43:29,bank_transfer,paid,4089.75,PKR
PAY000414,O000414,2026-08-16 14:16:48,card,paid,1664.25,PKR
PAY000415,O000415,2026-07-04 22:27:58,cash,paid,4872.0,PKR
PAY000416,O000416,2026-08-27 05:28:13,cash,paid,1559.25,PKR
PAY000417,O000417,2026-08-24 06:13:44,cash,paid,4167.45,PKR
PAY000418,O000418,2026-06-06 09:34:35,wallet,paid,2556.75,PKR
PAY000419,O000419,2026-08-05 15:32:54,wallet,paid,1945.44,PKR
PAY000420,O000420,2026-07-10 01:05:17,wallet,paid,4194.75,PKR
PAY000421,O000421,2026-08-05 11:43:36,card,paid,3049.2,PKR
PAY000422,O000422,2026-06-27 03:43:11,card,paid,2079.0,PKR
PAY000423,O000423,2026-06-16 17:19:12,card,paid,7887.18,PKR
PAY000424,O000424,2026-07-26 04:35:04,wallet,paid,1627.5,PKR
PAY000425,O000425,2026-08-03 06:23:12,wallet,paid,2121.0,PKR
PAY000426,O000426,2026-08-20 23:15:35,card,paid,3475.5,PKR
PAY000427,O000427,2026-07-25 15:31:45,cash,paid,4620.0,PKR
PAY000428,O000428,2026-06-30 12:57:33,cash,cancelled,0.0,PKR
PAY000429,O000429,2026-07-12 13:41:49,cash,paid,4908.75,PKR
PAY000430,O000430,2026-08-01 04:34:06,wallet,paid,1260.0,PKR
PAY000431,O000431,2026-07-31 17:34:26,bank_transfer,cancelled,0.0,PKR
PAY000432,O000432,2026-07-28 13:50:43,cash,paid,9497.25,PKR
PAY000433,O000433,2026-08-09 09:39:12,wallet,paid,3549.0,PKR
PAY000434,O000434,2026-08-20 10:52:05,cash,paid,855.75,PKR
PAY000435,O000435,2026-06-12 10:10:32,wallet,paid,5995.71,PKR
PAY000436,O000436,2026-06-29 08:11:47,card,paid,4719.75,PKR
PAY000437,O000437,2026-07-29 12:37:32,cash,paid,4467.75,PKR
PAY000438,O000438,2026-08-08 17:53:33,cash,cancelled,0.0,PKR
PAY000439,O000439,2026-06-16 18:30:08,cash,paid,4441.5,PKR
PAY000440,O000440,2026-08-29 17:43:52,card,paid,8951.25,PKR
PAY000441,O000441,2026-06-22 12:12:15,cash,paid,1079.03,PKR
PAY000442,O000442,2026-06-20 07:09:48,cash,paid,2878.31,PKR
PAY000443,O000443,2026-07-12 21:41:43,cash,paid,3192.0,PKR
PAY000444,O000444,2026-06-18 04:47:23,cash,refunded,8657.25,PKR
PAY000445,O000445,2026-07-31 17:58:47,wallet,paid,3800.16,PKR
PAY000446,O000446,2026-07-24 09:34:22,card,paid,3669.75,PKR
PAY000447,O000447,2026-07-22 04:20:39,wallet,paid,3564.75,PKR
PAY000448,O000448,2026-08-30 11:11:26,card,paid,3265.5,PKR
PAY000449,O000449,2026-06-20 13:38:21,cash,paid,3045.0,PKR
PAY000450,O000450,2026-06-17 22:03:46,cash,paid,6672.75,PKR
PAY000451,O000451,2026-06-10 04:49:01,bank_transfer,paid,6310.5,PKR
PAY000452,O000452,2026-08-22 20:45:18,bank_transfer,paid,771.75,PKR
PAY000453,O000453,2026-06-23 11:27:38,cash,paid,3635.94,PKR
PAY000454,O000454,2026-08-05 10:10:47,card,paid,2719.5,PKR
PAY000455,O000455,2026-08-31 16:23:07,card,paid,577.5,PKR
PAY000456,O000456,2026-06-07 13:56:49,cash,paid,1102.5,PKR
PAY000457,O000457,2026-07-14 15:02:35,wallet,paid,3465.0,PKR
PAY000458,O000458,2026-07-28 23:27:08,wallet,paid,3449.25,PKR
PAY000459,O000459,2026-07-21 23:29:06,card,paid,2677.5,PKR
PAY000460,O000460,2026-07-15 19:29:52,cash,paid,1212.75,PKR
PAY000461,O000461,2026-08-16 04:05:16,cash,refunded,5684.18,PKR
PAY000462,O000462,2026-08-29 19:51:22,cash,paid,7402.5,PKR
PAY000463,O000463,2026-08-12 20:21:51,card,paid,7952.18,PKR
PAY000464,O000464,2026-08-22 16:17:00,cash,paid,3029.25,PKR
PAY000465,O000465,2026-08-21 00:21:09,card,paid,756.0,PKR
PAY000466,O000466,2026-07-05 03:31:44,wallet,paid,4189.87,PKR
PAY000467,O000467,2026-08-26 22:09:08,bank_transfer,paid,6877.5,PKR
PAY000468,O000468,2026-06-18 20:12:51,cash,paid,3730.65,PKR
PAY000469,O000469,2026-08-11 14:30:36,cash,paid,1968.75,PKR
PAY000470,O000470,2026-08-23 18:26:13,cash,paid,5972.4,PKR
PAY000471,O000471,2026-08-19 08:07:30,card,paid,1743.0,PKR
PAY000472,O000472,2026-06-26 05:59:29,card,paid,756.0,PKR
PAY000473,O000473,2026-06-29 10:01:00,cash,paid,1312.5,PKR
PAY000474,O000474,2026-06-29 01:50:26,cash,paid,1323.0,PKR
PAY000475,O000475,2026-08-27 03:25:21,cash,paid,3690.75,PKR
PAY000476,O000476,2026-08-22 18:46:25,wallet,refunded,4557.0,PKR
PAY000477,O000477,2026-08-07 18:00:14,cash,paid,4231.5,PKR
PAY000478,O000478,2026-08-30 12:11:21,cash,paid,1328.25,PKR
PAY000479,O000479,2026-07-26 17:42:08,card,paid,9276.75,PKR
PAY000480,O000480,2026-07-14 11:23:28,card,paid,4129.65,PKR
PAY000481,O000481,2026-07-19 13:09:51,card,paid,2364.08,PKR
PAY000482,O000482,2026-08-07 04:48:09,card,paid,2509.92,PKR
PAY000483,O000483,2026-08-24 16:35:45,cash,paid,6289.5,PKR
PAY000484,O000484,2026-07-18 20:16:03,card,paid,6903.75,PKR
PAY000485,O000485,2026-08-27 23:30:07,wallet,paid,8515.5,PKR
PAY000486,O000486,2026-08-29 22:33:31,cash,paid,2844.45,PKR
PAY000487,O000487,2026-06-16 00:01:24,card,paid,2564.73,PKR
PAY000488,O000488,2026-08-20 03:42:21,wallet,paid,2031.75,PKR
PAY000489,O000489,2026-06-22 22:43:27,cash,paid,3475.5,PKR
PAY000490,O000490,2026-07-26 05:38:33,card,refunded,1743.0,PKR
PAY000491,O000491,2026-07-31 02:46:11,bank_transfer,paid,4747.68,PKR
PAY000492,O000492,2026-06-26 06:06:28,wallet,paid,5097.75,PKR
PAY000493,O000493,2026-07-15 12:15:47,cash,paid,3133.72,PKR
PAY000494,O000494,2026-07-30 14:50:55,card,paid,1572.48,PKR
PAY000495,O000495,2026-08-14 06:26:05,wallet,paid,4840.5,PKR
PAY000496,O000496,2026-07-02 19:44:31,card,paid,4756.5,PKR
PAY000497,O000497,2026-07-31 13:51:46,wallet,paid,3979.5,PKR
PAY000498,O000498,2026-08-01 00:57:55,cash,paid,5460.0,PKR
PAY000499,O000499,2026-06-27 00:15:51,cash,paid,10485.93,PKR
PAY000500,O000500,2026-07-28 04:40:04,card,cancelled,0.0,PKR
PAY000501,O000501,2026-08-13 06:45:50,card,paid,2987.25,PKR
PAY000502,O000502,2026-07-08 02:06:40,wallet,paid,7791.0,PKR
PAY000503,O000503,2026-06-28 21:37:02,cash,paid,2751.0,PKR
PAY000504,O000504,2026-08-17 21:03:07,bank_transfer,paid,5990.25,PKR
PAY000505,O000505,2026-08-20 11:04:41,card,paid,7717.5,PKR
PAY000506,O000506,2026-08-09 22:20:55,card,paid,7756.56,PKR
PAY000507,O000507,2026-06-08 02:17:00,wallet,paid,303.19,PKR
PAY000508,O000508,2026-07-08 16:47:24,wallet,paid,7659.75,PKR
PAY000509,O000509,2026-07-17 09:56:03,cash,paid,3213.0,PKR
PAY000510,O000510,2026-06-21 05:42:33,wallet,paid,9198.63,PKR
PAY000511,O000511,2026-08-14 16:47:54,card,paid,2751.0,PKR
PAY000512,O000512,2026-06-18 13:42:50,wallet,refunded,1874.88,PKR
PAY000513,O000513,2026-07-05 06:54:53,card,paid,7334.25,PKR
PAY000514,O000514,2026-06-30 09:05:36,cash,cancelled,0.0,PKR
PAY000515,O000515,2026-06-30 11:15:02,cash,paid,5024.25,PKR
PAY000516,O000516,2026-08-10 03:31:01,card,paid,3806.25,PKR
PAY000517,O000517,2026-08-15 02:40:27,wallet,paid,1953.0,PKR
PAY000518,O000518,2026-07-15 01:54:35,wallet,paid,3948.0,PKR
PAY000519,O000519,2026-06-14 05:40:26,wallet,cancelled,0.0,PKR
PAY000520,O000520,2026-08-10 03:02:57,wallet,paid,1312.5,PKR
PAY000521,O000521,2026-06-03 00:55:24,card,paid,3113.25,PKR
PAY000522,O000522,2026-07-27 11:56:05,card,paid,5312.16,PKR
PAY000523,O000523,2026-06-24 02:12:58,wallet,paid,11992.89,PKR
PAY000524,O000524,2026-07-12 15:27:31,card,paid,3795.75,PKR
PAY000525,O000525,2026-08-17 12:30:43,cash,paid,1937.25,PKR
PAY000526,O000526,2026-07-14 21:48:48,cash,paid,1716.75,PKR
PAY000527,O000527,2026-07-30 15:14:51,card,cancelled,0.0,PKR
PAY000528,O000528,2026-08-22 09:09:09,cash,paid,5565.0,PKR
PAY000529,O000529,2026-07-16 14:11:43,card,paid,288.75,PKR
PAY000530,O000530,2026-07-01 12:24:38,wallet,paid,7077.0,PKR
PAY000531,O000531,2026-06-22 00:09:43,cash,paid,1054.62,PKR
PAY000532,O000532,2026-08-20 00:19:16,cash,paid,1816.5,PKR
PAY000533,O000533,2026-06-18 06:39:30,cash,paid,7560.0,PKR
PAY000534,O000534,2026-06-04 10:48:24,card,paid,2472.75,PKR
PAY000535,O000535,2026-07-14 23:53:20,cash,paid,8264.29,PKR
PAY000536,O000536,2026-07-17 13:58:04,cash,paid,2413.22,PKR
PAY000537,O000537,2026-08-28 11:21:00,card,paid,6525.75,PKR
PAY000538,O000538,2026-07-05 01:10:56,wallet,refunded,3118.5,PKR
PAY000539,O000539,2026-06-16 18:15:22,wallet,paid,1291.5,PKR
PAY000540,O000540,2026-06-14 00:52:53,cash,paid,4987.5,PKR
PAY000541,O000541,2026-07-26 13:31:01,cash,paid,2898.0,PKR
PAY000542,O000542,2026-08-12 22:12:55,wallet,paid,510.3,PKR
PAY000543,O000543,2026-06-23 18:20:02,cash,paid,1621.62,PKR
PAY000544,O000544,2026-08-29 04:12:27,card,cancelled,0.0,PKR
PAY000545,O000545,2026-08-10 09:38:31,card,paid,567.0,PKR
PAY000546,O000546,2026-06-22 13:49:54,card,refunded,2424.66,PKR
PAY000547,O000547,2026-08-22 17:03:01,card,paid,798.0,PKR
PAY000548,O000548,2026-08-06 00:39:45,cash,paid,916.65,PKR
PAY000549,O000549,2026-07-07 07:55:42,bank_transfer,paid,4189.82,PKR
PAY000550,O000550,2026-08-31 02:25:43,card,paid,4803.75,PKR
PAY000551,O000551,2026-06-29 10:58:53,card,paid,5202.75,PKR
PAY000552,O000552,2026-08-02 22:24:59,cash,paid,2983.68,PKR
PAY000553,O000553,2026-06-17 01:45:13,bank_transfer,paid,1706.25,PKR
PAY000554,O000554,2026-08-30 11:28:53,cash,paid,404.25,PKR
PAY000555,O000555,2026-07-27 19:14:44,wallet,paid,303.19,PKR
PAY000556,O000556,2026-08-29 07:51:45,cash,paid,3507.0,PKR
PAY000557,O000557,2026-08-14 20:27:42,bank_transfer,paid,1727.25,PKR
PAY000558,O000558,2026-06-13 22:52:54,cash,cancelled,0.0,PKR
PAY000559,O000559,2026-07-27 13:12:48,card,paid,1063.12,PKR
PAY000560,O000560,2026-06-01 22:25:57,cash,paid,2567.25,PKR
PAY000561,O000561,2026-06-14 08:15:34,wallet,paid,5937.75,PKR
PAY000562,O000562,2026-07-12 19:21:00,cash,paid,3239.25,PKR
PAY000563,O000563,2026-08-04 09:50:03,cash,paid,4499.25,PKR
PAY000564,O000564,2026-07-13 14:54:05,wallet,paid,3144.75,PKR
PAY000565,O000565,2026-07-27 07:10:27,cash,paid,4295.03,PKR
PAY000566,O000566,2026-06-21 23:45:40,bank_transfer,paid,2758.61,PKR
PAY000567,O000567,2026-08-20 03:09:24,cash,paid,3038.18,PKR
PAY000568,O000568,2026-07-10 01:55:11,card,refunded,1785.0,PKR
PAY000569,O000569,2026-08-24 13:50:17,cash,paid,594.56,PKR
PAY000570,O000570,2026-06-27 11:58:51,cash,paid,5696.25,PKR
PAY000571,O000571,2026-07-13 10:54:54,wallet,paid,4425.75,PKR
PAY000572,O000572,2026-06-03 16:19:18,wallet,paid,1197.0,PKR
PAY000573,O000573,2026-06-07 12:30:07,cash,paid,4851.0,PKR
PAY000574,O000574,2026-06-09 00:55:52,card,paid,1107.75,PKR
PAY000575,O000575,2026-08-02 01:55:52,card,paid,1317.75,PKR
PAY000576,O000576,2026-06-04 09:15:24,wallet,paid,2992.5,PKR
PAY000577,O000577,2026-07-04 21:48:03,card,paid,225.75,PKR
PAY000578,O000578,2026-06-11 17:21:49,bank_transfer,paid,2289.0,PKR
PAY000579,O000579,2026-06-21 02:56:18,cash,paid,5167.79,PKR
PAY000580,O000580,2026-07-09 05:36:43,cash,paid,3570.0,PKR
PAY000581,O000581,2026-06-25 06:15:03,card,paid,766.5,PKR
PAY000582,O000582,2026-07-05 18:22:15,cash,paid,1102.5,PKR
PAY000583,O000583,2026-08-03 08:34:27,card,paid,6452.25,PKR
PAY000584,O000584,2026-08-25 15:00:56,cash,paid,307.12,PKR
PAY000585,O000585,2026-08-19 13:04:55,wallet,paid,519.75,PKR
PAY000586,O000586,2026-06-10 19:26:42,cash,paid,1648.5,PKR
PAY000587,O000587,2026-07-11 03:35:10,wallet,paid,4714.5,PKR
PAY000588,O000588,2026-08-20 01:50:20,cash,paid,9434.25,PKR
PAY000589,O000589,2026-08-21 07:22:38,cash,paid,966.0,PKR
PAY000590,O000590,2026-07-23 21:58:19,card,paid,3950.1,PKR
PAY000591,O000591,2026-08-22 02:11:32,card,paid,2404.5,PKR
PAY000592,O000592,2026-07-14 17:54:00,wallet,paid,4179.0,PKR
PAY000593,O000593,2026-06-28 04:09:06,card,paid,11634.0,PKR
PAY000594,O000594,2026-06-12 00:42:00,cash,paid,8409.03,PKR
PAY000595,O000595,2026-07-04 07:29:25,card,paid,7520.31,PKR
PAY000596,O000596,2026-06-19 03:14:06,card,paid,3158.98,PKR
PAY000597,O000597,2026-06-06 07:13:09,cash,paid,5911.5,PKR
PAY000598,O000598,2026-07-31 07:50:36,card,cancelled,0.0,PKR
PAY000599,O000599,2026-08-31 21:22:03,bank_transfer,paid,2850.75,PKR
PAY000600,O000600,2026-08-15 07:01:54,card,paid,4735.5,PKR
PAY000601,O000601,2026-07-02 03:36:08,card,paid,6594.0,PKR
PAY000602,O000602,2026-08-29 00:36:31,card,paid,6672.75,PKR
PAY000603,O000603,2026-06-25 20:50:33,wallet,paid,3864.0,PKR
PAY000604,O000604,2026-06-06 23:56:23,card,cancelled,0.0,PKR
PAY000605,O000605,2026-06-25 04:37:38,bank_transfer,paid,6825.0,PKR
PAY000606,O000606,2026-07-29 09:49:02,cash,cancelled,0.0,PKR
PAY000607,O000607,2026-08-14 17:53:47,bank_transfer,paid,4336.5,PKR
PAY000608,O000608,2026-08-19 21:09:40,card,paid,5698.35,PKR
PAY000609,O000609,2026-08-29 07:40:06,card,paid,4735.5,PKR
PAY000610,O000610,2026-08-29 02:10:02,card,paid,1800.75,PKR
PAY000611,O000611,2026-06-16 09:33:01,card,paid,493.5,PKR
PAY000612,O000612,2026-06-05 18:33:08,bank_transfer,paid,7218.75,PKR
PAY000613,O000613,2026-07-28 06:35:44,cash,refunded,2997.75,PKR
PAY000614,O000614,2026-07-16 04:24:42,card,paid,5817.0,PKR
PAY000615,O000615,2026-06-17 03:20:53,wallet,paid,839.79,PKR
PAY000616,O000616,2026-07-19 23:52:08,card,paid,3112.2,PKR
PAY000617,O000617,2026-08-30 10:08:08,card,paid,1289.93,PKR
PAY000618,O000618,2026-08-08 13:22:18,card,paid,194.25,PKR
PAY000619,O000619,2026-07-24 07:33:07,card,paid,1223.25,PKR
PAY000620,O000620,2026-07-25 03:32:14,card,paid,6847.84,PKR
PAY000621,O000621,2026-08-29 22:33:58,card,paid,3402.0,PKR
PAY000622,O000622,2026-06-06 12:03:47,cash,paid,1155.0,PKR
PAY000623,O000623,2026-07-10 05:03:52,bank_transfer,paid,3134.25,PKR
PAY000624,O000624,2026-08-20 19:41:20,bank_transfer,paid,798.0,PKR
PAY000625,O000625,2026-06-26 23:44:18,card,paid,1212.75,PKR
PAY000626,O000626,2026-06-30 20:31:20,bank_transfer,paid,2583.0,PKR
PAY000627,O000627,2026-06-30 10:06:45,cash,paid,241.5,PKR
PAY000628,O000628,2026-06-14 07:47:37,card,paid,2028.6,PKR
PAY000629,O000629,2026-08-31 03:26:46,cash,paid,5643.75,PKR
PAY000630,O000630,2026-08-28 03:32:47,cash,paid,2556.75,PKR
PAY000631,O000631,2026-08-17 04:00:13,wallet,cancelled,0.0,PKR
PAY000632,O000632,2026-07-06 04:34:59,wallet,paid,1810.46,PKR
PAY000633,O000633,2026-06-29 10:01:53,cash,paid,4079.25,PKR
PAY000634,O000634,2026-07-18 03:13:01,card,paid,2173.5,PKR
PAY000635,O000635,2026-08-11 06:27:57,card,cancelled,0.0,PKR
PAY000636,O000636,2026-08-14 14:50:02,cash,paid,1323.0,PKR
PAY000637,O000637,2026-08-13 06:53:48,wallet,paid,3717.0,PKR
PAY000638,O000638,2026-08-10 08:18:05,card,paid,3417.75,PKR
PAY000639,O000639,2026-08-19 07:52:07,cash,paid,6877.5,PKR
PAY000640,O000640,2026-08-02 15:43:04,card,refunded,3114.72,PKR
PAY000641,O000641,2026-07-10 05:57:51,card,paid,1585.5,PKR
PAY000642,O000642,2026-08-21 10:17:04,card,paid,2803.5,PKR
PAY000643,O000643,2026-06-26 00:46:19,card,paid,3748.5,PKR
PAY000644,O000644,2026-08-17 19:29:42,card,paid,259.88,PKR
PAY000645,O000645,2026-08-25 03:14:27,cash,paid,1727.25,PKR
PAY000646,O000646,2026-07-04 01:42:38,cash,paid,9455.25,PKR
PAY000647,O000647,2026-07-13 23:16:34,card,paid,256.62,PKR
PAY000648,O000648,2026-06-29 04:56:39,card,paid,7616.91,PKR
PAY000649,O000649,2026-08-16 05:59:11,card,paid,3244.5,PKR
PAY000650,O000650,2026-08-06 11:05:33,card,paid,4173.75,PKR
PAY000651,O000651,2026-07-15 10:20:56,card,paid,2000.25,PKR
PAY000652,O000652,2026-07-16 10:37:19,card,paid,2184.0,PKR
PAY000653,O000653,2026-06-27 11:31:30,cash,paid,6258.0,PKR
PAY000654,O000654,2026-06-30 13:47:57,bank_transfer,paid,10300.5,PKR
PAY000655,O000655,2026-06-15 08:46:43,card,paid,5183.64,PKR
PAY000656,O000656,2026-07-01 03:14:26,card,paid,399.0,PKR
PAY000657,O000657,2026-07-08 03:50:13,card,paid,4247.25,PKR
PAY000658,O000658,2026-08-19 15:55:30,card,paid,2336.25,PKR
PAY000659,O000659,2026-07-08 15:28:18,card,paid,3837.75,PKR
PAY000660,O000660,2026-08-07 03:14:50,bank_transfer,paid,6079.5,PKR
PAY000661,O000661,2026-07-12 01:59:51,card,paid,1680.79,PKR
PAY000662,O000662,2026-08-31 15:38:31,card,paid,2042.25,PKR
PAY000663,O000663,2026-08-13 19:13:19,cash,paid,4536.0,PKR
PAY000664,O000664,2026-06-30 17:31:54,card,paid,14096.25,PKR
PAY000665,O000665,2026-06-11 21:19:09,cash,paid,3391.5,PKR
PAY000666,O000666,2026-06-26 02:51:30,cash,paid,3018.75,PKR
PAY000667,O000667,2026-06-22 15:19:29,card,paid,8751.75,PKR
PAY000668,O000668,2026-07-15 14:16:59,card,paid,1475.25,PKR
PAY000669,O000669,2026-06-20 17:05:53,wallet,paid,4308.04,PKR
PAY000670,O000670,2026-08-17 11:57:51,wallet,paid,5512.5,PKR
PAY000671,O000671,2026-06-07 10:16:18,card,paid,3213.0,PKR
PAY000672,O000672,2026-07-29 16:39:30,cash,paid,1968.75,PKR
PAY000673,O000673,2026-06-08 07:33:26,cash,paid,3669.75,PKR
PAY000674,O000674,2026-06-08 19:44:53,cash,paid,3213.0,PKR
PAY000675,O000675,2026-07-28 17:14:52,card,paid,6237.0,PKR
PAY000676,O000676,2026-08-11 17:31:01,bank_transfer,paid,4378.5,PKR
PAY000677,O000677,2026-06-01 17:10:29,card,paid,216.56,PKR
PAY000678,O000678,2026-07-09 22:33:01,card,paid,2362.5,PKR
PAY000679,O000679,2026-06-08 08:54:12,card,paid,3307.5,PKR
PAY000680,O000680,2026-07-27 11:50:53,card,refunded,1884.75,PKR
PAY000681,O000681,2026-06-02 22:22:34,cash,paid,966.0,PKR
PAY000682,O000682,2026-08-03 12:25:27,cash,cancelled,0.0,PKR
PAY000683,O000683,2026-06-29 06:12:00,cash,paid,7008.75,PKR
PAY000684,O000684,2026-06-23 10:12:12,cash,paid,388.5,PKR
PAY000685,O000685,2026-06-12 22:23:14,card,paid,2289.0,PKR
PAY000686,O000686,2026-06-16 17:21:38,card,paid,6478.5,PKR
PAY000687,O000687,2026-06-08 21:32:49,cash,paid,7008.75,PKR
PAY000688,O000688,2026-07-15 05:59:34,wallet,paid,3407.25,PKR
PAY000689,O000689,2026-06-06 12:56:27,card,paid,1391.25,PKR
PAY000690,O000690,2026-06-27 07:16:45,card,paid,6902.07,PKR
PAY000691,O000691,2026-08-24 14:18:07,card,paid,8930.25,PKR
PAY000692,O000692,2026-08-01 07:45:50,cash,paid,6166.12,PKR
PAY000693,O000693,2026-06-08 01:22:44,card,paid,3654.0,PKR
PAY000694,O000694,2026-07-20 02:19:43,card,paid,374.06,PKR
PAY000695,O000695,2026-06-25 06:51:32,cash,paid,10437.63,PKR
PAY000696,O000696,2026-07-18 22:38:50,card,paid,2661.75,PKR
PAY000697,O000697,2026-06-14 02:15:57,card,paid,792.75,PKR
PAY000698,O000698,2026-08-03 18:35:32,cash,paid,2362.5,PKR
PAY000699,O000699,2026-08-27 10:38:27,card,paid,3186.75,PKR
PAY000700,O000700,2026-07-07 13:46:07,card,paid,6294.75,PKR
PAY000701,O000701,2026-06-10 03:56:01,wallet,paid,572.25,PKR
PAY000702,O000702,2026-06-09 08:36:18,card,paid,374.22,PKR
PAY000703,O000703,2026-06-29 04:30:45,card,paid,147.0,PKR
PAY000704,O000704,2026-06-04 18:24:52,card,paid,451.5,PKR
PAY000705,O000705,2026-08-05 07:23:01,wallet,paid,3249.75,PKR
PAY000706,O000706,2026-07-23 18:47:30,wallet,paid,246.75,PKR
PAY000707,O000707,2026-07-23 00:12:52,card,paid,1417.5,PKR
PAY000708,O000708,2026-07-27 20:23:34,card,paid,3161.03,PKR
PAY000709,O000709,2026-08-13 10:35:22,wallet,paid,3013.5,PKR
PAY000710,O000710,2026-07-22 20:10:56,bank_transfer,paid,3895.5,PKR
PAY000711,O000711,2026-08-20 02:30:19,wallet,paid,341.25,PKR
PAY000712,O000712,2026-08-12 22:32:07,card,paid,3553.2,PKR
PAY000713,O000713,2026-06-05 01:29:44,card,paid,6809.25,PKR
PAY000714,O000714,2026-08-13 09:30:11,card,paid,2294.25,PKR
PAY000715,O000715,2026-06-17 01:01:36,card,paid,4956.0,PKR
PAY000716,O000716,2026-07-03 09:22:36,card,paid,3832.5,PKR
PAY000717,O000717,2026-06-04 22:49:25,card,paid,4819.03,PKR
PAY000718,O000718,2026-07-22 23:08:25,wallet,paid,11539.5,PKR
PAY000719,O000719,2026-08-19 16:56:12,wallet,paid,2194.5,PKR
PAY000720,O000720,2026-07-21 17:15:29,card,paid,2976.75,PKR
PAY000721,O000721,2026-07-15 09:25:32,wallet,paid,5328.75,PKR
PAY000722,O000722,2026-08-11 15:09:56,card,paid,1053.36,PKR
PAY000723,O000723,2026-07-05 10:43:31,wallet,paid,700.77,PKR
PAY000724,O000724,2026-07-27 10:06:20,wallet,paid,821.52,PKR
PAY000725,O000725,2026-06-07 16:35:58,cash,paid,2635.5,PKR
PAY000726,O000726,2026-08-11 14:34:51,card,paid,3452.4,PKR
PAY000727,O000727,2026-08-18 12:39:07,card,paid,2126.25,PKR
PAY000728,O000728,2026-08-24 05:57:54,cash,paid,4767.53,PKR
PAY000729,O000729,2026-08-12 12:44:28,wallet,paid,4425.75,PKR
PAY000730,O000730,2026-08-09 20:30:46,wallet,paid,7586.25,PKR
PAY000731,O000731,2026-07-28 05:04:04,card,paid,7943.25,PKR
PAY000732,O000732,2026-07-03 15:51:36,card,paid,3087.0,PKR
PAY000733,O000733,2026-06-13 23:38:45,card,paid,3141.6,PKR
PAY000734,O000734,2026-06-17 04:33:36,card,refunded,1774.5,PKR
PAY000735,O000735,2026-08-18 00:42:48,wallet,cancelled,0.0,PKR
PAY000736,O000736,2026-08-17 08:32:51,card,paid,1065.75,PKR
PAY000737,O000737,2026-08-27 01:37:27,card,paid,6720.0,PKR
PAY000738,O000738,2026-07-01 17:07:51,card,paid,2593.5,PKR
PAY000739,O000739,2026-06-18 02:21:32,cash,paid,2480.31,PKR
PAY000740,O000740,2026-07-27 14:08:24,card,paid,15177.75,PKR
PAY000741,O000741,2026-07-15 05:53:21,cash,cancelled,0.0,PKR
PAY000742,O000742,2026-06-13 21:53:15,cash,paid,1674.75,PKR
PAY000743,O000743,2026-08-26 17:03:10,card,paid,3090.15,PKR
PAY000744,O000744,2026-08-16 08:53:10,card,paid,5612.25,PKR
PAY000745,O000745,2026-06-26 00:39:00,cash,paid,3864.0,PKR
PAY000746,O000746,2026-06-26 04:55:43,card,paid,3297.0,PKR
PAY000747,O000747,2026-07-06 12:22:39,cash,paid,2882.04,PKR
PAY000748,O000748,2026-06-08 02:02:41,card,paid,5339.25,PKR
PAY000749,O000749,2026-08-24 11:24:33,cash,paid,4310.25,PKR
PAY000750,O000750,2026-07-26 22:38:31,cash,paid,2509.5,PKR
PAY000751,O000751,2026-07-19 05:15:51,card,paid,1002.75,PKR
PAY000752,O000752,2026-06-23 18:09:53,wallet,paid,4656.12,PKR
PAY000753,O000753,2026-07-04 08:18:39,cash,paid,603.75,PKR
PAY000754,O000754,2026-06-28 01:56:22,card,paid,5229.0,PKR
PAY000755,O000755,2026-06-15 07:15:47,card,paid,1816.5,PKR
PAY000756,O000756,2026-07-19 21:19:32,wallet,cancelled,0.0,PKR
PAY000757,O000757,2026-06-10 06:34:11,cash,paid,3669.75,PKR
PAY000758,O000758,2026-06-11 11:51:01,cash,paid,2895.32,PKR
PAY000759,O000759,2026-08-23 15:24:25,cash,refunded,590.62,PKR
PAY000760,O000760,2026-08-10 11:25:14,wallet,paid,11754.75,PKR
PAY000761,O000761,2026-08-17 11:10:34,cash,paid,3795.75,PKR
PAY000762,O000762,2026-06-02 07:52:19,cash,paid,2109.24,PKR
PAY000763,O000763,2026-08-26 23:36:51,wallet,paid,3890.25,PKR
PAY000764,O000764,2026-08-30 14:21:23,bank_transfer,paid,3066.53,PKR
PAY000765,O000765,2026-08-15 06:55:02,cash,paid,934.5,PKR
PAY000766,O000766,2026-06-25 16:46:27,wallet,paid,1800.75,PKR
PAY000767,O000767,2026-07-15 18:17:26,card,paid,3822.0,PKR
PAY000768,O000768,2026-06-10 00:50:01,card,paid,1491.0,PKR
PAY000769,O000769,2026-06-14 12:24:33,card,paid,3335.64,PKR
PAY000770,O000770,2026-08-03 08:29:32,card,paid,1816.5,PKR
PAY000771,O000771,2026-08-18 03:03:21,cash,paid,2898.0,PKR
PAY000772,O000772,2026-07-18 13:46:40,card,paid,1695.75,PKR
PAY000773,O000773,2026-08-07 02:05:41,card,paid,15188.25,PKR
PAY000774,O000774,2026-06-29 00:53:01,card,paid,4147.5,PKR
PAY000775,O000775,2026-08-07 21:52:56,card,paid,5733.0,PKR
PAY000776,O000776,2026-06-16 11:33:31,cash,paid,2147.25,PKR
PAY000777,O000777,2026-07-27 18:39:58,bank_transfer,refunded,2761.5,PKR
PAY000778,O000778,2026-06-05 15:47:17,card,paid,1722.0,PKR
PAY000779,O000779,2026-06-30 20:53:50,cash,paid,4000.5,PKR
PAY000780,O000780,2026-08-18 05:49:05,cash,paid,1879.5,PKR
PAY000781,O000781,2026-08-19 01:22:21,wallet,paid,1568.7,PKR
PAY000782,O000782,2026-06-07 06:38:08,cash,paid,997.5,PKR
PAY000783,O000783,2026-07-28 11:54:54,cash,paid,1716.75,PKR
PAY000784,O000784,2026-08-04 01:51:22,wallet,paid,5871.6,PKR
PAY000785,O000785,2026-08-11 18:26:12,card,paid,3318.0,PKR
PAY000786,O000786,2026-06-08 12:52:04,card,refunded,236.25,PKR
PAY000787,O000787,2026-06-13 01:07:31,cash,paid,3027.78,PKR
PAY000788,O000788,2026-06-16 00:37:18,card,paid,8783.62,PKR
PAY000789,O000789,2026-08-08 11:24:39,wallet,paid,892.08,PKR
PAY000790,O000790,2026-08-28 07:03:22,card,paid,6531.0,PKR
PAY000791,O000791,2026-08-15 06:54:39,card,paid,12174.75,PKR
PAY000792,O000792,2026-07-14 02:41:19,cash,paid,2588.25,PKR
PAY000793,O000793,2026-08-27 18:40:00,card,paid,3071.25,PKR
PAY000794,O000794,2026-08-20 16:05:38,wallet,paid,141.75,PKR
PAY000795,O000795,2026-07-19 14:41:40,card,paid,2262.75,PKR
PAY000796,O000796,2026-07-16 02:04:43,card,paid,1365.0,PKR
PAY000797,O000797,2026-08-17 19:38:49,cash,paid,5041.58,PKR
PAY000798,O000798,2026-08-16 04:09:01,cash,paid,1848.0,PKR
PAY000799,O000799,2026-07-15 03:06:04,wallet,paid,1664.25,PKR
PAY000800,O000800,2026-06-11 05:35:22,wallet,paid,4079.25,PKR
PAY000801,O000801,2026-08-11 05:13:21,card,paid,1728.72,PKR
PAY000802,O000802,2026-08-22 14:18:32,cash,paid,934.5,PKR
PAY000803,O000803,2026-07-23 09:18:14,wallet,paid,567.0,PKR
PAY000804,O000804,2026-07-29 08:07:52,cash,paid,4310.25,PKR
PAY000805,O000805,2026-07-26 13:28:13,cash,paid,1916.25,PKR
PAY000806,O000806,2026-07-19 01:59:14,cash,paid,3200.4,PKR
PAY000807,O000807,2026-08-27 03:06:51,card,paid,1743.0,PKR
PAY000808,O000808,2026-07-29 10:01:58,cash,paid,1863.75,PKR
PAY000809,O000809,2026-08-10 01:21:06,card,paid,3109.68,PKR
PAY000810,O000810,2026-07-03 20:59:54,card,paid,1123.5,PKR
PAY000811,O000811,2026-08-14 03:22:25,bank_transfer,cancelled,0.0,PKR
PAY000812,O000812,2026-08-26 11:03:09,wallet,paid,8400.0,PKR
PAY000813,O000813,2026-06-16 10:03:41,card,paid,10746.75,PKR
PAY000814,O000814,2026-08-27 12:34:03,card,paid,2924.25,PKR
PAY000815,O000815,2026-06-28 20:39:30,card,paid,2178.75,PKR
PAY000816,O000816,2026-07-03 16:45:18,wallet,paid,2672.25,PKR
PAY000817,O000817,2026-07-08 06:41:17,card,paid,1919.72,PKR
PAY000818,O000818,2026-08-19 11:06:10,wallet,paid,217.35,PKR
PAY000819,O000819,2026-06-19 10:28:13,wallet,refunded,3557.4,PKR
PAY000820,O000820,2026-08-21 19:35:35,cash,paid,1769.25,PKR
PAY000821,O000821,2026-07-12 13:28:58,bank_transfer,paid,2551.5,PKR
PAY000822,O000822,2026-06-11 01:03:32,card,paid,8417.64,PKR
PAY000823,O000823,2026-06-20 01:40:44,card,paid,2394.0,PKR
PAY000824,O000824,2026-07-27 12:25:53,wallet,paid,10174.5,PKR
PAY000825,O000825,2026-07-17 08:46:33,card,paid,4310.25,PKR
PAY000826,O000826,2026-07-18 05:42:57,cash,cancelled,0.0,PKR
PAY000827,O000827,2026-06-14 07:07:48,wallet,paid,560.7,PKR
PAY000828,O000828,2026-08-17 02:59:40,card,paid,4756.5,PKR
PAY000829,O000829,2026-08-26 07:31:17,card,paid,451.5,PKR
PAY000830,O000830,2026-08-21 03:07:50,card,paid,6270.07,PKR
PAY000831,O000831,2026-07-21 00:33:16,cash,paid,6588.49,PKR
PAY000832,O000832,2026-07-11 23:02:12,card,paid,5937.75,PKR
PAY000833,O000833,2026-08-26 07:39:58,cash,paid,2346.75,PKR
PAY000834,O000834,2026-07-25 22:14:21,card,paid,2714.25,PKR
PAY000835,O000835,2026-08-26 21:37:50,cash,cancelled,0.0,PKR
PAY000836,O000836,2026-07-02 05:10:48,wallet,paid,2399.25,PKR
PAY000837,O000837,2026-06-07 18:06:42,wallet,paid,2950.5,PKR
PAY000838,O000838,2026-07-18 08:25:07,card,paid,1785.0,PKR
PAY000839,O000839,2026-08-12 03:09:25,cash,paid,1475.25,PKR
PAY000840,O000840,2026-07-02 23:46:52,wallet,paid,2877.0,PKR
PAY000841,O000841,2026-06-09 05:06:45,card,cancelled,0.0,PKR
PAY000842,O000842,2026-06-04 05:14:27,cash,paid,3302.25,PKR
PAY000843,O000843,2026-08-10 06:34:35,wallet,cancelled,0.0,PKR
PAY000844,O000844,2026-07-06 17:04:58,bank_transfer,paid,5341.61,PKR
PAY000845,O000845,2026-08-12 09:40:43,card,paid,6636.0,PKR
PAY000846,O000846,2026-08-25 02:50:07,cash,paid,1428.0,PKR
PAY000847,O000847,2026-08-17 14:21:51,card,paid,5764.5,PKR
PAY000848,O000848,2026-06-16 10:11:30,cash,paid,6856.5,PKR
PAY000849,O000849,2026-07-29 06:04:39,cash,paid,2772.0,PKR
PAY000850,O000850,2026-06-23 01:20:38,cash,paid,4861.5,PKR
PAY000851,O000851,2026-08-17 06:14:09,card,paid,834.75,PKR
PAY000852,O000852,2026-06-29 15:33:39,cash,paid,11229.75,PKR
PAY000853,O000853,2026-08-30 21:30:53,cash,paid,1716.75,PKR
PAY000854,O000854,2026-07-15 01:56:30,card,paid,1640.89,PKR
PAY000855,O000855,2026-06-21 20:16:19,card,paid,5055.75,PKR
PAY000856,O000856,2026-06-18 19:26:22,cash,paid,3570.0,PKR
PAY000857,O000857,2026-06-14 19:59:38,card,paid,1018.5,PKR
PAY000858,O000858,2026-07-30 22:43:34,cash,paid,1648.08,PKR
PAY000859,O000859,2026-06-21 03:18:40,cash,cancelled,0.0,PKR
PAY000860,O000860,2026-08-26 22:10:17,bank_transfer,paid,2003.4,PKR
PAY000861,O000861,2026-08-31 20:18:48,card,paid,2184.0,PKR
PAY000862,O000862,2026-06-24 07:41:16,card,paid,1769.25,PKR
PAY000863,O000863,2026-08-06 10:53:12,cash,paid,556.5,PKR
PAY000864,O000864,2026-06-06 17:30:18,wallet,paid,3281.25,PKR
PAY000865,O000865,2026-08-09 14:08:40,card,paid,6646.5,PKR
PAY000866,O000866,2026-06-08 08:33:48,wallet,paid,3075.97,PKR
PAY000867,O000867,2026-06-04 14:37:25,cash,paid,6961.5,PKR
PAY000868,O000868,2026-08-22 14:42:43,card,paid,5649.0,PKR
PAY000869,O000869,2026-08-17 09:36:12,cash,paid,8856.75,PKR
PAY000870,O000870,2026-07-12 20:25:06,bank_transfer,paid,4725.0,PKR
PAY000871,O000871,2026-07-18 19:33:02,card,cancelled,0.0,PKR
PAY000872,O000872,2026-08-21 04:02:49,card,paid,7570.5,PKR
PAY000873,O000873,2026-08-04 21:31:34,card,paid,1785.0,PKR
PAY000874,O000874,2026-08-17 20:04:00,card,paid,6468.0,PKR
PAY000875,O000875,2026-06-23 16:56:52,card,paid,2485.56,PKR
PAY000876,O000876,2026-07-05 17:58:14,cash,paid,847.88,PKR
PAY000877,O000877,2026-08-22 06:03:34,card,paid,727.65,PKR
PAY000878,O000878,2026-06-08 07:31:25,wallet,cancelled,0.0,PKR
PAY000879,O000879,2026-08-17 03:29:48,wallet,paid,2525.25,PKR
PAY000880,O000880,2026-06-13 17:25:26,card,paid,7098.0,PKR
PAY000881,O000881,2026-06-20 03:07:45,card,paid,4651.5,PKR
PAY000882,O000882,2026-07-16 06:45:35,cash,paid,3601.5,PKR
PAY000883,O000883,2026-07-14 10:57:17,cash,paid,2349.06,PKR
PAY000884,O000884,2026-06-29 03:06:43,bank_transfer,paid,4032.0,PKR
PAY000885,O000885,2026-07-13 11:44:23,cash,paid,4488.75,PKR
PAY000886,O000886,2026-06-24 23:20:17,wallet,paid,2829.75,PKR
PAY000887,O000887,2026-06-28 11:40:34,bank_transfer,paid,2241.75,PKR
PAY000888,O000888,2026-07-27 22:58:37,cash,paid,1074.94,PKR
PAY000889,O000889,2026-08-16 09:11:17,cash,paid,819.0,PKR
PAY000890,O000890,2026-07-24 04:32:21,card,paid,5927.25,PKR
PAY000891,O000891,2026-08-04 14:29:01,card,paid,6221.25,PKR
PAY000892,O000892,2026-06-25 00:59:14,cash,paid,3444.0,PKR
PAY000893,O000893,2026-08-18 07:09:22,wallet,paid,866.25,PKR
PAY000894,O000894,2026-07-19 14:12:28,card,paid,6693.75,PKR
PAY000895,O000895,2026-07-29 08:14:24,wallet,paid,3194.1,PKR
PAY000896,O000896,2026-08-21 10:48:12,bank_transfer,paid,2441.25,PKR
PAY000897,O000897,2026-07-23 20:08:20,cash,paid,1211.96,PKR
PAY000898,O000898,2026-08-05 23:05:46,card,cancelled,0.0,PKR
PAY000899,O000899,2026-08-09 02:39:49,cash,paid,231.0,PKR
PAY000900,O000900,2026-08-21 00:15:57,card,paid,3249.75,PKR
PAY000901,O000901,2026-07-28 05:28:23,cash,paid,4341.75,PKR
PAY000902,O000902,2026-06-10 07:13:41,bank_transfer,paid,897.75,PKR
PAY000903,O000903,2026-07-07 22:34:22,card,paid,2850.75,PKR
PAY000904,O000904,2026-08-14 04:24:03,cash,paid,3806.25,PKR
PAY000905,O000905,2026-06-04 10:47:20,card,cancelled,0.0,PKR
PAY000906,O000906,2026-07-17 00:16:18,card,paid,3957.87,PKR
PAY000907,O000907,2026-08-23 06:20:22,card,paid,2189.25,PKR
PAY000908,O000908,2026-08-27 20:04:59,wallet,paid,250.43,PKR
PAY000909,O000909,2026-08-11 15:52:52,cash,paid,2472.75,PKR
PAY000910,O000910,2026-07-19 05:43:57,bank_transfer,paid,1123.5,PKR
PAY000911,O000911,2026-06-06 09:54:11,wallet,paid,2052.75,PKR
PAY000912,O000912,2026-06-05 17:17:12,card,paid,6625.5,PKR
PAY000913,O000913,2026-06-13 22:08:11,cash,paid,7491.75,PKR
PAY000914,O000914,2026-06-23 17:17:56,wallet,paid,6711.6,PKR
PAY000915,O000915,2026-08-14 06:16:51,cash,paid,1197.0,PKR
PAY000916,O000916,2026-07-21 04:10:36,cash,cancelled,0.0,PKR
PAY000917,O000917,2026-08-03 14:56:41,card,paid,624.75,PKR
PAY000918,O000918,2026-06-26 06:49:05,card,paid,1380.75,PKR
PAY000919,O000919,2026-08-19 19:28:58,card,paid,5944.05,PKR
PAY000920,O000920,2026-08-24 23:55:57,cash,paid,3638.25,PKR
PAY000921,O000921,2026-07-17 23:49:30,wallet,paid,5985.0,PKR
PAY000922,O000922,2026-08-19 06:01:22,card,paid,4095.0,PKR
PAY000923,O000923,2026-08-24 13:47:39,card,paid,7423.5,PKR
PAY000924,O000924,2026-08-16 20:01:20,bank_transfer,paid,1543.5,PKR
PAY000925,O000925,2026-08-31 12:18:41,wallet,paid,1575.0,PKR
PAY000926,O000926,2026-08-07 07:54:58,cash,paid,4349.52,PKR
PAY000927,O000927,2026-06-21 14:50:50,card,paid,3906.0,PKR
PAY000928,O000928,2026-06-28 04:13:57,cash,paid,7749.0,PKR
PAY000929,O000929,2026-07-22 11:23:49,card,paid,932.66,PKR
PAY000930,O000930,2026-06-23 09:54:40,cash,paid,4425.75,PKR
PAY000931,O000931,2026-06-15 15:55:13,cash,paid,3406.25,PKR
PAY000932,O000932,2026-06-19 17:24:17,card,paid,1412.25,PKR
PAY000933,O000933,2026-06-09 08:59:15,cash,paid,4399.5,PKR
PAY000934,O000934,2026-06-18 19:51:44,card,refunded,3612.84,PKR
PAY000935,O000935,2026-07-16 22:52:16,wallet,paid,939.75,PKR
PAY000936,O000936,2026-07-28 15:18:31,cash,paid,1895.25,PKR
PAY000937,O000937,2026-07-30 12:45:21,cash,paid,939.75,PKR
PAY000938,O000938,2026-07-02 00:34:03,cash,paid,5573.82,PKR
PAY000939,O000939,2026-07-13 11:49:21,card,paid,2871.75,PKR
PAY000940,O000940,2026-06-09 00:21:52,card,paid,4389.0,PKR
PAY000941,O000941,2026-07-12 11:47:13,wallet,paid,708.75,PKR
PAY000942,O000942,2026-07-17 05:19:47,wallet,paid,404.25,PKR
PAY000943,O000943,2026-07-04 11:46:48,card,paid,6008.52,PKR
PAY000944,O000944,2026-08-29 12:46:19,cash,paid,1428.0,PKR
PAY000945,O000945,2026-07-06 11:10:42,card,paid,3849.3,PKR
PAY000946,O000946,2026-06-14 02:23:43,wallet,paid,12558.0,PKR
PAY000947,O000947,2026-07-19 03:51:00,wallet,paid,6426.0,PKR
PAY000948,O000948,2026-06-19 17:45:12,bank_transfer,paid,13109.25,PKR
PAY000949,O000949,2026-06-17 01:03:18,cash,paid,5407.5,PKR
PAY000950,O000950,2026-06-12 18:22:29,card,paid,3790.5,PKR
PAY000951,O000951,2026-07-23 10:14:25,cash,paid,1974.0,PKR
PAY000952,O000952,2026-06-10 07:44:14,card,paid,5578.97,PKR
PAY000953,O000953,2026-06-05 05:51:02,card,paid,5401.41,PKR
PAY000954,O000954,2026-07-24 02:20:11,cash,cancelled,0.0,PKR
PAY000955,O000955,2026-07-02 08:43:57,cash,refunded,1444.17,PKR
PAY000956,O000956,2026-08-09 16:29:40,card,paid,10741.5,PKR
PAY000957,O000957,2026-08-08 21:24:12,card,paid,1703.52,PKR
PAY000958,O000958,2026-08-07 08:51:00,cash,paid,3427.2,PKR
PAY000959,O000959,2026-07-18 20:04:21,card,paid,2903.25,PKR
PAY000960,O000960,2026-06-28 05:03:15,card,refunded,6326.25,PKR
PAY000961,O000961,2026-06-11 01:06:30,bank_transfer,paid,5169.78,PKR
PAY000962,O000962,2026-08-26 13:51:42,card,paid,4882.5,PKR
PAY000963,O000963,2026-08-22 03:21:51,bank_transfer,paid,3113.78,PKR
PAY000964,O000964,2026-06-03 17:30:00,card,paid,1317.75,PKR
PAY000965,O000965,2026-07-13 21:58:39,card,refunded,4504.5,PKR
PAY000966,O000966,2026-07-01 11:17:27,wallet,paid,1386.21,PKR
PAY000967,O000967,2026-06-14 11:38:30,cash,paid,3407.25,PKR
PAY000968,O000968,2026-08-01 06:53:46,card,paid,1989.23,PKR
PAY000969,O000969,2026-06-14 12:29:29,card,paid,10935.75,PKR
PAY000970,O000970,2026-07-24 01:54:43,cash,paid,5307.75,PKR
PAY000971,O000971,2026-08-19 22:17:22,cash,paid,5097.75,PKR
PAY000972,O000972,2026-08-31 10:02:17,cash,paid,6588.75,PKR
PAY000973,O000973,2026-08-30 03:40:58,cash,paid,682.5,PKR
PAY000974,O000974,2026-08-11 14:02:50,wallet,paid,2429.28,PKR
PAY000975,O000975,2026-08-12 01:37:56,card,paid,1869.0,PKR
PAY000976,O000976,2026-08-22 02:41:13,cash,paid,4378.5,PKR
PAY000977,O000977,2026-08-14 15:44:08,card,paid,5325.08,PKR
PAY000978,O000978,2026-06-12 14:32:46,bank_transfer,paid,8977.5,PKR
PAY000979,O000979,2026-07-22 08:00:44,card,paid,3591.0,PKR
PAY000980,O000980,2026-06-16 04:35:58,card,paid,286.44,PKR
PAY000981,O000981,2026-08-02 11:09:23,cash,paid,2289.0,PKR
PAY000982,O000982,2026-06-30 19:40:45,bank_transfer,paid,4210.5,PKR
PAY000983,O000983,2026-07-22 05:33:05,wallet,paid,5512.5,PKR
PAY000984,O000984,2026-08-14 04:57:38,cash,paid,3071.25,PKR
PAY000985,O000985,2026-06-17 04:59:36,wallet,paid,9282.0,PKR
PAY000986,O000986,2026-08-20 09:31:20,cash,paid,1124.55,PKR
PAY000987,O000987,2026-08-22 00:26:54,card,paid,2863.35,PKR
PAY000988,O000988,2026-06-12 21:23:42,card,cancelled,0.0,PKR
PAY000989,O000989,2026-06-22 16:05:07,cash,paid,3470.25,PKR
PAY000990,O000990,2026-07-04 03:19:57,card,cancelled,0.0,PKR
PAY000991,O000991,2026-08-03 20:06:23,wallet,paid,942.48,PKR
PAY000992,O000992,2026-08-09 18:09:48,bank_transfer,paid,1908.9,PKR
PAY000993,O000993,2026-08-04 19:53:30,card,paid,534.24,PKR
PAY000994,O000994,2026-08-18 11:35:20,wallet,paid,3633.0,PKR
PAY000995,O000995,2026-06-06 03:22:16,bank_transfer,paid,5932.5,PKR
PAY000996,O000996,2026-06-11 16:45:04,wallet,paid,1233.75,PKR
PAY000997,O000997,2026-07-07 17:25:55,wallet,paid,3286.5,PKR
PAY000998,O000998,2026-08-10 09:48:40,wallet,paid,3669.75,PKR
PAY000999,O000999,2026-07-11 13:30:12,card,paid,1134.0,PKR
PAY001000,O001000,2026-06-20 04:42:56,card,paid,4511.59,PKR
PAY001001,O001001,2026-08-14 21:20:17,cash,paid,3150.0,PKR
PAY001002,O001002,2026-07-04 09:17:29,bank_transfer,paid,2115.75,PKR
PAY001003,O001003,2026-06-30 11:37:09,wallet,paid,4756.5,PKR
PAY001004,O001004,2026-06-10 23:09:17,card,paid,1953.0,PKR
PAY001005,O001005,2026-08-11 10:23:57,card,paid,1638.0,PKR
PAY001006,O001006,2026-06-07 02:15:25,bank_transfer,paid,1554.0,PKR
PAY001007,O001007,2026-06-02 03:17:32,wallet,paid,574.88,PKR
PAY001008,O001008,2026-06-07 04:32:38,card,paid,241.5,PKR
PAY001009,O001009,2026-07-17 03:23:38,card,paid,1155.0,PKR
PAY001010,O001010,2026-06-02 15:36:13,cash,paid,987.0,PKR
PAY001011,O001011,2026-08-26 02:20:43,cash,paid,651.0,PKR
PAY001012,O001012,2026-06-30 04:08:41,card,paid,12988.5,PKR
PAY001013,O001013,2026-06-20 10:40:35,cash,paid,3487.26,PKR
PAY001014,O001014,2026-06-13 06:55:56,card,paid,1769.25,PKR
PAY001015,O001015,2026-06-10 19:05:24,card,paid,2919.0,PKR
PAY001016,O001016,2026-06-25 23:17:57,card,paid,6630.75,PKR
PAY001017,O001017,2026-08-24 04:05:58,cash,paid,4583.25,PKR
PAY001018,O001018,2026-06-25 19:21:12,cash,paid,4614.75,PKR
PAY001019,O001019,2026-06-20 21:57:32,card,paid,1165.5,PKR
PAY001020,O001020,2026-08-31 17:11:18,cash,paid,4641.0,PKR
PAY001021,O001021,2026-07-16 15:26:40,card,paid,892.76,PKR
PAY001022,O001022,2026-06-03 22:16:17,wallet,paid,3449.25,PKR
PAY001023,O001023,2026-07-13 07:16:53,card,paid,2483.25,PKR
PAY001024,O001024,2026-06-13 09:28:40,cash,paid,2714.46,PKR
PAY001025,O001025,2026-07-16 06:45:06,wallet,paid,5806.5,PKR
PAY001026,O001026,2026-08-14 04:43:50,cash,paid,6142.5,PKR
PAY001027,O001027,2026-07-08 06:16:55,cash,paid,6405.0,PKR
PAY001028,O001028,2026-07-15 16:48:06,bank_transfer,paid,3953.25,PKR
PAY001029,O001029,2026-06-04 23:23:07,card,paid,1055.25,PKR
PAY001030,O001030,2026-06-07 07:59:59,card,paid,4425.75,PKR
PAY001031,O001031,2026-07-24 16:27:53,wallet,paid,1097.25,PKR
PAY001032,O001032,2026-08-26 09:50:03,card,paid,6315.75,PKR
PAY001033,O001033,2026-06-16 15:29:52,wallet,refunded,9219.0,PKR
PAY001034,O001034,2026-06-12 13:10:48,card,paid,2205.0,PKR
PAY001035,O001035,2026-06-13 14:01:24,card,paid,236.25,PKR
PAY001036,O001036,2026-06-12 19:43:41,cash,paid,2596.44,PKR
PAY001037,O001037,2026-07-18 08:06:14,card,paid,972.56,PKR
PAY001038,O001038,2026-08-12 04:24:33,wallet,paid,7476.0,PKR
PAY001039,O001039,2026-06-12 14:13:46,card,paid,910.14,PKR
PAY001040,O001040,2026-08-27 05:43:42,card,paid,3396.75,PKR
PAY001041,O001041,2026-07-08 23:49:12,card,paid,2609.25,PKR
PAY001042,O001042,2026-07-04 00:18:23,card,cancelled,0.0,PKR
PAY001043,O001043,2026-07-15 18:24:16,card,paid,808.5,PKR
PAY001044,O001044,2026-07-22 02:30:50,wallet,paid,1370.25,PKR
PAY001045,O001045,2026-08-06 02:52:15,wallet,paid,4488.75,PKR
PAY001046,O001046,2026-08-05 10:25:40,wallet,paid,2368.8,PKR
PAY001047,O001047,2026-07-22 19:58:48,card,paid,3701.25,PKR
PAY001048,O001048,2026-08-06 17:55:02,wallet,refunded,4304.16,PKR
PAY001049,O001049,2026-08-19 10:53:15,cash,cancelled,0.0,PKR
PAY001050,O001050,2026-07-19 17:31:09,cash,paid,2194.5,PKR
PAY001051,O001051,2026-06-10 12:21:51,card,paid,882.0,PKR
PAY001052,O001052,2026-07-05 05:34:24,cash,paid,309.23,PKR
PAY001053,O001053,2026-07-13 23:52:39,cash,paid,5937.75,PKR
PAY001054,O001054,2026-06-30 16:37:36,card,paid,3286.5,PKR
PAY001055,O001055,2026-08-21 07:50:06,card,paid,2630.25,PKR
PAY001056,O001056,2026-07-21 20:34:30,cash,cancelled,0.0,PKR
PAY001057,O001057,2026-07-18 06:29:05,wallet,refunded,4922.66,PKR
PAY001058,O001058,2026-06-11 15:57:39,cash,cancelled,0.0,PKR
PAY001059,O001059,2026-08-16 09:17:07,card,paid,6394.5,PKR
PAY001060,O001060,2026-06-28 19:52:03,cash,paid,4284.0,PKR
PAY001061,O001061,2026-07-11 13:52:56,card,paid,303.19,PKR
PAY001062,O001062,2026-06-10 09:52:36,card,paid,2640.75,PKR
PAY001063,O001063,2026-08-13 07:41:30,wallet,paid,4704.0,PKR
PAY001064,O001064,2026-07-28 04:16:05,cash,paid,1713.6,PKR
PAY001065,O001065,2026-06-02 03:40:10,card,paid,1517.25,PKR
PAY001066,O001066,2026-08-16 17:08:15,card,paid,1328.25,PKR
PAY001067,O001067,2026-07-26 12:13:21,cash,paid,1705.73,PKR
PAY001068,O001068,2026-07-11 16:00:51,card,paid,4278.75,PKR
PAY001069,O001069,2026-08-31 03:46:45,cash,paid,2877.0,PKR
PAY001070,O001070,2026-07-03 23:30:00,wallet,paid,939.75,PKR
PAY001071,O001071,2026-07-09 20:38:27,cash,paid,798.0,PKR
PAY001072,O001072,2026-07-16 15:43:44,cash,paid,858.38,PKR
PAY001073,O001073,2026-06-27 15:35:36,bank_transfer,cancelled,0.0,PKR
PAY001074,O001074,2026-06-04 18:25:10,card,paid,981.75,PKR
PAY001075,O001075,2026-08-05 15:13:04,wallet,paid,5418.0,PKR
PAY001076,O001076,2026-07-05 18:51:03,wallet,refunded,6079.5,PKR
PAY001077,O001077,2026-08-10 17:39:05,cash,paid,3354.75,PKR
PAY001078,O001078,2026-07-16 09:07:50,wallet,cancelled,0.0,PKR
PAY001079,O001079,2026-07-15 14:25:41,wallet,paid,6613.43,PKR
PAY001080,O001080,2026-08-21 23:02:03,card,paid,6237.0,PKR
PAY001081,O001081,2026-06-30 21:48:17,wallet,paid,1475.25,PKR
PAY001082,O001082,2026-08-03 17:26:24,wallet,paid,5462.1,PKR
PAY001083,O001083,2026-07-19 11:09:41,cash,paid,3588.48,PKR
PAY001084,O001084,2026-06-27 14:16:21,wallet,paid,1055.25,PKR
PAY001085,O001085,2026-06-29 19:14:01,card,paid,8373.75,PKR
PAY001086,O001086,2026-08-29 11:45:35,wallet,paid,9119.25,PKR
PAY001087,O001087,2026-06-23 19:43:31,bank_transfer,cancelled,0.0,PKR
PAY001088,O001088,2026-06-28 19:45:26,card,paid,11739.0,PKR
PAY001089,O001089,2026-06-07 08:55:25,card,paid,3783.94,PKR
PAY001090,O001090,2026-08-24 13:27:11,card,paid,3189.38,PKR
PAY001091,O001091,2026-06-23 05:52:06,card,paid,1648.5,PKR
PAY001092,O001092,2026-08-03 07:52:22,cash,paid,1144.5,PKR
PAY001093,O001093,2026-06-29 08:34:58,card,paid,808.5,PKR
PAY001094,O001094,2026-07-25 12:51:57,card,paid,5465.25,PKR
PAY001095,O001095,2026-06-20 16:56:24,card,refunded,5107.04,PKR
PAY001096,O001096,2026-08-04 23:59:12,cash,paid,3349.5,PKR
PAY001097,O001097,2026-06-07 09:24:58,bank_transfer,paid,2966.25,PKR
PAY001098,O001098,2026-08-23 05:26:55,wallet,paid,5292.0,PKR
PAY001099,O001099,2026-08-14 06:45:46,wallet,paid,4970.7,PKR
PAY001100,O001100,2026-06-02 13:10:06,cash,paid,767.81,PKR
PAY001101,O001101,2026-08-14 16:14:38,cash,paid,3439.8,PKR
PAY001102,O001102,2026-08-29 02:28:36,cash,paid,5659.5,PKR
PAY001103,O001103,2026-08-07 15:26:43,wallet,paid,2333.52,PKR
PAY001104,O001104,2026-08-12 19:55:26,card,paid,1181.25,PKR
PAY001105,O001105,2026-08-30 00:26:15,cash,paid,4740.75,PKR
PAY001106,O001106,2026-08-25 06:06:51,wallet,paid,10321.5,PKR
PAY001107,O001107,2026-07-08 22:30:11,card,paid,542.85,PKR
PAY001108,O001108,2026-08-07 09:18:09,card,paid,2565.36,PKR
PAY001109,O001109,2026-07-26 01:35:27,card,paid,1370.25,PKR
PAY001110,O001110,2026-08-03 11:18:45,cash,paid,4898.25,PKR
PAY001111,O001111,2026-07-18 07:52:34,cash,paid,3386.51,PKR
PAY001112,O001112,2026-08-06 16:44:38,card,paid,2677.5,PKR
PAY001113,O001113,2026-08-12 12:46:21,cash,paid,1370.25,PKR
PAY001114,O001114,2026-07-22 16:08:19,card,paid,3213.0,PKR
PAY001115,O001115,2026-08-13 00:11:08,card,paid,5643.75,PKR
PAY001116,O001116,2026-06-02 08:22:15,cash,paid,1890.0,PKR
PAY001117,O001117,2026-08-03 00:01:58,wallet,refunded,725.76,PKR
PAY001118,O001118,2026-07-17 10:26:49,cash,paid,7628.25,PKR
PAY001119,O001119,2026-06-01 22:56:51,card,paid,4557.0,PKR
PAY001120,O001120,2026-08-17 01:04:33,card,paid,1223.25,PKR
PAY001121,O001121,2026-06-28 10:34:36,card,paid,6431.25,PKR
PAY001122,O001122,2026-08-17 03:56:45,cash,paid,1029.0,PKR
PAY001123,O001123,2026-07-23 12:58:00,cash,paid,5759.25,PKR
PAY001124,O001124,2026-06-26 07:37:39,card,paid,3291.75,PKR
PAY001125,O001125,2026-08-14 21:57:02,cash,paid,4890.38,PKR
PAY001126,O001126,2026-08-07 02:39:07,card,paid,2707.43,PKR
PAY001127,O001127,2026-06-21 17:45:04,card,paid,2074.59,PKR
PAY001128,O001128,2026-08-27 07:08:08,card,paid,892.5,PKR
PAY001129,O001129,2026-07-22 12:51:50,wallet,paid,236.25,PKR
PAY001130,O001130,2026-08-16 12:19:35,cash,paid,5103.0,PKR
PAY001131,O001131,2026-08-05 00:28:12,cash,paid,7832.16,PKR
PAY001132,O001132,2026-06-08 11:42:05,cash,paid,4116.0,PKR
PAY001133,O001133,2026-08-02 19:10:48,card,paid,1165.5,PKR
PAY001134,O001134,2026-07-30 02:09:54,card,paid,1806.0,PKR
PAY001135,O001135,2026-06-27 22:15:28,cash,paid,5985.0,PKR
PAY001136,O001136,2026-07-27 05:05:45,cash,paid,6289.5,PKR
PAY001137,O001137,2026-07-20 11:23:43,cash,paid,7381.5,PKR
PAY001138,O001138,2026-07-29 01:04:00,card,refunded,5654.88,PKR
PAY001139,O001139,2026-06-25 11:10:22,cash,cancelled,0.0,PKR
PAY001140,O001140,2026-08-04 05:21:08,card,paid,2610.72,PKR
PAY001141,O001141,2026-07-30 07:15:05,card,paid,3837.75,PKR
PAY001142,O001142,2026-08-29 07:56:47,cash,paid,4814.25,PKR
PAY001143,O001143,2026-06-09 18:58:35,cash,paid,236.25,PKR
PAY001144,O001144,2026-06-24 08:50:34,wallet,paid,2992.5,PKR
PAY001145,O001145,2026-06-30 00:25:12,card,paid,2907.66,PKR
PAY001146,O001146,2026-07-09 02:03:01,card,paid,3428.25,PKR
PAY001147,O001147,2026-07-13 04:26:31,cash,cancelled,0.0,PKR
PAY001148,O001148,2026-06-17 22:36:35,bank_transfer,paid,3936.24,PKR
PAY001149,O001149,2026-08-18 17:06:12,card,cancelled,0.0,PKR
PAY001150,O001150,2026-06-29 06:12:11,cash,paid,10951.5,PKR
PAY001151,O001151,2026-08-26 16:42:40,cash,paid,4698.75,PKR
PAY001152,O001152,2026-06-06 17:23:32,card,paid,2220.75,PKR
PAY001153,O001153,2026-06-21 02:56:31,cash,paid,5428.5,PKR
PAY001154,O001154,2026-06-19 21:28:07,cash,paid,5321.98,PKR
PAY001155,O001155,2026-07-30 14:17:01,bank_transfer,paid,3034.08,PKR
PAY001156,O001156,2026-07-08 20:01:06,card,paid,4231.5,PKR
PAY001157,O001157,2026-06-22 11:37:46,wallet,paid,572.25,PKR
PAY001158,O001158,2026-08-09 04:38:35,card,paid,472.5,PKR
PAY001159,O001159,2026-07-16 13:39:36,wallet,cancelled,0.0,PKR
PAY001160,O001160,2026-08-18 07:57:45,wallet,paid,3344.25,PKR
PAY001161,O001161,2026-06-03 15:28:19,card,cancelled,0.0,PKR
PAY001162,O001162,2026-06-16 17:54:29,cash,paid,1212.75,PKR
PAY001163,O001163,2026-08-16 07:50:38,cash,paid,624.75,PKR
PAY001164,O001164,2026-08-30 01:39:25,card,paid,1995.0,PKR
PAY001165,O001165,2026-08-30 06:51:45,wallet,paid,1942.5,PKR
PAY001166,O001166,2026-06-11 23:30:39,card,paid,5550.93,PKR
PAY001167,O001167,2026-07-03 10:41:30,wallet,paid,6930.0,PKR
PAY001168,O001168,2026-06-25 16:01:14,cash,paid,1879.5,PKR
PAY001169,O001169,2026-08-31 15:59:06,cash,paid,3383.1,PKR
PAY001170,O001170,2026-07-16 15:11:22,card,paid,1051.31,PKR
PAY001171,O001171,2026-07-01 07:21:34,card,paid,5462.73,PKR
PAY001172,O001172,2026-06-30 13:00:55,cash,paid,3984.75,PKR
PAY001173,O001173,2026-08-10 21:29:22,cash,paid,9072.0,PKR
PAY001174,O001174,2026-06-11 00:50:59,cash,paid,7560.0,PKR
PAY001175,O001175,2026-06-23 21:27:50,wallet,paid,3289.23,PKR
PAY001176,O001176,2026-07-29 01:27:21,cash,paid,3092.25,PKR
PAY001177,O001177,2026-07-27 13:27:20,bank_transfer,paid,5150.88,PKR
PAY001178,O001178,2026-06-06 08:40:57,cash,paid,2971.5,PKR
PAY001179,O001179,2026-07-01 22:50:54,card,paid,10867.5,PKR
PAY001180,O001180,2026-07-23 20:54:25,cash,paid,12747.0,PKR
PAY001181,O001181,2026-07-11 10:32:30,cash,paid,4914.0,PKR
PAY001182,O001182,2026-06-03 05:43:54,wallet,paid,1737.75,PKR
PAY001183,O001183,2026-06-12 11:51:51,cash,paid,3830.19,PKR
PAY001184,O001184,2026-08-30 16:57:22,cash,refunded,2635.5,PKR
PAY001185,O001185,2026-06-08 13:31:58,cash,paid,9098.25,PKR
PAY001186,O001186,2026-07-24 13:17:31,card,paid,556.5,PKR
PAY001187,O001187,2026-08-06 02:08:05,card,paid,7260.75,PKR
PAY001188,O001188,2026-08-19 20:09:59,cash,paid,4509.75,PKR
PAY001189,O001189,2026-07-23 13:33:52,bank_transfer,paid,1932.0,PKR
PAY001190,O001190,2026-08-04 18:21:27,card,paid,7512.75,PKR
PAY001191,O001191,2026-07-30 00:20:02,wallet,paid,546.0,PKR
PAY001192,O001192,2026-06-11 17:23:49,wallet,paid,3774.17,PKR
PAY001193,O001193,2026-08-21 06:28:42,card,paid,2677.5,PKR
PAY001194,O001194,2026-07-18 00:38:53,card,cancelled,0.0,PKR
PAY001195,O001195,2026-07-19 21:38:35,card,paid,6657.0,PKR
PAY001196,O001196,2026-06-22 06:34:23,wallet,paid,8074.5,PKR
PAY001197,O001197,2026-06-25 19:05:27,cash,refunded,1055.25,PKR
PAY001198,O001198,2026-08-31 01:28:44,cash,paid,682.5,PKR
PAY001199,O001199,2026-07-30 17:35:03,wallet,refunded,2630.25,PKR
PAY001200,O001200,2026-08-19 09:33:56,card,paid,215.25,PKR
PAY001201,O001201,2026-07-07 16:24:46,card,paid,2283.75,PKR
PAY001202,O001202,2026-08-23 15:50:49,card,cancelled,0.0,PKR
PAY001203,O001203,2026-07-08 21:07:14,card,cancelled,0.0,PKR
PAY001204,O001204,2026-07-16 18:28:55,card,paid,5727.75,PKR
PAY001205,O001205,2026-07-11 07:12:11,cash,paid,8132.25,PKR
PAY001206,O001206,2026-07-11 10:10:30,wallet,paid,3832.5,PKR
PAY001207,O001207,2026-07-16 16:50:38,card,paid,687.75,PKR
PAY001208,O001208,2026-08-07 10:29:56,card,paid,3102.75,PKR
PAY001209,O001209,2026-06-06 14:08:12,cash,paid,7098.0,PKR
PAY001210,O001210,2026-06-19 05:09:04,card,paid,371.91,PKR
PAY001211,O001211,2026-07-08 01:06:31,cash,cancelled,0.0,PKR
PAY001212,O001212,2026-08-17 16:13:18,cash,paid,5764.5,PKR
PAY001213,O001213,2026-08-06 11:47:40,card,paid,1911.0,PKR
PAY001214,O001214,2026-06-17 03:35:22,wallet,paid,2457.0,PKR
PAY001215,O001215,2026-08-22 00:13:37,card,paid,6531.0,PKR
PAY001216,O001216,2026-07-11 17:27:56,card,paid,641.81,PKR
PAY001217,O001217,2026-07-29 19:47:29,bank_transfer,paid,5649.0,PKR
PAY001218,O001218,2026-07-23 04:52:12,card,paid,2164.05,PKR
PAY001219,O001219,2026-06-08 07:09:38,wallet,cancelled,0.0,PKR
PAY001220,O001220,2026-06-02 05:09:26,card,paid,6063.75,PKR
PAY001221,O001221,2026-07-29 01:51:55,wallet,paid,4116.0,PKR
PAY001222,O001222,2026-08-07 14:48:30,cash,paid,1828.58,PKR
PAY001223,O001223,2026-06-20 10:46:15,wallet,paid,3318.0,PKR
PAY001224,O001224,2026-06-10 11:57:00,card,paid,2551.5,PKR
PAY001225,O001225,2026-06-21 10:39:11,card,paid,1816.5,PKR
PAY001226,O001226,2026-07-21 22:33:00,card,paid,3013.92,PKR
PAY001227,O001227,2026-06-05 22:24:58,cash,paid,11366.25,PKR
PAY001228,O001228,2026-07-20 12:26:50,wallet,paid,2756.25,PKR
PAY001229,O001229,2026-08-27 05:52:15,wallet,paid,3827.25,PKR
PAY001230,O001230,2026-07-19 21:26:36,card,paid,9423.75,PKR
PAY001231,O001231,2026-07-31 06:00:05,wallet,paid,4499.25,PKR
PAY001232,O001232,2026-06-13 10:01:34,card,paid,3764.41,PKR
PAY001233,O001233,2026-06-01 10:31:27,card,paid,3522.75,PKR
PAY001234,O001234,2026-07-29 20:56:36,wallet,paid,252.0,PKR
PAY001235,O001235,2026-06-11 23:04:21,wallet,refunded,215.25,PKR
PAY001236,O001236,2026-08-04 19:23:34,cash,paid,2740.5,PKR
PAY001237,O001237,2026-06-04 23:01:32,cash,paid,3386.25,PKR
PAY001238,O001238,2026-07-25 04:23:51,card,paid,472.5,PKR
PAY001239,O001239,2026-08-31 07:10:10,card,paid,8127.0,PKR
PAY001240,O001240,2026-08-11 06:07:10,wallet,paid,1134.0,PKR
PAY001241,O001241,2026-08-01 08:36:34,wallet,paid,246.75,PKR
PAY001242,O001242,2026-07-07 08:12:28,cash,paid,2205.0,PKR
PAY001243,O001243,2026-06-11 22:13:08,wallet,paid,1968.75,PKR
PAY001244,O001244,2026-08-12 04:49:26,card,paid,1701.0,PKR
PAY001245,O001245,2026-07-01 14:56:46,wallet,paid,1774.5,PKR
PAY001246,O001246,2026-06-15 08:52:17,card,paid,2387.65,PKR
PAY001247,O001247,2026-06-23 10:54:04,cash,paid,2766.75,PKR
PAY001248,O001248,2026-06-27 21:53:45,cash,paid,546.0,PKR
PAY001249,O001249,2026-07-04 20:40:11,bank_transfer,paid,2812.95,PKR
PAY001250,O001250,2026-06-06 20:23:14,cash,paid,1816.5,PKR
PAY001251,O001251,2026-06-02 00:10:44,card,paid,7082.25,PKR
PAY001252,O001252,2026-08-03 12:52:56,card,paid,2943.68,PKR
PAY001253,O001253,2026-06-27 00:33:24,cash,refunded,5848.5,PKR
PAY001254,O001254,2026-07-18 19:14:27,card,paid,7875.0,PKR
PAY001255,O001255,2026-07-08 12:32:33,card,paid,2289.0,PKR
PAY001256,O001256,2026-06-05 12:30:41,card,paid,2756.25,PKR
PAY001257,O001257,2026-08-18 23:13:19,card,paid,6482.7,PKR
PAY001258,O001258,2026-06-12 06:40:49,card,paid,2285.01,PKR
PAY001259,O001259,2026-07-17 07:42:14,wallet,paid,937.12,PKR
PAY001260,O001260,2026-08-29 20:20:44,card,paid,2630.25,PKR
PAY001261,O001261,2026-07-16 10:00:09,card,paid,1926.75,PKR
PAY001262,O001262,2026-08-23 23:45:03,card,cancelled,0.0,PKR
PAY001263,O001263,2026-08-15 18:45:58,cash,paid,399.0,PKR
PAY001264,O001264,2026-08-30 19:15:05,cash,paid,4205.25,PKR
PAY001265,O001265,2026-06-11 03:48:49,wallet,paid,3284.77,PKR
PAY001266,O001266,2026-08-18 00:35:18,cash,paid,2304.75,PKR
PAY001267,O001267,2026-08-30 17:42:15,card,cancelled,0.0,PKR
PAY001268,O001268,2026-08-29 12:08:51,card,paid,3591.0,PKR
PAY001269,O001269,2026-07-01 05:20:13,cash,paid,4068.75,PKR
PAY001270,O001270,2026-07-20 11:56:43,card,paid,1401.75,PKR
PAY001271,O001271,2026-08-02 05:09:27,bank_transfer,paid,1879.5,PKR
PAY001272,O001272,2026-07-09 00:29:06,cash,paid,9612.75,PKR
PAY001273,O001273,2026-07-24 05:04:38,card,paid,554.4,PKR
PAY001274,O001274,2026-07-12 15:09:21,cash,paid,8468.25,PKR
PAY001275,O001275,2026-08-28 16:27:44,bank_transfer,paid,791.44,PKR
PAY001276,O001276,2026-07-14 06:20:17,cash,paid,673.31,PKR
PAY001277,O001277,2026-07-24 14:47:55,wallet,paid,5260.5,PKR
PAY001278,O001278,2026-07-24 22:02:10,cash,paid,1953.0,PKR
PAY001279,O001279,2026-06-29 14:34:13,wallet,paid,1669.5,PKR
PAY001280,O001280,2026-06-23 17:04:22,cash,cancelled,0.0,PKR
PAY001281,O001281,2026-06-29 11:53:51,cash,paid,3276.0,PKR
PAY001282,O001282,2026-06-05 06:16:42,cash,paid,630.0,PKR
PAY001283,O001283,2026-06-23 22:22:23,card,paid,8106.0,PKR
PAY001284,O001284,2026-08-20 10:43:07,wallet,refunded,6468.0,PKR
PAY001285,O001285,2026-07-09 02:36:30,card,paid,6336.75,PKR
PAY001286,O001286,2026-08-26 13:23:41,cash,paid,1323.0,PKR
PAY001287,O001287,2026-06-18 05:18:09,card,paid,2451.75,PKR
PAY001288,O001288,2026-06-13 16:08:18,wallet,paid,6667.5,PKR
PAY001289,O001289,2026-06-06 23:00:18,card,paid,1233.75,PKR
PAY001290,O001290,2026-07-07 17:04:29,wallet,paid,4089.75,PKR
PAY001291,O001291,2026-06-20 11:53:39,card,cancelled,0.0,PKR
PAY001292,O001292,2026-06-05 19:27:41,card,paid,4746.0,PKR
PAY001293,O001293,2026-06-16 18:13:51,wallet,paid,4598.16,PKR
PAY001294,O001294,2026-08-05 03:21:37,wallet,paid,3932.25,PKR
PAY001295,O001295,2026-08-27 06:33:40,cash,paid,3024.0,PKR
PAY001296,O001296,2026-08-06 11:52:40,card,paid,5575.5,PKR
PAY001297,O001297,2026-07-22 04:52:29,cash,paid,3735.64,PKR
PAY001298,O001298,2026-06-22 13:36:55,cash,paid,5805.29,PKR
PAY001299,O001299,2026-06-17 15:03:31,wallet,paid,2320.5,PKR
PAY001300,O001300,2026-06-22 03:41:45,wallet,paid,4433.94,PKR
PAY001301,O001301,2026-07-06 03:01:34,cash,cancelled,0.0,PKR
PAY001302,O001302,2026-06-15 16:21:33,wallet,paid,798.79,PKR
PAY001303,O001303,2026-06-13 08:37:55,wallet,refunded,2333.1,PKR
PAY001304,O001304,2026-06-30 06:34:57,card,paid,1417.5,PKR
PAY001305,O001305,2026-08-19 11:31:08,wallet,paid,5601.75,PKR
PAY001306,O001306,2026-06-02 11:51:21,card,paid,3627.75,PKR
PAY001307,O001307,2026-07-20 21:19:25,card,paid,3039.75,PKR
PAY001308,O001308,2026-06-13 14:21:07,cash,paid,981.75,PKR
PAY001309,O001309,2026-07-21 05:41:42,wallet,paid,10214.4,PKR
PAY001310,O001310,2026-08-05 09:32:27,cash,paid,5498.64,PKR
PAY001311,O001311,2026-07-16 05:19:24,card,paid,6814.5,PKR
PAY001312,O001312,2026-08-05 09:17:40,wallet,paid,2383.5,PKR
PAY001313,O001313,2026-08-09 18:11:21,wallet,paid,1832.25,PKR
PAY001314,O001314,2026-08-23 01:26:51,bank_transfer,paid,2730.0,PKR
PAY001315,O001315,2026-08-18 18:40:58,card,refunded,8447.25,PKR
PAY001316,O001316,2026-08-30 20:48:54,cash,cancelled,0.0,PKR
PAY001317,O001317,2026-08-24 11:53:44,card,paid,4810.05,PKR
PAY001318,O001318,2026-06-04 03:21:58,wallet,refunded,4420.5,PKR
PAY001319,O001319,2026-06-14 08:08:45,bank_transfer,refunded,3090.62,PKR
PAY001320,O001320,2026-08-27 17:36:56,wallet,refunded,5276.25,PKR
PAY001321,O001321,2026-06-23 00:30:08,cash,paid,8027.25,PKR
PAY001322,O001322,2026-07-06 06:30:51,card,paid,3790.5,PKR
PAY001323,O001323,2026-07-16 12:31:41,cash,paid,4315.5,PKR
PAY001324,O001324,2026-06-27 23:33:27,wallet,paid,2564.73,PKR
PAY001325,O001325,2026-07-22 11:21:18,cash,paid,6195.0,PKR
PAY001326,O001326,2026-06-13 15:48:23,card,paid,1275.75,PKR
PAY001327,O001327,2026-06-22 09:41:05,bank_transfer,paid,2226.0,PKR
PAY001328,O001328,2026-06-12 22:03:22,bank_transfer,paid,4984.98,PKR
PAY001329,O001329,2026-07-28 04:05:08,card,paid,2157.75,PKR
PAY001330,O001330,2026-08-04 16:26:23,wallet,paid,2835.0,PKR
PAY001331,O001331,2026-07-17 04:13:34,card,paid,1601.25,PKR
PAY001332,O001332,2026-06-24 07:21:12,card,paid,2745.75,PKR
PAY001333,O001333,2026-07-06 10:55:58,card,paid,10022.25,PKR
PAY001334,O001334,2026-08-10 17:41:58,wallet,paid,4940.25,PKR
PAY001335,O001335,2026-07-21 04:40:24,cash,paid,4074.0,PKR
PAY001336,O001336,2026-08-05 13:53:56,bank_transfer,paid,2761.92,PKR
PAY001337,O001337,2026-08-22 14:14:42,card,paid,1197.0,PKR
PAY001338,O001338,2026-07-19 10:41:24,cash,paid,1617.0,PKR
PAY001339,O001339,2026-08-09 05:42:53,wallet,paid,1764.0,PKR
PAY001340,O001340,2026-07-05 12:05:47,wallet,paid,5722.5,PKR
PAY001341,O001341,2026-08-02 02:26:28,card,paid,3936.24,PKR
PAY001342,O001342,2026-07-09 17:51:24,card,paid,1386.0,PKR
PAY001343,O001343,2026-08-05 02:28:53,cash,paid,6877.5,PKR
PAY001344,O001344,2026-07-27 01:41:21,wallet,paid,7581.0,PKR
PAY001345,O001345,2026-08-18 00:24:35,card,refunded,619.5,PKR
PAY001346,O001346,2026-07-15 16:23:58,cash,paid,3753.75,PKR
PAY001347,O001347,2026-07-02 22:10:56,cash,paid,6404.58,PKR
PAY001348,O001348,2026-07-31 06:49:22,wallet,paid,9807.0,PKR
PAY001349,O001349,2026-06-16 10:25:38,cash,paid,286.44,PKR
PAY001350,O001350,2026-07-15 15:46:00,card,paid,3312.75,PKR
PAY001351,O001351,2026-06-16 15:28:58,cash,paid,4536.0,PKR
PAY001352,O001352,2026-07-22 09:46:20,wallet,paid,2247.0,PKR
PAY001353,O001353,2026-06-12 14:57:32,wallet,paid,1883.7,PKR
PAY001354,O001354,2026-08-04 15:49:56,cash,paid,942.48,PKR
PAY001355,O001355,2026-07-21 16:05:37,card,paid,1155.0,PKR
PAY001356,O001356,2026-08-07 19:06:28,cash,paid,3200.4,PKR
PAY001357,O001357,2026-06-17 22:20:14,card,paid,986.27,PKR
PAY001358,O001358,2026-07-14 03:48:17,card,paid,913.5,PKR
PAY001359,O001359,2026-07-30 23:04:30,wallet,paid,4924.08,PKR
PAY001360,O001360,2026-06-29 08:51:33,card,paid,4425.75,PKR
PAY001361,O001361,2026-07-02 13:31:20,wallet,paid,2163.0,PKR
PAY001362,O001362,2026-06-10 16:05:24,card,paid,5680.5,PKR
PAY001363,O001363,2026-07-07 23:14:49,wallet,paid,3438.75,PKR
PAY001364,O001364,2026-06-09 04:14:48,card,paid,3690.75,PKR
PAY001365,O001365,2026-08-26 17:33:42,card,paid,5055.75,PKR
PAY001366,O001366,2026-08-30 07:28:27,wallet,paid,1496.25,PKR
PAY001367,O001367,2026-06-04 14:28:08,wallet,paid,2005.5,PKR
PAY001368,O001368,2026-08-18 20:36:40,wallet,paid,7229.25,PKR
PAY001369,O001369,2026-08-14 09:12:10,card,paid,803.25,PKR
PAY001370,O001370,2026-06-26 15:22:08,wallet,paid,1034.25,PKR
PAY001371,O001371,2026-07-27 00:54:00,bank_transfer,paid,4441.5,PKR
PAY001372,O001372,2026-08-24 05:53:01,cash,paid,6951.0,PKR
PAY001373,O001373,2026-08-06 09:04:10,cash,paid,2698.5,PKR
PAY001374,O001374,2026-07-06 01:51:23,card,paid,713.21,PKR
PAY001375,O001375,2026-07-28 08:10:05,wallet,cancelled,0.0,PKR
PAY001376,O001376,2026-08-15 02:23:45,wallet,paid,3803.62,PKR
PAY001377,O001377,2026-08-05 00:14:35,card,paid,1296.75,PKR
PAY001378,O001378,2026-06-30 17:21:50,card,paid,2786.91,PKR
PAY001379,O001379,2026-08-24 22:14:18,card,paid,4332.83,PKR
PAY001380,O001380,2026-06-06 00:35:23,cash,paid,1307.25,PKR
PAY001381,O001381,2026-06-19 02:43:13,card,paid,2242.8,PKR
PAY001382,O001382,2026-07-16 20:00:57,cash,paid,1890.0,PKR
PAY001383,O001383,2026-06-16 09:11:07,cash,paid,5764.5,PKR
PAY001384,O001384,2026-06-25 02:56:59,wallet,paid,9549.75,PKR
PAY001385,O001385,2026-07-11 03:20:29,cash,paid,808.5,PKR
PAY001386,O001386,2026-06-30 17:35:57,bank_transfer,paid,4231.5,PKR
PAY001387,O001387,2026-06-03 21:07:12,card,paid,4005.75,PKR
PAY001388,O001388,2026-07-18 10:03:45,cash,paid,6557.25,PKR
PAY001389,O001389,2026-08-22 07:33:00,card,paid,7176.75,PKR
PAY001390,O001390,2026-07-22 19:33:17,card,refunded,5827.5,PKR
PAY001391,O001391,2026-06-21 04:46:26,cash,paid,8438.54,PKR
PAY001392,O001392,2026-07-12 19:33:31,wallet,cancelled,0.0,PKR
PAY001393,O001393,2026-06-18 14:02:46,wallet,paid,4326.0,PKR
PAY001394,O001394,2026-06-25 13:11:49,cash,paid,5990.25,PKR
PAY001395,O001395,2026-08-01 17:42:54,bank_transfer,paid,1562.4,PKR
PAY001396,O001396,2026-08-12 06:44:01,wallet,paid,1989.75,PKR
PAY001397,O001397,2026-07-05 21:33:39,wallet,paid,10536.23,PKR
PAY001398,O001398,2026-07-02 23:57:48,cash,paid,3289.23,PKR
PAY001399,O001399,2026-07-30 07:40:36,bank_transfer,paid,918.75,PKR
PAY001400,O001400,2026-08-05 18:55:49,wallet,paid,272.16,PKR
PAY001401,O001401,2026-07-09 03:52:44,card,cancelled,0.0,PKR
PAY001402,O001402,2026-08-30 22:12:05,card,paid,6772.5,PKR
PAY001403,O001403,2026-08-13 13:26:29,wallet,paid,2394.0,PKR
PAY001404,O001404,2026-06-09 17:47:47,card,paid,5129.25,PKR
PAY001405,O001405,2026-08-18 05:32:08,card,paid,824.25,PKR
PAY001406,O001406,2026-07-23 15:01:05,wallet,paid,2147.25,PKR
PAY001407,O001407,2026-07-19 17:16:24,card,paid,3375.75,PKR
PAY001408,O001408,2026-08-20 16:06:43,wallet,paid,6179.25,PKR
PAY001409,O001409,2026-08-05 17:47:41,card,paid,2026.5,PKR
PAY001410,O001410,2026-07-28 16:03:18,cash,paid,6762.0,PKR
PAY001411,O001411,2026-06-05 00:46:41,cash,paid,1323.0,PKR
PAY001412,O001412,2026-06-01 19:30:25,card,paid,4037.25,PKR
PAY001413,O001413,2026-06-09 00:36:15,wallet,cancelled,0.0,PKR
PAY001414,O001414,2026-08-04 06:40:13,wallet,paid,4872.0,PKR
PAY001415,O001415,2026-07-12 12:00:58,cash,paid,1480.5,PKR
PAY001416,O001416,2026-06-18 23:44:46,wallet,paid,2892.75,PKR
PAY001417,O001417,2026-08-20 07:11:15,cash,paid,9838.5,PKR
PAY001418,O001418,2026-08-01 09:15:04,card,paid,2550.24,PKR
PAY001419,O001419,2026-07-14 19:03:40,cash,paid,1212.75,PKR
PAY001420,O001420,2026-06-06 06:15:53,cash,paid,5580.75,PKR
PAY001421,O001421,2026-08-30 18:15:35,card,paid,8400.0,PKR
PAY001422,O001422,2026-07-10 07:51:14,cash,paid,4399.5,PKR
PAY001423,O001423,2026-08-16 08:19:13,wallet,paid,2635.5,PKR
PAY001424,O001424,2026-08-20 12:57:08,wallet,paid,4474.58,PKR
PAY001425,O001425,2026-06-25 08:43:17,bank_transfer,paid,3711.75,PKR
PAY001426,O001426,2026-06-21 13:09:37,card,paid,1496.25,PKR
PAY001427,O001427,2026-08-06 13:48:40,bank_transfer,paid,2328.48,PKR
PAY001428,O001428,2026-08-24 02:04:53,wallet,paid,7738.5,PKR
PAY001429,O001429,2026-07-09 13:18:52,cash,paid,6195.0,PKR
PAY001430,O001430,2026-06-05 13:28:35,cash,paid,2478.0,PKR
PAY001431,O001431,2026-07-12 14:35:22,card,paid,2866.5,PKR
PAY001432,O001432,2026-07-04 11:20:12,card,paid,3864.0,PKR
PAY001433,O001433,2026-08-19 18:37:40,cash,paid,7318.5,PKR
PAY001434,O001434,2026-08-26 09:58:35,card,paid,514.5,PKR
PAY001435,O001435,2026-06-23 23:39:26,cash,paid,1903.02,PKR
PAY001436,O001436,2026-07-01 11:43:07,cash,paid,4269.72,PKR
PAY001437,O001437,2026-08-07 06:35:04,card,paid,483.84,PKR
PAY001438,O001438,2026-06-01 14:03:45,cash,paid,4210.5,PKR
PAY001439,O001439,2026-08-01 11:45:42,cash,paid,4525.92,PKR
PAY001440,O001440,2026-07-31 07:40:06,wallet,paid,5730.48,PKR
PAY001441,O001441,2026-08-26 17:04:16,card,paid,981.75,PKR
PAY001442,O001442,2026-08-28 12:24:53,card,paid,803.25,PKR
PAY001443,O001443,2026-08-01 04:25:47,card,paid,4289.25,PKR
PAY001444,O001444,2026-08-31 08:11:22,wallet,paid,2121.0,PKR
PAY001445,O001445,2026-08-02 15:03:38,card,paid,1451.52,PKR
PAY001446,O001446,2026-08-29 18:31:40,cash,paid,1512.0,PKR
PAY001447,O001447,2026-06-11 17:19:18,bank_transfer,paid,787.5,PKR
PAY001448,O001448,2026-08-24 01:55:47,card,paid,2887.5,PKR
PAY001449,O001449,2026-07-27 14:50:55,wallet,paid,1118.25,PKR
PAY001450,O001450,2026-08-29 20:52:44,cash,paid,3265.5,PKR
PAY001451,O001451,2026-08-22 12:31:45,card,paid,1155.0,PKR
PAY001452,O001452,2026-07-17 12:30:01,card,paid,2394.0,PKR
PAY001453,O001453,2026-06-30 19:20:03,card,paid,4016.25,PKR
PAY001454,O001454,2026-07-24 15:46:43,cash,cancelled,0.0,PKR
PAY001455,O001455,2026-06-03 10:43:08,cash,paid,5948.25,PKR
PAY001456,O001456,2026-06-17 21:24:07,wallet,paid,3228.75,PKR
PAY001457,O001457,2026-08-15 15:08:11,wallet,paid,6909.0,PKR
PAY001458,O001458,2026-06-08 19:54:37,card,paid,2756.25,PKR
PAY001459,O001459,2026-06-08 13:55:10,card,paid,3785.25,PKR
PAY001460,O001460,2026-07-03 23:16:09,card,paid,4788.0,PKR
PAY001461,O001461,2026-08-28 02:07:35,cash,paid,456.75,PKR
PAY001462,O001462,2026-06-25 01:48:44,cash,paid,514.5,PKR
PAY001463,O001463,2026-07-12 12:12:34,cash,paid,5108.25,PKR
PAY001464,O001464,2026-08-23 09:50:53,cash,paid,1181.25,PKR
PAY001465,O001465,2026-06-26 03:34:15,cash,paid,2762.76,PKR
PAY001466,O001466,2026-08-18 17:08:58,card,paid,3097.5,PKR
PAY001467,O001467,2026-06-30 08:00:14,card,paid,3517.5,PKR
PAY001468,O001468,2026-08-13 06:24:47,wallet,cancelled,0.0,PKR
PAY001469,O001469,2026-06-28 12:22:21,cash,paid,3487.26,PKR
PAY001470,O001470,2026-07-09 13:21:25,cash,cancelled,0.0,PKR
PAY001471,O001471,2026-07-16 20:53:41,wallet,paid,1475.25,PKR
PAY001472,O001472,2026-08-20 01:05:36,wallet,paid,5286.75,PKR
PAY001473,O001473,2026-06-22 00:13:52,wallet,refunded,2499.0,PKR
PAY001474,O001474,2026-07-19 11:52:04,card,paid,4902.71,PKR
PAY001475,O001475,2026-08-25 02:24:10,wallet,paid,6872.25,PKR
PAY001476,O001476,2026-06-05 17:31:37,wallet,paid,2677.34,PKR
PAY001477,O001477,2026-07-07 07:14:10,card,paid,5292.0,PKR
PAY001478,O001478,2026-08-12 17:09:25,card,paid,3601.5,PKR
PAY001479,O001479,2026-06-07 17:37:12,bank_transfer,paid,10221.75,PKR
PAY001480,O001480,2026-06-06 02:58:08,card,paid,1743.05,PKR
PAY001481,O001481,2026-08-26 09:22:38,wallet,paid,2625.0,PKR
PAY001482,O001482,2026-06-13 13:25:34,cash,paid,4820.34,PKR
PAY001483,O001483,2026-06-25 06:55:38,cash,paid,2751.0,PKR
PAY001484,O001484,2026-07-31 05:30:45,wallet,paid,3638.25,PKR
PAY001485,O001485,2026-06-25 10:45:28,card,paid,1774.5,PKR
PAY001486,O001486,2026-08-25 21:27:08,wallet,paid,614.25,PKR
PAY001487,O001487,2026-07-31 09:20:01,card,paid,2651.25,PKR
PAY001488,O001488,2026-08-28 05:59:42,cash,paid,2945.25,PKR
PAY001489,O001489,2026-08-27 13:17:07,cash,paid,5958.75,PKR
PAY001490,O001490,2026-07-22 01:28:56,card,paid,3675.0,PKR
PAY001491,O001491,2026-08-11 01:56:56,card,paid,1785.0,PKR
PAY001492,O001492,2026-08-11 16:19:09,card,paid,2257.5,PKR
PAY001493,O001493,2026-06-11 07:30:58,card,paid,4101.3,PKR
PAY001494,O001494,2026-08-07 08:33:34,bank_transfer,cancelled,0.0,PKR
PAY001495,O001495,2026-07-11 02:46:49,bank_transfer,paid,6762.0,PKR
PAY001496,O001496,2026-08-18 11:13:27,bank_transfer,paid,1527.75,PKR
PAY001497,O001497,2026-08-26 07:02:59,card,paid,5103.0,PKR
PAY001498,O001498,2026-07-04 05:12:47,wallet,paid,1326.68,PKR
PAY001499,O001499,2026-08-21 07:39:44,wallet,paid,1328.25,PKR
PAY001500,O001500,2026-08-09 23:10:35,bank_transfer,paid,4368.0,PKR
PAY001501,O001501,2026-08-15 13:23:51,cash,paid,3118.5,PKR
PAY001502,O001502,2026-07-19 11:35:30,cash,paid,6237.0,PKR
PAY001503,O001503,2026-08-20 23:02:49,bank_transfer,paid,6042.75,PKR
PAY001504,O001504,2026-08-28 01:31:08,wallet,paid,291.38,PKR
PAY001505,O001505,2026-08-03 04:13:21,card,cancelled,0.0,PKR
PAY001506,O001506,2026-07-03 19:48:14,card,paid,4404.75,PKR
PAY001507,O001507,2026-07-08 12:27:01,card,paid,4084.5,PKR
PAY001508,O001508,2026-07-07 14:20:51,cash,paid,3039.75,PKR
PAY001509,O001509,2026-06-28 09:47:59,wallet,paid,2399.25,PKR
PAY001510,O001510,2026-06-27 09:55:29,cash,paid,5418.0,PKR
PAY001511,O001511,2026-06-08 06:27:27,cash,paid,6021.75,PKR
PAY001512,O001512,2026-08-02 13:06:35,card,paid,4263.84,PKR
PAY001513,O001513,2026-06-13 11:10:38,cash,paid,3717.0,PKR
PAY001514,O001514,2026-07-19 22:18:06,cash,paid,1816.5,PKR
PAY001515,O001515,2026-07-14 06:08:18,cash,paid,2299.5,PKR
PAY001516,O001516,2026-07-18 13:01:30,wallet,cancelled,0.0,PKR
PAY001517,O001517,2026-07-18 21:25:11,wallet,paid,630.0,PKR
PAY001518,O001518,2026-07-20 02:51:29,card,paid,5817.0,PKR
PAY001519,O001519,2026-07-16 20:11:09,wallet,paid,3963.75,PKR
PAY001520,O001520,2026-07-24 18:10:55,wallet,paid,2546.25,PKR
PAY001521,O001521,2026-08-25 20:53:14,bank_transfer,paid,2257.5,PKR
PAY001522,O001522,2026-06-06 16:42:17,cash,paid,4018.35,PKR
PAY001523,O001523,2026-06-09 09:41:45,card,paid,5160.8,PKR
PAY001524,O001524,2026-06-28 05:36:58,wallet,paid,5150.25,PKR
PAY001525,O001525,2026-07-26 07:49:36,card,paid,2499.0,PKR
PAY001526,O001526,2026-06-16 14:14:21,cash,paid,3449.25,PKR
PAY001527,O001527,2026-07-19 09:05:40,card,paid,3097.5,PKR
PAY001528,O001528,2026-07-02 08:18:37,card,paid,8888.25,PKR
PAY001529,O001529,2026-07-17 05:05:06,cash,paid,8408.93,PKR
PAY001530,O001530,2026-07-23 06:27:52,card,paid,783.56,PKR
PAY001531,O001531,2026-06-28 09:44:01,wallet,paid,3349.5,PKR
PAY001532,O001532,2026-07-14 07:13:59,wallet,paid,2488.5,PKR
PAY001533,O001533,2026-08-05 06:25:52,wallet,paid,1155.0,PKR
PAY001534,O001534,2026-06-15 21:15:37,cash,paid,8274.0,PKR
PAY001535,O001535,2026-06-20 12:09:59,card,paid,8124.48,PKR
PAY001536,O001536,2026-08-26 03:49:36,cash,cancelled,0.0,PKR
PAY001537,O001537,2026-08-12 20:49:27,card,paid,677.25,PKR
PAY001538,O001538,2026-06-07 23:10:41,wallet,paid,2299.5,PKR
PAY001539,O001539,2026-08-27 14:25:18,cash,refunded,3827.25,PKR
PAY001540,O001540,2026-06-02 11:16:31,cash,paid,1491.0,PKR
PAY001541,O001541,2026-07-11 17:29:22,cash,paid,2667.0,PKR
PAY001542,O001542,2026-08-01 16:07:19,card,paid,3558.24,PKR
PAY001543,O001543,2026-07-31 14:57:12,card,paid,6468.0,PKR
PAY001544,O001544,2026-08-20 15:53:10,bank_transfer,paid,441.0,PKR
PAY001545,O001545,2026-06-11 19:59:19,card,paid,2873.85,PKR
PAY001546,O001546,2026-07-26 06:18:47,card,paid,7192.5,PKR
PAY001547,O001547,2026-07-03 13:18:54,cash,paid,3616.57,PKR
PAY001548,O001548,2026-08-23 15:24:17,cash,paid,8212.05,PKR
PAY001549,O001549,2026-07-29 16:55:52,cash,paid,3423.0,PKR
PAY001550,O001550,2026-08-23 16:51:17,wallet,paid,1450.58,PKR
PAY001551,O001551,2026-06-10 06:41:30,bank_transfer,paid,288.75,PKR
PAY001552,O001552,2026-08-01 19:09:20,cash,paid,3470.25,PKR
PAY001553,O001553,2026-06-24 23:44:50,cash,paid,6903.75,PKR
PAY001554,O001554,2026-06-10 17:20:37,card,paid,2488.5,PKR
PAY001555,O001555,2026-08-23 19:03:12,card,cancelled,0.0,PKR
PAY001556,O001556,2026-06-24 08:25:08,card,paid,6667.5,PKR
PAY001557,O001557,2026-06-14 13:44:25,cash,paid,6500.34,PKR
PAY001558,O001558,2026-07-16 00:07:03,cash,cancelled,0.0,PKR
PAY001559,O001559,2026-08-08 22:45:19,wallet,paid,5282.55,PKR
PAY001560,O001560,2026-07-06 09:12:18,wallet,paid,10129.61,PKR
PAY001561,O001561,2026-08-08 08:55:15,cash,paid,2142.0,PKR
PAY001562,O001562,2026-06-24 17:52:50,wallet,cancelled,0.0,PKR
PAY001563,O001563,2026-06-07 07:40:01,card,paid,5575.5,PKR
PAY001564,O001564,2026-07-31 21:20:17,wallet,paid,2451.75,PKR
PAY001565,O001565,2026-08-01 13:11:00,card,paid,968.62,PKR
PAY001566,O001566,2026-08-27 16:29:12,card,paid,973.35,PKR
PAY001567,O001567,2026-07-08 02:09:16,cash,paid,4908.75,PKR
PAY001568,O001568,2026-06-14 21:53:11,wallet,paid,4908.75,PKR
PAY001569,O001569,2026-07-15 11:24:17,card,paid,1422.75,PKR
PAY001570,O001570,2026-06-10 08:28:09,card,paid,2845.5,PKR
PAY001571,O001571,2026-06-05 07:32:26,cash,paid,733.58,PKR
PAY001572,O001572,2026-08-22 07:33:53,card,paid,2378.25,PKR
PAY001573,O001573,2026-06-22 00:33:30,cash,paid,2005.5,PKR
PAY001574,O001574,2026-07-19 03:20:40,bank_transfer,paid,574.88,PKR
PAY001575,O001575,2026-06-15 23:57:49,card,paid,3843.0,PKR
PAY001576,O001576,2026-08-25 16:50:50,wallet,paid,7712.25,PKR
PAY001577,O001577,2026-07-29 20:52:15,wallet,paid,1260.0,PKR
PAY001578,O001578,2026-07-16 21:22:47,bank_transfer,paid,3092.25,PKR
PAY001579,O001579,2026-08-08 03:25:42,cash,paid,1068.48,PKR
PAY001580,O001580,2026-08-07 08:17:55,card,cancelled,0.0,PKR
PAY001581,O001581,2026-08-30 08:43:47,card,paid,4942.35,PKR
PAY001582,O001582,2026-08-27 09:17:34,card,paid,934.5,PKR
PAY001583,O001583,2026-07-04 20:24:52,cash,paid,2472.75,PKR
PAY001584,O001584,2026-07-23 12:13:58,cash,paid,5649.0,PKR
PAY001585,O001585,2026-07-18 22:35:29,card,paid,693.0,PKR
PAY001586,O001586,2026-06-21 15:04:40,card,paid,5050.5,PKR
PAY001587,O001587,2026-06-24 18:27:58,card,paid,2562.0,PKR
PAY001588,O001588,2026-06-15 03:06:33,wallet,paid,892.5,PKR
PAY001589,O001589,2026-06-18 00:47:26,wallet,paid,1049.74,PKR
PAY001590,O001590,2026-06-18 13:55:48,cash,paid,5748.75,PKR
PAY001591,O001591,2026-08-13 05:50:01,wallet,paid,177.19,PKR
PAY001592,O001592,2026-07-31 15:13:29,card,paid,5864.25,PKR
PAY001593,O001593,2026-07-19 19:34:02,bank_transfer,paid,3585.75,PKR
PAY001594,O001594,2026-07-04 19:34:24,cash,cancelled,0.0,PKR
PAY001595,O001595,2026-07-27 10:29:12,card,paid,3360.0,PKR
PAY001596,O001596,2026-08-10 01:40:36,wallet,paid,6395.76,PKR
PAY001597,O001597,2026-08-07 03:22:25,cash,paid,7124.25,PKR
PAY001598,O001598,2026-08-02 10:52:24,card,paid,5825.93,PKR
PAY001599,O001599,2026-07-24 17:12:41,card,cancelled,0.0,PKR
PAY001600,O001600,2026-07-13 02:19:11,wallet,cancelled,0.0,PKR
PAY001601,O001601,2026-08-20 03:41:44,cash,paid,4084.5,PKR
PAY001602,O001602,2026-06-09 05:50:35,cash,paid,3764.25,PKR
PAY001603,O001603,2026-06-26 12:26:36,cash,paid,2194.5,PKR
PAY001604,O001604,2026-06-06 14:27:35,card,paid,4706.73,PKR
PAY001605,O001605,2026-06-04 10:46:52,card,paid,7029.75,PKR
PAY001606,O001606,2026-08-03 13:51:18,wallet,paid,3538.08,PKR
PAY001607,O001607,2026-07-31 03:03:53,cash,refunded,3444.0,PKR
PAY001608,O001608,2026-07-16 21:07:03,wallet,paid,5202.75,PKR
PAY001609,O001609,2026-08-24 00:35:39,bank_transfer,paid,2226.0,PKR
PAY001610,O001610,2026-08-01 20:44:04,card,paid,2222.64,PKR
PAY001611,O001611,2026-07-15 09:44:11,cash,paid,1904.91,PKR
PAY001612,O001612,2026-06-13 16:39:28,card,paid,1638.0,PKR
PAY001613,O001613,2026-06-16 00:52:06,wallet,cancelled,0.0,PKR
PAY001614,O001614,2026-07-24 15:49:34,cash,paid,3528.0,PKR
PAY001615,O001615,2026-06-06 16:06:28,card,paid,2577.75,PKR
PAY001616,O001616,2026-07-27 23:24:48,card,paid,4840.5,PKR
PAY001617,O001617,2026-08-14 01:15:11,card,paid,3118.5,PKR
PAY001618,O001618,2026-07-15 16:39:03,card,paid,1396.5,PKR
PAY001619,O001619,2026-07-25 05:26:49,card,paid,8782.99,PKR
PAY001620,O001620,2026-06-09 12:21:54,cash,paid,3911.25,PKR
PAY001621,O001621,2026-06-18 10:05:46,wallet,paid,3635.94,PKR
PAY001622,O001622,2026-07-09 22:19:07,bank_transfer,paid,8799.0,PKR
PAY001623,O001623,2026-06-23 04:01:32,wallet,paid,2499.0,PKR
PAY001624,O001624,2026-08-08 17:40:54,wallet,paid,2842.56,PKR
PAY001625,O001625,2026-08-28 00:46:59,cash,refunded,693.0,PKR
PAY001626,O001626,2026-08-28 23:45:30,cash,paid,13461.0,PKR
PAY001627,O001627,2026-06-17 23:18:36,cash,paid,9331.09,PKR
PAY001628,O001628,2026-06-07 13:54:52,cash,paid,4431.0,PKR
PAY001629,O001629,2026-06-13 17:52:10,card,refunded,498.75,PKR
PAY001630,O001630,2026-07-22 08:00:14,card,paid,4940.25,PKR
PAY001631,O001631,2026-07-30 14:49:18,cash,paid,393.75,PKR
PAY001632,O001632,2026-08-17 04:44:42,card,paid,6289.5,PKR
PAY001633,O001633,2026-07-24 12:50:57,cash,paid,3717.0,PKR
PAY001634,O001634,2026-07-13 12:22:59,card,paid,3265.5,PKR
PAY001635,O001635,2026-07-11 08:41:03,card,paid,256.62,PKR
PAY001636,O001636,2026-07-05 01:54:03,card,paid,6904.07,PKR
PAY001637,O001637,2026-06-10 17:03:16,cash,paid,939.75,PKR
PAY001638,O001638,2026-06-08 23:57:30,cash,paid,5360.25,PKR
PAY001639,O001639,2026-07-24 14:31:29,card,paid,5318.25,PKR
PAY001640,O001640,2026-06-14 06:35:58,wallet,paid,2404.5,PKR
PAY001641,O001641,2026-07-24 19:03:01,card,paid,1261.84,PKR
PAY001642,O001642,2026-06-22 16:09:22,cash,paid,6438.71,PKR
PAY001643,O001643,2026-06-10 06:44:59,card,paid,7479.99,PKR
PAY001644,O001644,2026-08-15 15:52:25,wallet,paid,1144.5,PKR
PAY001645,O001645,2026-07-18 03:37:27,wallet,paid,7546.09,PKR
PAY001646,O001646,2026-08-08 16:25:18,cash,paid,3724.56,PKR
PAY001647,O001647,2026-06-10 00:55:42,wallet,cancelled,0.0,PKR
PAY001648,O001648,2026-07-21 11:54:02,wallet,paid,1123.5,PKR
PAY001649,O001649,2026-08-25 14:59:33,wallet,paid,2346.75,PKR
PAY001650,O001650,2026-07-21 23:44:39,card,paid,677.25,PKR
PAY001651,O001651,2026-08-29 15:38:52,wallet,paid,2882.25,PKR
PAY001652,O001652,2026-07-06 13:52:50,bank_transfer,paid,3640.46,PKR
PAY001653,O001653,2026-06-22 10:35:24,card,paid,4270.67,PKR
PAY001654,O001654,2026-06-27 06:24:57,bank_transfer,paid,960.75,PKR
PAY001655,O001655,2026-08-21 17:08:08,cash,paid,2630.25,PKR
PAY001656,O001656,2026-08-12 19:41:12,cash,paid,3381.0,PKR
PAY001657,O001657,2026-06-25 08:02:35,cash,paid,2378.25,PKR
PAY001658,O001658,2026-07-24 14:05:29,card,paid,2525.25,PKR
PAY001659,O001659,2026-06-18 15:25:26,wallet,paid,710.01,PKR
PAY001660,O001660,2026-06-17 17:55:35,card,paid,1617.0,PKR
PAY001661,O001661,2026-08-22 20:09:35,cash,paid,262.5,PKR
PAY001662,O001662,2026-08-03 13:14:25,wallet,cancelled,0.0,PKR
PAY001663,O001663,2026-08-31 21:30:55,cash,paid,1701.0,PKR
PAY001664,O001664,2026-07-04 12:13:39,card,paid,2967.56,PKR
PAY001665,O001665,2026-06-20 02:15:38,cash,paid,1004.64,PKR
PAY001666,O001666,2026-07-07 15:24:58,cash,paid,8463.53,PKR
PAY001667,O001667,2026-07-16 08:46:37,card,paid,8095.5,PKR
PAY001668,O001668,2026-07-28 05:25:50,card,paid,5633.25,PKR
PAY001669,O001669,2026-08-29 07:35:59,card,paid,3785.25,PKR
PAY001670,O001670,2026-06-26 06:40:11,wallet,paid,3197.46,PKR
PAY001671,O001671,2026-06-08 22:44:02,bank_transfer,paid,2110.5,PKR
PAY001672,O001672,2026-07-28 10:53:04,cash,paid,2268.0,PKR
PAY001673,O001673,2026-07-18 17:21:37,card,paid,4966.5,PKR
PAY001674,O001674,2026-08-14 15:12:35,cash,paid,2405.03,PKR
PAY001675,O001675,2026-08-06 16:48:33,card,paid,4467.75,PKR
PAY001676,O001676,2026-07-11 01:19:34,wallet,paid,2121.0,PKR
PAY001677,O001677,2026-06-15 17:15:15,card,paid,6363.0,PKR
PAY001678,O001678,2026-07-23 06:54:30,card,paid,1055.25,PKR
PAY001679,O001679,2026-06-16 13:40:36,card,paid,582.75,PKR
PAY001680,O001680,2026-07-05 11:30:55,bank_transfer,paid,3633.0,PKR
PAY001681,O001681,2026-07-21 05:46:00,cash,paid,3286.5,PKR
PAY001682,O001682,2026-07-23 17:13:31,cash,paid,2273.25,PKR
PAY001683,O001683,2026-06-23 16:09:06,card,paid,2079.0,PKR
PAY001684,O001684,2026-07-08 05:30:34,cash,paid,1380.75,PKR
PAY001685,O001685,2026-06-28 03:25:33,card,paid,2619.75,PKR
PAY001686,O001686,2026-06-29 10:37:29,card,paid,1076.25,PKR
PAY001687,O001687,2026-07-29 09:42:31,bank_transfer,paid,8368.5,PKR
PAY001688,O001688,2026-06-26 11:16:57,cash,paid,3312.75,PKR
PAY001689,O001689,2026-08-27 01:18:58,card,paid,1743.0,PKR
PAY001690,O001690,2026-08-12 00:49:26,wallet,paid,1615.95,PKR
PAY001691,O001691,2026-08-27 00:33:09,wallet,paid,1800.75,PKR
PAY001692,O001692,2026-08-04 03:28:35,wallet,paid,3738.0,PKR
PAY001693,O001693,2026-08-24 18:08:15,bank_transfer,paid,5554.5,PKR
PAY001694,O001694,2026-08-22 01:16:07,card,paid,6189.75,PKR
PAY001695,O001695,2026-06-05 15:31:56,wallet,paid,136.5,PKR
PAY001696,O001696,2026-06-10 10:30:58,cash,paid,1328.25,PKR
PAY001697,O001697,2026-07-23 19:45:06,wallet,paid,1648.5,PKR
PAY001698,O001698,2026-06-11 05:34:15,card,paid,1746.36,PKR
PAY001699,O001699,2026-08-15 01:41:31,card,paid,8163.75,PKR
PAY001700,O001700,2026-07-30 15:18:10,card,paid,1008.0,PKR
PAY001701,O001701,2026-06-09 12:32:51,card,paid,2409.75,PKR
PAY001702,O001702,2026-08-29 00:47:36,card,paid,3756.38,PKR
PAY001703,O001703,2026-06-05 16:39:33,cash,paid,1470.0,PKR
PAY001704,O001704,2026-08-10 16:44:17,wallet,paid,2992.5,PKR
PAY001705,O001705,2026-08-02 23:04:00,cash,paid,5186.16,PKR
PAY001706,O001706,2026-07-27 19:46:07,cash,paid,2730.0,PKR
PAY001707,O001707,2026-07-01 08:19:27,wallet,paid,3727.5,PKR
PAY001708,O001708,2026-06-29 08:21:48,card,paid,2562.0,PKR
PAY001709,O001709,2026-06-28 05:14:40,card,paid,6284.25,PKR
PAY001710,O001710,2026-08-12 17:25:22,card,paid,1113.0,PKR
PAY001711,O001711,2026-06-25 15:22:58,card,paid,4452.0,PKR
PAY001712,O001712,2026-07-14 14:54:49,cash,paid,3806.25,PKR
PAY001713,O001713,2026-07-09 18:55:38,cash,paid,3446.36,PKR
PAY001714,O001714,2026-08-25 20:31:53,cash,paid,5962.95,PKR
PAY001715,O001715,2026-06-16 05:28:05,cash,paid,8277.94,PKR
PAY001716,O001716,2026-06-05 00:55:31,cash,paid,792.75,PKR
PAY001717,O001717,2026-06-04 23:06:43,card,paid,4950.75,PKR
PAY001718,O001718,2026-07-19 09:36:12,cash,paid,4861.5,PKR
PAY001719,O001719,2026-08-10 21:48:49,card,paid,3150.0,PKR
PAY001720,O001720,2026-06-17 03:06:21,card,paid,640.5,PKR
PAY001721,O001721,2026-06-12 01:35:16,cash,paid,231.0,PKR
PAY001722,O001722,2026-06-11 21:42:45,card,paid,4467.49,PKR
PAY001723,O001723,2026-07-27 17:13:09,card,paid,2929.5,PKR
PAY001724,O001724,2026-07-25 14:15:41,cash,paid,3132.15,PKR
PAY001725,O001725,2026-07-16 12:32:50,card,paid,2530.5,PKR
PAY001726,O001726,2026-07-29 06:57:04,card,paid,2530.5,PKR
PAY001727,O001727,2026-08-24 10:46:06,cash,paid,3680.78,PKR
PAY001728,O001728,2026-08-17 23:40:37,card,paid,4761.75,PKR
PAY001729,O001729,2026-08-17 08:49:32,bank_transfer,paid,2163.0,PKR
PAY001730,O001730,2026-07-11 14:25:36,card,paid,3291.75,PKR
PAY001731,O001731,2026-06-14 12:50:24,card,paid,2152.5,PKR
PAY001732,O001732,2026-07-07 07:24:35,card,paid,7066.5,PKR
PAY001733,O001733,2026-08-16 13:41:40,card,paid,9119.25,PKR
PAY001734,O001734,2026-08-26 00:36:02,wallet,paid,4273.5,PKR
PAY001735,O001735,2026-06-03 23:26:43,card,paid,3465.0,PKR
PAY001736,O001736,2026-08-23 00:54:09,card,paid,4467.75,PKR
PAY001737,O001737,2026-07-18 05:55:51,cash,paid,2856.0,PKR
PAY001738,O001738,2026-06-13 16:49:35,card,paid,1979.25,PKR
PAY001739,O001739,2026-07-25 08:53:54,cash,paid,1496.25,PKR
PAY001740,O001740,2026-08-11 01:23:07,cash,paid,4436.25,PKR
PAY001741,O001741,2026-07-30 04:37:17,cash,paid,1260.0,PKR
PAY001742,O001742,2026-06-13 01:37:45,wallet,paid,4364.96,PKR
PAY001743,O001743,2026-08-18 04:36:20,card,paid,1823.85,PKR
PAY001744,O001744,2026-08-29 20:29:52,card,paid,1470.0,PKR
PAY001745,O001745,2026-07-05 04:58:39,card,paid,750.12,PKR
PAY001746,O001746,2026-08-31 06:29:56,cash,paid,930.83,PKR
PAY001747,O001747,2026-06-23 19:09:17,cash,paid,981.75,PKR
PAY001748,O001748,2026-07-26 18:42:37,cash,paid,7460.25,PKR
PAY001749,O001749,2026-06-22 17:27:48,wallet,paid,10615.5,PKR
PAY001750,O001750,2026-06-20 00:03:53,cash,paid,1716.75,PKR
PAY001751,O001751,2026-06-25 07:24:53,wallet,paid,7014.0,PKR
PAY001752,O001752,2026-07-12 01:46:53,card,paid,1396.5,PKR
PAY001753,O001753,2026-07-24 02:00:55,cash,paid,2523.68,PKR
PAY001754,O001754,2026-08-21 06:14:40,wallet,paid,5906.25,PKR
PAY001755,O001755,2026-08-29 11:09:15,card,paid,9204.3,PKR
PAY001756,O001756,2026-07-29 02:39:44,cash,paid,1475.25,PKR
PAY001757,O001757,2026-08-13 16:22:27,cash,paid,9654.75,PKR
PAY001758,O001758,2026-06-26 04:27:05,cash,paid,10526.25,PKR
PAY001759,O001759,2026-07-02 06:52:18,cash,paid,635.25,PKR
PAY001760,O001760,2026-06-23 15:22:54,cash,paid,693.0,PKR
PAY001761,O001761,2026-07-02 23:26:43,cash,cancelled,0.0,PKR
PAY001762,O001762,2026-07-27 01:14:09,bank_transfer,paid,9381.75,PKR
PAY001763,O001763,2026-07-25 23:39:14,cash,paid,2073.75,PKR
PAY001764,O001764,2026-07-15 01:38:57,cash,paid,210.0,PKR
PAY001765,O001765,2026-06-25 12:39:50,card,paid,850.5,PKR
PAY001766,O001766,2026-06-07 18:07:05,card,paid,606.38,PKR
PAY001767,O001767,2026-08-27 19:54:30,card,refunded,2919.0,PKR
PAY001768,O001768,2026-07-26 23:30:57,cash,paid,583.54,PKR
PAY001769,O001769,2026-06-03 15:05:03,card,paid,4588.5,PKR
PAY001770,O001770,2026-07-12 08:27:32,wallet,paid,858.38,PKR
PAY001771,O001771,2026-06-30 18:22:27,cash,paid,2425.5,PKR
PAY001772,O001772,2026-07-30 22:35:02,cash,paid,6300.0,PKR
PAY001773,O001773,2026-06-06 03:56:57,card,paid,1895.25,PKR
PAY001774,O001774,2026-07-27 21:05:25,card,paid,5876.64,PKR
PAY001775,O001775,2026-07-28 15:02:12,cash,paid,5082.0,PKR
PAY001776,O001776,2026-07-13 01:07:56,card,cancelled,0.0,PKR
PAY001777,O001777,2026-08-02 21:32:38,card,paid,1344.0,PKR
PAY001778,O001778,2026-07-23 03:30:57,card,paid,3497.76,PKR
PAY001779,O001779,2026-07-11 17:58:17,wallet,paid,3286.5,PKR
PAY001780,O001780,2026-08-09 20:31:13,cash,refunded,2556.75,PKR
PAY001781,O001781,2026-06-27 18:52:55,card,paid,2955.75,PKR
PAY001782,O001782,2026-07-10 23:40:12,card,paid,1212.75,PKR
PAY001783,O001783,2026-07-31 00:55:27,cash,refunded,1884.75,PKR
PAY001784,O001784,2026-08-21 23:31:18,cash,paid,4121.25,PKR
PAY001785,O001785,2026-07-01 14:00:49,cash,paid,1275.75,PKR
PAY001786,O001786,2026-06-24 21:54:43,card,refunded,1464.75,PKR
PAY001787,O001787,2026-08-28 10:34:51,cash,refunded,937.12,PKR
PAY001788,O001788,2026-06-14 03:37:53,cash,paid,1732.5,PKR
PAY001789,O001789,2026-08-28 10:49:46,card,paid,6189.75,PKR
PAY001790,O001790,2026-08-04 08:36:17,card,paid,2803.5,PKR
PAY001791,O001791,2026-06-14 01:30:05,card,paid,472.5,PKR
PAY001792,O001792,2026-07-17 06:53:10,wallet,paid,2756.25,PKR
PAY001793,O001793,2026-08-04 22:43:11,wallet,cancelled,0.0,PKR
PAY001794,O001794,2026-07-25 11:42:04,cash,paid,514.5,PKR
PAY001795,O001795,2026-06-26 18:59:49,wallet,paid,1223.25,PKR
PAY001796,O001796,2026-08-06 14:55:20,card,paid,2026.5,PKR
PAY001797,O001797,2026-07-27 23:27:14,card,paid,2562.0,PKR
PAY001798,O001798,2026-06-10 05:30:16,card,paid,1627.5,PKR
PAY001799,O001799,2026-06-18 13:40:09,cash,paid,3659.04,PKR
PAY001800,O001800,2026-08-08 23:46:32,card,paid,9497.25,PKR
PAY001801,O001801,2026-06-01 21:10:46,card,paid,3433.5,PKR
PAY001802,O001802,2026-07-27 23:24:18,card,cancelled,0.0,PKR
PAY001803,O001803,2026-08-02 16:52:05,cash,paid,2792.16,PKR
PAY001804,O001804,2026-08-26 05:04:09,card,paid,2766.75,PKR
PAY001805,O001805,2026-07-24 18:05:12,wallet,paid,5985.0,PKR
PAY001806,O001806,2026-06-02 12:36:28,card,paid,2247.0,PKR
PAY001807,O001807,2026-08-22 09:08:39,wallet,paid,2839.72,PKR
PAY001808,O001808,2026-06-07 05:45:13,cash,paid,1564.5,PKR
PAY001809,O001809,2026-08-07 21:50:39,card,paid,8290.8,PKR
PAY001810,O001810,2026-07-05 09:30:23,wallet,paid,1475.25,PKR
PAY001811,O001811,2026-07-12 23:24:53,bank_transfer,paid,6299.21,PKR
PAY001812,O001812,2026-08-02 03:15:59,card,paid,892.5,PKR
PAY001813,O001813,2026-07-29 02:52:18,card,refunded,7927.5,PKR
PAY001814,O001814,2026-07-24 13:42:26,wallet,paid,834.75,PKR
PAY001815,O001815,2026-08-05 09:32:25,card,paid,6478.5,PKR
PAY001816,O001816,2026-08-17 14:44:48,cash,paid,552.83,PKR
PAY001817,O001817,2026-06-09 17:51:37,wallet,paid,7974.75,PKR
PAY001818,O001818,2026-07-03 00:46:20,card,paid,892.5,PKR
PAY001819,O001819,2026-08-29 12:02:07,cash,paid,2289.0,PKR
PAY001820,O001820,2026-06-23 00:46:55,bank_transfer,paid,1281.0,PKR
PAY001821,O001821,2026-07-11 05:15:47,card,paid,756.0,PKR
PAY001822,O001822,2026-06-19 16:56:05,cash,paid,6457.5,PKR
PAY001823,O001823,2026-06-16 15:58:03,card,paid,7480.67,PKR
PAY001824,O001824,2026-06-19 05:48:20,card,paid,598.92,PKR
PAY001825,O001825,2026-08-19 10:11:01,cash,paid,3470.25,PKR
PAY001826,O001826,2026-06-10 19:07:40,cash,paid,2535.75,PKR
PAY001827,O001827,2026-08-20 02:07:37,wallet,paid,2562.0,PKR
PAY001828,O001828,2026-07-01 12:41:11,card,refunded,215.25,PKR
PAY001829,O001829,2026-08-25 01:07:13,wallet,paid,404.25,PKR
PAY001830,O001830,2026-06-25 13:58:02,card,paid,4255.23,PKR
PAY001831,O001831,2026-06-13 07:17:00,card,paid,2497.11,PKR
PAY001832,O001832,2026-08-10 10:36:54,card,paid,651.0,PKR
PAY001833,O001833,2026-06-18 08:36:18,wallet,paid,1165.5,PKR
PAY001834,O001834,2026-06-30 05:02:02,bank_transfer,paid,5481.0,PKR
PAY001835,O001835,2026-07-12 17:44:39,cash,paid,5013.75,PKR
PAY001836,O001836,2026-06-10 17:30:44,bank_transfer,paid,2950.5,PKR
PAY001837,O001837,2026-06-23 04:02:18,cash,paid,892.5,PKR
PAY001838,O001838,2026-07-31 05:56:07,cash,paid,3958.5,PKR
PAY001839,O001839,2026-07-10 03:47:02,cash,paid,2094.75,PKR
PAY001840,O001840,2026-07-02 06:37:06,cash,paid,1071.0,PKR
PAY001841,O001841,2026-06-06 23:42:09,card,paid,3244.5,PKR
PAY001842,O001842,2026-07-28 17:12:07,card,paid,1653.75,PKR
PAY001843,O001843,2026-08-28 18:17:14,card,paid,5835.38,PKR
PAY001844,O001844,2026-08-21 23:38:01,wallet,paid,3354.75,PKR
PAY001845,O001845,2026-06-08 09:28:19,card,paid,3927.0,PKR
PAY001846,O001846,2026-08-17 21:28:09,card,paid,4494.0,PKR
PAY001847,O001847,2026-06-30 12:04:06,cash,paid,5685.75,PKR
PAY001848,O001848,2026-08-08 01:11:19,cash,paid,1932.0,PKR
PAY001849,O001849,2026-08-18 08:51:14,card,paid,2677.5,PKR
PAY001850,O001850,2026-07-31 01:00:18,bank_transfer,paid,8746.5,PKR
PAY001851,O001851,2026-07-23 03:24:06,cash,paid,4091.85,PKR
PAY001852,O001852,2026-08-15 13:43:41,card,paid,1634.85,PKR
PAY001853,O001853,2026-08-26 09:33:01,card,paid,2336.25,PKR
PAY001854,O001854,2026-07-11 14:06:08,card,paid,1144.5,PKR
PAY001855,O001855,2026-06-16 04:54:50,card,paid,2667.0,PKR
PAY001856,O001856,2026-07-18 21:47:42,card,paid,5239.5,PKR
PAY001857,O001857,2026-08-22 22:01:00,bank_transfer,paid,1181.25,PKR
PAY001858,O001858,2026-06-08 17:34:37,card,paid,1585.5,PKR
PAY001859,O001859,2026-06-07 23:02:18,cash,paid,5634.41,PKR
PAY001860,O001860,2026-07-22 16:43:24,wallet,paid,1989.75,PKR
PAY001861,O001861,2026-07-17 01:37:28,card,paid,1260.0,PKR
PAY001862,O001862,2026-07-21 09:24:21,cash,cancelled,0.0,PKR
PAY001863,O001863,2026-06-30 00:44:32,cash,paid,645.75,PKR
PAY001864,O001864,2026-08-28 01:20:17,cash,paid,1748.25,PKR
PAY001865,O001865,2026-08-27 00:40:40,card,cancelled,0.0,PKR
PAY001866,O001866,2026-06-13 11:11:33,cash,paid,2177.6,PKR
PAY001867,O001867,2026-06-22 23:39:18,cash,paid,651.53,PKR
PAY001868,O001868,2026-06-11 16:51:51,card,paid,4251.98,PKR
PAY001869,O001869,2026-06-16 17:47:27,cash,paid,785.4,PKR
PAY001870,O001870,2026-08-21 02:14:15,card,paid,5197.5,PKR
PAY001871,O001871,2026-08-08 01:52:16,cash,paid,2247.0,PKR
PAY001872,O001872,2026-08-01 15:44:31,wallet,paid,7302.96,PKR
PAY001873,O001873,2026-06-15 20:00:08,wallet,paid,1429.68,PKR
PAY001874,O001874,2026-06-30 04:44:54,card,paid,147.0,PKR
PAY001875,O001875,2026-07-21 07:15:58,cash,paid,7511.18,PKR
PAY001876,O001876,2026-07-20 01:25:03,cash,paid,2441.25,PKR
PAY001877,O001877,2026-07-12 15:09:54,wallet,paid,7460.25,PKR
PAY001878,O001878,2026-06-03 16:34:09,wallet,paid,8909.25,PKR
PAY001879,O001879,2026-08-22 12:11:26,card,paid,2257.5,PKR
PAY001880,O001880,2026-08-02 23:53:41,wallet,paid,3744.72,PKR
PAY001881,O001881,2026-06-28 14:19:05,wallet,paid,5013.75,PKR
PAY001882,O001882,2026-07-25 18:21:29,bank_transfer,paid,1328.25,PKR
PAY001883,O001883,2026-08-03 07:11:42,wallet,paid,10830.96,PKR
PAY001884,O001884,2026-07-08 16:09:02,wallet,paid,1236.9,PKR
PAY001885,O001885,2026-06-18 19:13:49,card,paid,2934.75,PKR
PAY001886,O001886,2026-06-22 09:57:14,wallet,paid,2283.75,PKR
PAY001887,O001887,2026-07-05 22:44:46,wallet,paid,3982.55,PKR
PAY001888,O001888,2026-08-29 04:26:47,card,paid,1606.5,PKR
PAY001889,O001889,2026-06-17 06:51:35,card,paid,420.0,PKR
PAY001890,O001890,2026-07-31 00:29:07,cash,paid,4819.5,PKR
PAY001891,O001891,2026-06-28 13:51:09,wallet,paid,1060.5,PKR
PAY001892,O001892,2026-06-04 05:07:57,card,paid,4557.0,PKR
PAY001893,O001893,2026-08-02 19:49:45,wallet,cancelled,0.0,PKR
PAY001894,O001894,2026-08-25 18:52:48,card,paid,8011.5,PKR
PAY001895,O001895,2026-08-28 22:40:55,cash,paid,1638.0,PKR
PAY001896,O001896,2026-07-07 11:14:27,cash,paid,4782.75,PKR
PAY001897,O001897,2026-07-05 13:49:42,card,paid,4568.55,PKR
PAY001898,O001898,2026-08-11 10:20:09,wallet,refunded,5428.5,PKR
PAY001899,O001899,2026-08-03 04:38:05,card,paid,1144.5,PKR
PAY001900,O001900,2026-06-08 20:24:54,wallet,paid,1370.25,PKR
PAY001901,O001901,2026-06-23 22:54:32,card,paid,7024.5,PKR
PAY001902,O001902,2026-08-17 19:29:23,bank_transfer,paid,939.75,PKR
PAY001903,O001903,2026-07-10 21:53:46,cash,paid,2220.75,PKR
PAY001904,O001904,2026-08-13 15:24:25,card,paid,4074.0,PKR
PAY001905,O001905,2026-06-11 10:02:32,card,paid,136.5,PKR
PAY001906,O001906,2026-07-11 13:23:56,cash,paid,7791.0,PKR
PAY001907,O001907,2026-06-23 17:05:33,card,paid,1989.75,PKR
PAY001908,O001908,2026-07-13 08:44:47,cash,paid,4483.5,PKR
PAY001909,O001909,2026-08-06 01:20:50,bank_transfer,paid,4399.5,PKR
PAY001910,O001910,2026-08-06 20:44:09,wallet,paid,2535.75,PKR
PAY001911,O001911,2026-06-08 03:00:06,card,paid,2730.0,PKR
PAY001912,O001912,2026-07-16 05:03:20,card,paid,2241.75,PKR
PAY001913,O001913,2026-06-27 18:52:27,card,paid,5937.75,PKR
PAY001914,O001914,2026-07-10 18:43:43,card,paid,5985.0,PKR
PAY001915,O001915,2026-07-15 14:51:50,card,cancelled,0.0,PKR
PAY001916,O001916,2026-07-18 01:57:41,card,paid,1212.75,PKR
PAY001917,O001917,2026-08-08 10:17:42,bank_transfer,paid,2089.5,PKR
PAY001918,O001918,2026-08-08 20:59:04,wallet,paid,1008.0,PKR
PAY001919,O001919,2026-07-12 08:30:42,cash,paid,6179.25,PKR
PAY001920,O001920,2026-08-27 11:41:34,bank_transfer,paid,3491.25,PKR
PAY001921,O001921,2026-08-01 21:05:55,card,paid,5790.75,PKR
PAY001922,O001922,2026-07-07 13:01:39,wallet,paid,1611.75,PKR
PAY001923,O001923,2026-08-29 11:27:30,wallet,paid,3627.75,PKR
PAY001924,O001924,2026-08-22 03:15:37,card,paid,937.12,PKR
PAY001925,O001925,2026-08-14 21:39:22,card,paid,2247.0,PKR
PAY001926,O001926,2026-06-10 02:59:52,card,paid,5276.25,PKR
PAY001927,O001927,2026-06-25 02:34:37,card,paid,4488.75,PKR
PAY001928,O001928,2026-06-27 01:39:27,wallet,paid,8211.0,PKR
PAY001929,O001929,2026-07-23 21:59:03,bank_transfer,paid,1239.0,PKR
PAY001930,O001930,2026-08-03 20:23:41,card,paid,1134.0,PKR
PAY001931,O001931,2026-06-03 08:09:13,card,paid,1632.75,PKR
PAY001932,O001932,2026-07-12 10:07:58,wallet,paid,3984.75,PKR
PAY001933,O001933,2026-07-09 22:39:04,card,paid,6069.0,PKR
PAY001934,O001934,2026-08-19 23:52:16,wallet,cancelled,0.0,PKR
PAY001935,O001935,2026-06-04 01:00:03,card,paid,5691.0,PKR
PAY001936,O001936,2026-07-20 05:10:45,card,paid,3433.5,PKR
PAY001937,O001937,2026-06-06 00:00:35,wallet,paid,1375.5,PKR
PAY001938,O001938,2026-07-06 08:14:08,cash,paid,2947.61,PKR
PAY001939,O001939,2026-06-30 16:39:03,card,cancelled,0.0,PKR
PAY001940,O001940,2026-08-22 03:15:16,wallet,paid,9329.25,PKR
PAY001941,O001941,2026-08-18 22:04:21,wallet,paid,1317.75,PKR
PAY001942,O001942,2026-07-16 02:44:03,card,paid,10379.25,PKR
PAY001943,O001943,2026-07-27 16:37:35,cash,paid,5470.5,PKR
PAY001944,O001944,2026-08-19 12:16:33,card,paid,1674.75,PKR
PAY001945,O001945,2026-08-13 23:26:22,bank_transfer,paid,798.0,PKR
PAY001946,O001946,2026-06-26 18:44:51,card,paid,4047.75,PKR
PAY001947,O001947,2026-07-11 13:17:52,card,paid,3092.25,PKR
PAY001948,O001948,2026-06-10 03:57:08,cash,paid,3517.5,PKR
PAY001949,O001949,2026-08-05 10:28:40,cash,paid,5874.75,PKR
PAY001950,O001950,2026-07-03 06:24:57,bank_transfer,paid,693.0,PKR
PAY001951,O001951,2026-06-08 05:24:51,wallet,paid,6058.5,PKR
PAY001952,O001952,2026-08-16 12:27:12,wallet,paid,1722.0,PKR
PAY001953,O001953,2026-06-14 15:42:39,card,paid,3158.82,PKR
PAY001954,O001954,2026-08-08 04:44:34,bank_transfer,cancelled,0.0,PKR
PAY001955,O001955,2026-06-06 12:22:45,bank_transfer,paid,288.75,PKR
PAY001956,O001956,2026-06-27 20:03:58,wallet,paid,7428.75,PKR
PAY001957,O001957,2026-07-11 20:38:18,cash,paid,378.0,PKR
PAY001958,O001958,2026-06-19 16:40:20,wallet,paid,4273.5,PKR
PAY001959,O001959,2026-07-24 09:23:43,wallet,paid,6126.75,PKR
PAY001960,O001960,2026-08-03 13:01:08,cash,paid,4072.32,PKR
PAY001961,O001961,2026-06-25 00:01:21,wallet,paid,4016.25,PKR
PAY001962,O001962,2026-07-30 20:56:18,wallet,paid,624.75,PKR
PAY001963,O001963,2026-06-13 23:01:49,wallet,refunded,3097.5,PKR
PAY001964,O001964,2026-06-28 11:27:08,cash,paid,12710.25,PKR
PAY001965,O001965,2026-07-18 07:23:09,cash,paid,4000.5,PKR
PAY001966,O001966,2026-08-18 18:59:57,bank_transfer,paid,5727.75,PKR
PAY001967,O001967,2026-07-10 17:30:39,card,paid,4410.0,PKR
PAY001968,O001968,2026-08-22 16:37:15,cash,paid,2060.1,PKR
PAY001969,O001969,2026-07-17 06:12:03,wallet,paid,5680.76,PKR
PAY001970,O001970,2026-06-02 07:00:28,wallet,paid,2021.25,PKR
PAY001971,O001971,2026-07-19 05:54:57,card,paid,3680.25,PKR
PAY001972,O001972,2026-07-29 18:33:09,card,paid,428.4,PKR
PAY001973,O001973,2026-06-16 12:15:53,wallet,paid,1800.75,PKR
PAY001974,O001974,2026-07-31 18:59:50,card,paid,5877.9,PKR
PAY001975,O001975,2026-06-04 15:22:10,cash,paid,1932.0,PKR
PAY001976,O001976,2026-06-01 20:20:40,cash,paid,2079.0,PKR
PAY001977,O001977,2026-06-15 10:47:32,card,paid,5327.49,PKR
PAY001978,O001978,2026-08-22 12:01:27,wallet,paid,1333.5,PKR
PAY001979,O001979,2026-06-20 16:03:17,card,paid,1674.75,PKR
PAY001980,O001980,2026-07-04 08:10:36,card,cancelled,0.0,PKR
PAY001981,O001981,2026-08-09 13:31:17,wallet,paid,186.48,PKR
PAY001982,O001982,2026-07-09 17:43:59,card,paid,3087.0,PKR
PAY001983,O001983,2026-08-23 04:38:51,bank_transfer,paid,6625.5,PKR
PAY001984,O001984,2026-08-03 21:54:57,wallet,paid,1819.44,PKR
PAY001985,O001985,2026-08-26 23:59:06,card,paid,7675.5,PKR
PAY001986,O001986,2026-06-09 13:39:09,card,paid,1640.1,PKR
PAY001987,O001987,2026-07-04 02:47:42,cash,paid,3511.2,PKR
PAY001988,O001988,2026-06-19 11:58:39,cash,cancelled,0.0,PKR
PAY001989,O001989,2026-06-27 00:48:10,cash,paid,8100.75,PKR
PAY001990,O001990,2026-08-29 02:12:54,cash,paid,1433.25,PKR
PAY001991,O001991,2026-06-11 02:47:13,bank_transfer,paid,792.75,PKR
PAY001992,O001992,2026-07-05 23:32:44,cash,paid,6683.25,PKR
PAY001993,O001993,2026-08-17 07:25:41,cash,paid,2546.25,PKR
PAY001994,O001994,2026-06-01 11:18:11,card,paid,5024.25,PKR
PAY001995,O001995,2026-08-26 14:08:47,wallet,paid,2814.0,PKR
PAY001996,O001996,2026-06-19 21:52:57,wallet,paid,1769.25,PKR
PAY001997,O001997,2026-08-08 15:54:21,card,paid,3480.75,PKR
PAY001998,O001998,2026-06-14 21:06:50,card,paid,1027.95,PKR
PAY001999,O001999,2026-08-05 18:00:18,cash,paid,3761.1,PKR
PAY002000,O002000,2026-08-11 18:36:56,wallet,paid,5822.25,PKR
PAY002001,O002001,2026-07-06 14:25:34,cash,paid,3748.5,PKR
PAY002002,O002002,2026-08-07 07:42:11,cash,paid,4362.75,PKR
PAY002003,O002003,2026-06-30 23:21:46,wallet,paid,2499.0,PKR
PAY002004,O002004,2026-07-10 13:38:45,cash,paid,3853.5,PKR
PAY002005,O002005,2026-08-18 08:33:40,card,paid,1478.92,PKR
PAY002006,O002006,2026-06-11 09:48:12,card,paid,4236.75,PKR
PAY002007,O002007,2026-06-22 12:10:00,wallet,paid,4310.25,PKR
PAY002008,O002008,2026-07-14 07:02:48,card,paid,5517.75,PKR
PAY002009,O002009,2026-08-02 11:31:53,wallet,cancelled,0.0,PKR
PAY002010,O002010,2026-08-23 03:00:05,card,paid,514.5,PKR
PAY002011,O002011,2026-07-05 15:31:13,card,paid,8620.5,PKR
PAY002012,O002012,2026-08-16 19:17:25,card,paid,5618.03,PKR
PAY002013,O002013,2026-07-04 17:47:01,card,paid,5712.0,PKR
PAY002014,O002014,2026-08-23 06:30:06,cash,paid,303.19,PKR
PAY002015,O002015,2026-08-18 17:27:52,card,paid,1128.75,PKR
PAY002016,O002016,2026-07-24 01:11:21,bank_transfer,paid,341.25,PKR
PAY002017,O002017,2026-07-10 05:46:32,wallet,paid,399.0,PKR
PAY002018,O002018,2026-08-07 07:58:59,cash,paid,5821.2,PKR
PAY002019,O002019,2026-08-17 23:29:04,card,paid,303.19,PKR
PAY002020,O002020,2026-06-11 00:49:27,cash,paid,4860.24,PKR
PAY002021,O002021,2026-07-28 12:42:34,cash,paid,4247.25,PKR
PAY002022,O002022,2026-07-28 06:45:19,cash,paid,5087.25,PKR
PAY002023,O002023,2026-08-13 05:53:23,cash,paid,2047.5,PKR
PAY002024,O002024,2026-06-12 07:10:11,wallet,paid,6477.24,PKR
PAY002025,O002025,2026-06-19 10:05:42,card,paid,2499.0,PKR
PAY002026,O002026,2026-08-21 00:10:50,cash,paid,4063.5,PKR
PAY002027,O002027,2026-08-06 00:43:28,cash,paid,3316.32,PKR
PAY002028,O002028,2026-06-12 08:18:57,cash,paid,2893.17,PKR
PAY002029,O002029,2026-07-08 15:34:31,card,paid,4732.67,PKR
PAY002030,O002030,2026-06-25 11:53:01,wallet,paid,5869.5,PKR
PAY002031,O002031,2026-06-14 23:38:52,card,paid,1611.23,PKR
PAY002032,O002032,2026-08-30 21:30:23,cash,paid,3129.0,PKR
PAY002033,O002033,2026-08-20 10:18:41,bank_transfer,paid,11391.98,PKR
PAY002034,O002034,2026-07-19 08:22:18,card,paid,4446.75,PKR
PAY002035,O002035,2026-06-15 18:04:37,card,paid,189.0,PKR
PAY002036,O002036,2026-08-26 17:07:09,cash,paid,8179.5,PKR
PAY002037,O002037,2026-06-19 09:39:00,cash,paid,1015.56,PKR
PAY002038,O002038,2026-06-17 04:40:00,cash,paid,6694.38,PKR
PAY002039,O002039,2026-08-02 03:45:18,cash,cancelled,0.0,PKR
PAY002040,O002040,2026-07-12 13:53:10,card,paid,2097.38,PKR
PAY002041,O002041,2026-08-03 15:13:23,cash,paid,2651.04,PKR
PAY002042,O002042,2026-08-14 06:10:29,card,paid,2079.0,PKR
PAY002043,O002043,2026-07-12 23:59:39,wallet,paid,7108.5,PKR
PAY002044,O002044,2026-06-30 10:13:41,card,cancelled,0.0,PKR
PAY002045,O002045,2026-08-18 14:19:41,card,refunded,4030.43,PKR
PAY002046,O002046,2026-06-20 03:32:41,cash,paid,1618.05,PKR
PAY002047,O002047,2026-08-06 17:15:09,cash,paid,5586.0,PKR
PAY002048,O002048,2026-07-10 14:18:12,cash,paid,1407.0,PKR
PAY002049,O002049,2026-08-04 04:43:43,cash,paid,808.5,PKR
PAY002050,O002050,2026-06-05 03:13:32,card,paid,1380.75,PKR
PAY002051,O002051,2026-07-15 04:28:27,bank_transfer,paid,4924.5,PKR
PAY002052,O002052,2026-08-04 09:37:04,cash,paid,4116.0,PKR
PAY002053,O002053,2026-08-08 05:36:45,card,paid,1743.0,PKR
PAY002054,O002054,2026-06-24 19:53:16,cash,paid,5334.0,PKR
PAY002055,O002055,2026-07-11 01:23:35,cash,paid,3690.75,PKR
PAY002056,O002056,2026-06-15 22:52:46,wallet,paid,1518.56,PKR
PAY002057,O002057,2026-07-18 21:36:10,cash,paid,2635.5,PKR
PAY002058,O002058,2026-06-20 08:59:28,card,paid,1758.75,PKR
PAY002059,O002059,2026-08-20 22:07:16,card,paid,727.65,PKR
PAY002060,O002060,2026-07-23 09:16:37,cash,paid,1548.75,PKR
PAY002061,O002061,2026-06-13 01:53:45,wallet,paid,4125.66,PKR
PAY002062,O002062,2026-07-29 22:11:45,cash,paid,3302.25,PKR
PAY002063,O002063,2026-08-26 01:50:41,bank_transfer,paid,3564.75,PKR
PAY002064,O002064,2026-08-04 04:45:11,bank_transfer,paid,2152.5,PKR
PAY002065,O002065,2026-06-07 21:53:30,bank_transfer,paid,5239.5,PKR
PAY002066,O002066,2026-07-30 07:40:36,card,paid,2807.28,PKR
PAY002067,O002067,2026-08-18 23:50:56,cash,paid,724.5,PKR
PAY002068,O002068,2026-08-22 04:06:40,cash,paid,798.0,PKR
PAY002069,O002069,2026-08-19 09:03:14,card,paid,1265.25,PKR
PAY002070,O002070,2026-06-17 14:51:11,card,paid,3349.5,PKR
PAY002071,O002071,2026-07-25 18:41:55,card,paid,3528.0,PKR
PAY002072,O002072,2026-08-20 05:20:01,cash,paid,3585.75,PKR
PAY002073,O002073,2026-07-21 22:56:32,cash,paid,1750.61,PKR
PAY002074,O002074,2026-08-12 23:42:05,cash,paid,6546.75,PKR
PAY002075,O002075,2026-06-16 11:14:25,cash,paid,2100.0,PKR
PAY002076,O002076,2026-06-12 11:27:07,cash,paid,3802.26,PKR
PAY002077,O002077,2026-07-11 21:35:09,cash,paid,2124.68,PKR
PAY002078,O002078,2026-07-18 16:35:39,cash,paid,7644.0,PKR
PAY002079,O002079,2026-07-03 13:27:35,bank_transfer,paid,2866.5,PKR
PAY002080,O002080,2026-08-08 11:37:39,card,paid,1716.75,PKR
PAY002081,O002081,2026-06-19 08:14:46,card,paid,1607.76,PKR
PAY002082,O002082,2026-08-01 04:36:40,cash,paid,283.5,PKR
PAY002083,O002083,2026-08-31 08:01:57,wallet,paid,1963.5,PKR
PAY002084,O002084,2026-08-10 05:41:08,bank_transfer,paid,4504.5,PKR
PAY002085,O002085,2026-06-29 07:05:30,card,paid,3769.5,PKR
PAY002086,O002086,2026-08-20 18:30:06,card,paid,1443.75,PKR
PAY002087,O002087,2026-06-19 11:47:09,card,refunded,1275.12,PKR
PAY002088,O002088,2026-06-26 14:56:14,cash,paid,2976.75,PKR
PAY002089,O002089,2026-08-30 08:46:31,wallet,cancelled,0.0,PKR
PAY002090,O002090,2026-06-05 22:39:13,cash,paid,3176.25,PKR
PAY002091,O002091,2026-08-04 13:17:46,card,paid,3470.25,PKR
PAY002092,O002092,2026-08-04 04:20:18,card,paid,1275.12,PKR
PAY002093,O002093,2026-08-30 03:29:58,cash,paid,618.19,PKR
PAY002094,O002094,2026-08-06 09:33:47,bank_transfer,paid,1323.0,PKR
PAY002095,O002095,2026-07-08 23:32:14,card,paid,11523.75,PKR
PAY002096,O002096,2026-06-06 11:40:10,card,paid,3937.5,PKR
PAY002097,O002097,2026-07-17 20:47:38,wallet,paid,1291.5,PKR
PAY002098,O002098,2026-08-12 18:20:14,cash,paid,4079.25,PKR
PAY002099,O002099,2026-06-30 10:56:05,card,paid,1606.5,PKR
PAY002100,O002100,2026-07-28 04:25:46,bank_transfer,paid,2241.75,PKR
PAY002101,O002101,2026-06-18 19:12:38,card,paid,1905.75,PKR
PAY002102,O002102,2026-07-31 00:11:09,cash,paid,6840.75,PKR
PAY002103,O002103,2026-07-05 01:37:38,card,paid,2018.42,PKR
PAY002104,O002104,2026-07-05 05:13:26,cash,paid,5838.11,PKR
PAY002105,O002105,2026-06-25 03:03:48,cash,cancelled,0.0,PKR
PAY002106,O002106,2026-08-18 10:00:06,cash,paid,5313.0,PKR
PAY002107,O002107,2026-07-26 10:38:12,wallet,paid,5040.0,PKR
PAY002108,O002108,2026-06-16 11:12:09,card,cancelled,0.0,PKR
PAY002109,O002109,2026-07-31 05:57:29,cash,refunded,3900.96,PKR
PAY002110,O002110,2026-06-05 23:16:31,cash,paid,3370.5,PKR
PAY002111,O002111,2026-07-16 09:21:03,card,refunded,3470.25,PKR
PAY002112,O002112,2026-07-14 16:39:11,cash,paid,3297.0,PKR
PAY002113,O002113,2026-07-10 15:48:37,cash,paid,1606.5,PKR
PAY002114,O002114,2026-07-23 13:51:35,card,paid,9098.25,PKR
PAY002115,O002115,2026-08-29 09:58:24,wallet,refunded,12159.0,PKR
PAY002116,O002116,2026-08-06 17:18:18,cash,paid,3234.0,PKR
PAY002117,O002117,2026-08-21 11:00:00,cash,paid,6874.88,PKR
PAY002118,O002118,2026-06-12 02:18:23,card,paid,7591.5,PKR
PAY002119,O002119,2026-06-01 17:12:18,cash,paid,845.25,PKR
PAY002120,O002120,2026-07-09 16:52:50,cash,paid,4145.4,PKR
PAY002121,O002121,2026-06-11 21:19:56,card,paid,2919.0,PKR
PAY002122,O002122,2026-08-19 18:45:15,wallet,paid,4142.25,PKR
PAY002123,O002123,2026-06-26 18:27:44,wallet,paid,1777.44,PKR
PAY002124,O002124,2026-08-16 02:34:04,bank_transfer,paid,3050.25,PKR
PAY002125,O002125,2026-07-03 14:17:41,bank_transfer,paid,1921.5,PKR
PAY002126,O002126,2026-08-04 16:20:07,card,paid,3853.5,PKR
PAY002127,O002127,2026-06-28 04:35:44,card,paid,3087.0,PKR
PAY002128,O002128,2026-07-01 02:41:25,card,paid,6258.0,PKR
PAY002129,O002129,2026-06-09 16:09:50,wallet,paid,1510.74,PKR
PAY002130,O002130,2026-08-12 08:36:08,bank_transfer,paid,2693.25,PKR
PAY002131,O002131,2026-08-27 11:37:33,bank_transfer,paid,3723.3,PKR
PAY002132,O002132,2026-08-27 15:53:37,card,paid,5065.2,PKR
PAY002133,O002133,2026-06-25 23:30:30,card,paid,5496.75,PKR
PAY002134,O002134,2026-08-22 17:44:20,card,paid,4992.75,PKR
PAY002135,O002135,2026-08-25 04:44:39,card,refunded,5586.0,PKR
PAY002136,O002136,2026-06-01 11:38:47,wallet,refunded,2845.5,PKR
PAY002137,O002137,2026-06-07 11:23:41,cash,paid,4200.0,PKR
PAY002138,O002138,2026-06-18 07:32:53,cash,paid,2189.25,PKR
PAY002139,O002139,2026-08-16 19:36:39,card,paid,15446.03,PKR
PAY002140,O002140,2026-07-17 12:02:54,card,paid,1139.99,PKR
PAY002141,O002141,2026-06-13 13:35:58,card,paid,9765.0,PKR
PAY002142,O002142,2026-06-15 06:51:12,cash,paid,6174.0,PKR
PAY002143,O002143,2026-08-01 18:20:10,card,paid,5564.16,PKR
PAY002144,O002144,2026-06-29 01:22:56,card,paid,966.0,PKR
PAY002145,O002145,2026-08-28 05:00:04,cash,paid,2088.45,PKR
PAY002146,O002146,2026-08-07 22:45:00,card,paid,10930.5,PKR
PAY002147,O002147,2026-08-20 06:35:51,bank_transfer,paid,3270.75,PKR
PAY002148,O002148,2026-08-01 04:37:16,wallet,paid,1128.75,PKR
PAY002149,O002149,2026-06-26 14:07:41,cash,paid,5385.45,PKR
PAY002150,O002150,2026-08-25 14:53:43,cash,paid,1989.75,PKR
PAY002151,O002151,2026-07-20 12:56:14,bank_transfer,paid,2374.05,PKR
PAY002152,O002152,2026-07-17 11:48:27,cash,paid,658.35,PKR
PAY002153,O002153,2026-07-24 23:04:55,card,paid,7859.25,PKR
PAY002154,O002154,2026-06-14 03:07:18,cash,paid,8043.0,PKR
PAY002155,O002155,2026-06-21 06:01:15,card,paid,4698.75,PKR
PAY002156,O002156,2026-07-06 01:46:59,cash,paid,3034.5,PKR
PAY002157,O002157,2026-07-31 08:20:50,cash,paid,4677.75,PKR
PAY002158,O002158,2026-07-12 21:59:22,card,paid,5706.75,PKR
PAY002159,O002159,2026-07-27 20:50:07,card,paid,4058.25,PKR
PAY002160,O002160,2026-07-29 12:41:58,wallet,paid,892.5,PKR
PAY002161,O002161,2026-06-27 20:03:19,cash,paid,7014.0,PKR
PAY002162,O002162,2026-06-19 10:02:23,wallet,paid,8410.5,PKR
PAY002163,O002163,2026-07-18 07:10:36,wallet,paid,1191.75,PKR
PAY002164,O002164,2026-08-25 03:25:08,wallet,paid,1580.25,PKR
PAY002165,O002165,2026-07-26 11:32:35,cash,paid,3024.0,PKR
PAY002166,O002166,2026-07-31 18:13:35,cash,paid,2058.0,PKR
PAY002167,O002167,2026-06-22 15:04:53,card,paid,11597.25,PKR
PAY002168,O002168,2026-07-05 16:12:41,cash,cancelled,0.0,PKR
PAY002169,O002169,2026-08-20 16:59:20,card,paid,2782.5,PKR
PAY002170,O002170,2026-08-30 12:21:57,cash,paid,12925.5,PKR
PAY002171,O002171,2026-06-16 07:34:27,bank_transfer,paid,1932.0,PKR
PAY002172,O002172,2026-07-18 21:46:22,card,paid,1674.75,PKR
PAY002173,O002173,2026-07-02 08:26:41,card,paid,3102.75,PKR
PAY002174,O002174,2026-07-27 08:34:25,bank_transfer,paid,4278.75,PKR
PAY002175,O002175,2026-07-25 03:19:01,card,paid,2630.25,PKR
PAY002176,O002176,2026-08-15 14:41:34,bank_transfer,paid,3071.25,PKR
PAY002177,O002177,2026-06-09 04:48:05,card,paid,388.5,PKR
PAY002178,O002178,2026-07-25 09:30:48,card,cancelled,0.0,PKR
PAY002179,O002179,2026-06-06 03:46:21,card,paid,1795.5,PKR
PAY002180,O002180,2026-07-25 22:54:59,cash,paid,1144.5,PKR
PAY002181,O002181,2026-08-16 22:44:10,card,paid,1247.4,PKR
PAY002182,O002182,2026-06-13 05:35:39,cash,paid,3165.75,PKR
PAY002183,O002183,2026-06-01 19:26:58,cash,paid,7990.5,PKR
PAY002184,O002184,2026-08-06 02:57:54,card,paid,4525.92,PKR
PAY002185,O002185,2026-08-30 11:40:16,cash,paid,6861.75,PKR
PAY002186,O002186,2026-06-15 22:29:47,wallet,paid,7260.75,PKR
PAY002187,O002187,2026-06-11 14:33:13,card,paid,3120.18,PKR
PAY002188,O002188,2026-08-17 16:34:22,cash,paid,2471.18,PKR
PAY002189,O002189,2026-06-12 10:30:10,cash,paid,582.75,PKR
PAY002190,O002190,2026-07-30 00:21:21,card,paid,4882.5,PKR
PAY002191,O002191,2026-06-12 20:15:35,bank_transfer,paid,1559.25,PKR
PAY002192,O002192,2026-06-15 11:00:27,card,paid,4546.5,PKR
PAY002193,O002193,2026-08-17 02:08:28,card,paid,5108.25,PKR
PAY002194,O002194,2026-06-05 20:20:34,card,paid,3853.5,PKR
PAY002195,O002195,2026-06-09 04:14:13,cash,paid,3213.0,PKR
PAY002196,O002196,2026-07-17 11:39:18,card,cancelled,0.0,PKR
PAY002197,O002197,2026-06-22 10:47:43,card,paid,2089.5,PKR
PAY002198,O002198,2026-07-18 08:18:49,cash,paid,2079.0,PKR
PAY002199,O002199,2026-08-30 01:02:15,wallet,paid,2919.0,PKR
PAY002200,O002200,2026-08-18 19:10:10,cash,cancelled,0.0,PKR
PAY002201,O002201,2026-06-08 00:05:52,wallet,paid,1186.5,PKR
PAY002202,O002202,2026-06-16 20:30:13,bank_transfer,paid,2107.3,PKR
PAY002203,O002203,2026-08-20 14:42:54,card,paid,2152.5,PKR
PAY002204,O002204,2026-06-07 01:22:42,cash,paid,404.25,PKR
PAY002205,O002205,2026-08-25 16:27:16,cash,paid,547.31,PKR
PAY002206,O002206,2026-08-31 20:02:00,wallet,paid,883.58,PKR
PAY002207,O002207,2026-07-21 00:55:12,bank_transfer,paid,846.56,PKR
PAY002208,O002208,2026-06-05 08:59:02,cash,paid,5302.5,PKR
PAY002209,O002209,2026-08-17 20:50:13,wallet,paid,4121.25,PKR
PAY002210,O002210,2026-06-24 21:31:53,card,cancelled,0.0,PKR
PAY002211,O002211,2026-08-09 10:04:26,cash,paid,1785.0,PKR
PAY002212,O002212,2026-08-23 01:21:25,cash,paid,8053.5,PKR
PAY002213,O002213,2026-07-07 07:55:27,wallet,paid,6201.2,PKR
PAY002214,O002214,2026-06-05 16:05:04,cash,paid,5743.5,PKR
PAY002215,O002215,2026-07-24 23:35:07,cash,paid,6259.31,PKR
PAY002216,O002216,2026-07-29 01:33:09,cash,paid,4740.75,PKR
PAY002217,O002217,2026-08-04 18:34:42,cash,cancelled,0.0,PKR
PAY002218,O002218,2026-06-09 10:48:57,cash,paid,2499.0,PKR
PAY002219,O002219,2026-08-20 04:35:17,cash,paid,2331.0,PKR
PAY002220,O002220,2026-08-04 03:09:16,card,paid,1522.08,PKR
PAY002221,O002221,2026-08-19 08:54:23,cash,paid,3097.5,PKR
PAY002222,O002222,2026-07-14 08:17:33,wallet,paid,2966.25,PKR
PAY002223,O002223,2026-08-31 13:47:15,cash,cancelled,0.0,PKR
PAY002224,O002224,2026-07-08 12:52:23,card,paid,6193.43,PKR
PAY002225,O002225,2026-06-13 18:59:58,card,paid,5418.0,PKR
PAY002226,O002226,2026-07-06 03:21:01,bank_transfer,paid,2259.34,PKR
PAY002227,O002227,2026-06-01 11:17:43,cash,paid,6741.0,PKR
PAY002228,O002228,2026-07-07 04:06:00,cash,paid,5323.5,PKR
PAY002229,O002229,2026-07-11 02:34:54,cash,paid,7848.75,PKR
PAY002230,O002230,2026-08-18 09:46:31,wallet,refunded,1354.5,PKR
PAY002231,O002231,2026-07-16 04:44:59,cash,paid,3586.01,PKR
PAY002232,O002232,2026-08-07 10:27:45,card,paid,472.5,PKR
PAY002233,O002233,2026-07-03 07:05:32,bank_transfer,paid,6129.53,PKR
PAY002234,O002234,2026-08-10 21:29:52,card,paid,4557.0,PKR
PAY002235,O002235,2026-06-19 19:48:18,cash,paid,4562.25,PKR
PAY002236,O002236,2026-06-05 21:37:21,cash,paid,3759.53,PKR
PAY002237,O002237,2026-07-18 00:05:56,cash,paid,3082.28,PKR
PAY002238,O002238,2026-07-18 20:43:25,cash,refunded,1055.25,PKR
PAY002239,O002239,2026-08-10 06:15:31,cash,paid,3780.0,PKR
PAY002240,O002240,2026-08-22 06:04:03,card,paid,5817.0,PKR
PAY002241,O002241,2026-08-08 18:42:50,card,paid,2488.5,PKR
PAY002242,O002242,2026-07-19 20:37:04,card,paid,725.76,PKR
PAY002243,O002243,2026-06-25 10:28:26,wallet,paid,1963.5,PKR
PAY002244,O002244,2026-06-29 14:05:59,cash,paid,6399.75,PKR
PAY002245,O002245,2026-07-29 14:52:15,card,paid,3601.5,PKR
PAY002246,O002246,2026-07-05 14:44:13,cash,paid,3076.5,PKR
PAY002247,O002247,2026-08-29 02:58:21,card,paid,1296.75,PKR
PAY002248,O002248,2026-06-30 01:26:06,card,paid,7707.0,PKR
PAY002249,O002249,2026-06-27 21:24:22,card,paid,193.2,PKR
PAY002250,O002250,2026-07-31 14:35:56,card,paid,846.72,PKR
PAY002251,O002251,2026-08-29 17:45:38,cash,paid,787.5,PKR
PAY002252,O002252,2026-07-06 19:28:20,wallet,paid,2339.19,PKR
PAY002253,O002253,2026-08-30 11:42:57,cash,cancelled,0.0,PKR
PAY002254,O002254,2026-06-22 22:47:14,cash,paid,1168.86,PKR
PAY002255,O002255,2026-08-23 03:05:30,cash,paid,5166.0,PKR
PAY002256,O002256,2026-06-02 23:47:01,cash,paid,5806.5,PKR
PAY002257,O002257,2026-06-15 19:10:19,card,paid,3774.75,PKR
PAY002258,O002258,2026-08-27 20:06:43,cash,paid,4095.0,PKR
PAY002259,O002259,2026-06-24 14:05:40,bank_transfer,paid,9862.86,PKR
PAY002260,O002260,2026-08-14 01:05:38,wallet,paid,2000.25,PKR
PAY002261,O002261,2026-08-13 16:48:41,wallet,refunded,1548.75,PKR
PAY002262,O002262,2026-07-24 19:38:01,cash,paid,6100.5,PKR
PAY002263,O002263,2026-07-19 05:00:22,wallet,paid,15944.25,PKR
PAY002264,O002264,2026-08-18 17:20:37,cash,paid,2845.5,PKR
PAY002265,O002265,2026-08-10 14:35:44,card,paid,3623.76,PKR
PAY002266,O002266,2026-06-16 19:14:12,wallet,paid,498.75,PKR
PAY002267,O002267,2026-06-15 15:16:51,cash,paid,3868.99,PKR
PAY002268,O002268,2026-08-19 21:05:52,cash,paid,6840.75,PKR
PAY002269,O002269,2026-06-12 19:22:07,cash,paid,6151.95,PKR
PAY002270,O002270,2026-08-17 18:18:31,cash,paid,892.5,PKR
PAY002271,O002271,2026-06-24 16:46:17,bank_transfer,paid,11502.75,PKR
PAY002272,O002272,2026-07-07 14:11:58,wallet,paid,2941.26,PKR
PAY002273,O002273,2026-06-10 11:16:39,cash,paid,6084.75,PKR
PAY002274,O002274,2026-07-03 13:23:50,bank_transfer,paid,3430.25,PKR
PAY002275,O002275,2026-07-29 03:22:58,card,paid,1094.62,PKR
PAY002276,O002276,2026-06-22 05:49:40,card,paid,3722.25,PKR
PAY002277,O002277,2026-07-29 13:21:38,card,paid,6090.0,PKR
PAY002278,O002278,2026-07-27 11:08:28,cash,paid,916.65,PKR
PAY002279,O002279,2026-07-16 01:45:40,card,paid,3168.27,PKR
PAY002280,O002280,2026-06-18 23:21:34,cash,paid,3806.04,PKR
PAY002281,O002281,2026-08-29 19:41:52,cash,paid,8893.5,PKR
PAY002282,O002282,2026-06-15 15:04:27,cash,paid,1829.52,PKR
PAY002283,O002283,2026-06-26 18:02:08,card,paid,2630.25,PKR
PAY002284,O002284,2026-06-30 04:22:01,card,paid,1884.75,PKR
PAY002285,O002285,2026-06-25 10:14:18,cash,paid,2268.0,PKR
PAY002286,O002286,2026-07-04 11:52:29,card,paid,4643.36,PKR
PAY002287,O002287,2026-06-25 11:28:09,wallet,paid,4604.25,PKR
PAY002288,O002288,2026-08-05 10:24:56,bank_transfer,paid,1506.96,PKR
PAY002289,O002289,2026-06-13 17:26:31,card,paid,813.75,PKR
PAY002290,O002290,2026-06-27 21:07:10,cash,paid,871.5,PKR
PAY002291,O002291,2026-08-07 08:49:22,card,paid,10022.25,PKR
PAY002292,O002292,2026-07-05 10:45:33,card,paid,892.5,PKR
PAY002293,O002293,2026-08-23 08:33:29,card,paid,203.18,PKR
PAY002294,O002294,2026-08-25 03:29:51,card,paid,766.5,PKR
PAY002295,O002295,2026-08-26 14:55:10,wallet,paid,5943.0,PKR
PAY002296,O002296,2026-07-28 05:47:32,card,paid,1674.75,PKR
PAY002297,O002297,2026-08-17 21:00:41,card,paid,4593.75,PKR
PAY002298,O002298,2026-07-24 12:50:29,cash,paid,1421.44,PKR
PAY002299,O002299,2026-08-01 10:07:46,wallet,paid,2142.0,PKR
PAY002300,O002300,2026-06-05 04:58:14,card,paid,2745.75,PKR
PAY002301,O002301,2026-06-10 21:39:53,card,paid,4189.19,PKR
PAY002302,O002302,2026-07-13 22:15:12,card,paid,3549.0,PKR
PAY002303,O002303,2026-06-28 15:13:43,cash,paid,1979.25,PKR
PAY002304,O002304,2026-06-03 01:41:49,cash,paid,10095.75,PKR
PAY002305,O002305,2026-06-14 10:44:38,cash,paid,1894.2,PKR
PAY002306,O002306,2026-07-01 00:56:43,card,paid,5906.25,PKR
PAY002307,O002307,2026-08-03 05:46:37,bank_transfer,paid,6105.75,PKR
PAY002308,O002308,2026-07-15 15:44:15,card,paid,7785.49,PKR
PAY002309,O002309,2026-08-08 11:20:25,cash,paid,1275.75,PKR
PAY002310,O002310,2026-06-06 03:03:32,card,paid,2167.83,PKR
PAY002311,O002311,2026-08-06 20:22:18,card,paid,3250.8,PKR
PAY002312,O002312,2026-07-24 14:37:43,card,paid,6877.5,PKR
PAY002313,O002313,2026-07-26 04:00:56,cash,paid,1470.0,PKR
PAY002314,O002314,2026-06-05 01:12:06,card,paid,3239.25,PKR
PAY002315,O002315,2026-08-15 02:19:07,cash,paid,2814.0,PKR
PAY002316,O002316,2026-07-28 22:37:28,card,paid,1291.5,PKR
PAY002317,O002317,2026-07-19 16:28:11,wallet,paid,5533.5,PKR
PAY002318,O002318,2026-07-15 00:44:47,wallet,paid,9271.5,PKR
PAY002319,O002319,2026-06-07 03:32:10,card,paid,4270.67,PKR
PAY002320,O002320,2026-06-02 17:50:00,card,paid,7129.5,PKR
PAY002321,O002321,2026-06-28 19:04:56,cash,paid,8244.81,PKR
PAY002322,O002322,2026-08-19 04:27:30,card,paid,11891.25,PKR
PAY002323,O002323,2026-07-19 02:15:12,card,paid,7108.5,PKR
PAY002324,O002324,2026-08-12 21:50:30,card,refunded,4362.75,PKR
PAY002325,O002325,2026-06-19 16:17:46,card,cancelled,0.0,PKR
PAY002326,O002326,2026-08-12 19:43:43,cash,refunded,2488.5,PKR
PAY002327,O002327,2026-07-03 16:29:34,cash,paid,1296.75,PKR
PAY002328,O002328,2026-08-09 14:58:41,card,paid,2436.0,PKR
PAY002329,O002329,2026-06-28 22:19:29,cash,paid,966.0,PKR
PAY002330,O002330,2026-08-04 05:32:21,bank_transfer,paid,2089.5,PKR
PAY002331,O002331,2026-07-08 04:37:46,cash,paid,1580.25,PKR
PAY002332,O002332,2026-07-26 18:24:30,card,paid,6620.25,PKR
PAY002333,O002333,2026-07-10 17:11:33,card,paid,1391.51,PKR
PAY002334,O002334,2026-06-20 14:53:16,cash,paid,7367.69,PKR
PAY002335,O002335,2026-07-29 21:07:48,card,paid,9596.16,PKR
PAY002336,O002336,2026-08-10 15:10:17,cash,paid,3326.4,PKR
PAY002337,O002337,2026-07-24 04:26:22,card,paid,6126.75,PKR
PAY002338,O002338,2026-06-17 00:48:55,wallet,paid,14201.25,PKR
PAY002339,O002339,2026-06-25 02:04:11,card,paid,409.5,PKR
PAY002340,O002340,2026-07-07 04:55:47,wallet,paid,3487.58,PKR
PAY002341,O002341,2026-07-23 10:41:12,card,paid,3853.5,PKR
PAY002342,O002342,2026-08-18 08:28:16,card,paid,1302.0,PKR
PAY002343,O002343,2026-08-05 07:05:04,card,paid,1275.75,PKR
PAY002344,O002344,2026-06-15 13:14:50,card,paid,8825.25,PKR
PAY002345,O002345,2026-06-11 12:31:50,wallet,paid,304.5,PKR
PAY002346,O002346,2026-08-08 15:42:18,bank_transfer,paid,5715.36,PKR
PAY002347,O002347,2026-07-11 13:10:47,cash,paid,354.38,PKR
PAY002348,O002348,2026-06-10 09:40:07,cash,paid,4436.25,PKR
PAY002349,O002349,2026-06-06 01:21:52,wallet,paid,4677.75,PKR
PAY002350,O002350,2026-06-18 12:26:29,wallet,paid,918.75,PKR
PAY002351,O002351,2026-08-14 04:49:04,cash,paid,5958.75,PKR
PAY002352,O002352,2026-06-16 12:02:09,cash,cancelled,0.0,PKR
PAY002353,O002353,2026-06-30 01:05:30,cash,paid,3365.25,PKR
PAY002354,O002354,2026-06-09 13:01:17,cash,paid,3192.0,PKR
PAY002355,O002355,2026-08-19 20:07:06,cash,paid,8520.75,PKR
PAY002356,O002356,2026-06-25 07:30:58,wallet,paid,4599.0,PKR
PAY002357,O002357,2026-07-03 19:10:59,card,paid,5769.75,PKR
PAY002358,O002358,2026-08-06 05:09:56,bank_transfer,paid,1411.2,PKR
PAY002359,O002359,2026-07-08 12:15:54,cash,paid,1375.5,PKR
PAY002360,O002360,2026-07-14 01:25:45,wallet,paid,2603.48,PKR
PAY002361,O002361,2026-08-19 12:59:28,cash,cancelled,0.0,PKR
PAY002362,O002362,2026-06-09 17:57:17,card,paid,1128.75,PKR
PAY002363,O002363,2026-08-25 03:29:36,cash,paid,874.12,PKR
PAY002364,O002364,2026-08-08 04:20:56,card,paid,6447.0,PKR
PAY002365,O002365,2026-07-20 03:56:09,cash,paid,10473.75,PKR
PAY002366,O002366,2026-08-23 13:10:24,cash,refunded,3790.5,PKR
PAY002367,O002367,2026-08-30 00:03:53,cash,paid,493.5,PKR
PAY002368,O002368,2026-07-26 15:34:04,wallet,paid,10294.2,PKR
PAY002369,O002369,2026-08-06 12:13:13,card,paid,5710.32,PKR
PAY002370,O002370,2026-07-22 14:02:33,cash,paid,5002.46,PKR
PAY002371,O002371,2026-06-24 03:11:24,card,paid,7880.25,PKR
PAY002372,O002372,2026-07-18 18:31:04,cash,paid,704.81,PKR
PAY002373,O002373,2026-08-17 15:43:57,cash,paid,2088.45,PKR
PAY002374,O002374,2026-07-25 01:46:18,wallet,paid,7071.75,PKR
PAY002375,O002375,2026-07-27 21:45:32,card,paid,4369.68,PKR
PAY002376,O002376,2026-08-14 16:30:18,card,paid,1648.5,PKR
PAY002377,O002377,2026-08-13 15:54:55,card,paid,2121.0,PKR
PAY002378,O002378,2026-07-30 13:14:19,card,paid,1370.88,PKR
PAY002379,O002379,2026-07-27 15:42:13,wallet,paid,9344.16,PKR
PAY002380,O002380,2026-08-10 16:41:55,card,paid,7654.5,PKR
PAY002381,O002381,2026-07-31 04:02:28,cash,paid,3008.25,PKR
PAY002382,O002382,2026-08-30 22:58:13,cash,refunded,3921.75,PKR
PAY002383,O002383,2026-06-17 05:31:39,card,paid,1370.25,PKR
PAY002384,O002384,2026-08-09 11:55:45,cash,paid,5853.75,PKR
PAY002385,O002385,2026-07-25 20:30:54,cash,paid,1406.48,PKR
PAY002386,O002386,2026-08-26 23:14:32,cash,paid,278.25,PKR
PAY002387,O002387,2026-06-14 03:32:05,wallet,paid,4189.19,PKR
PAY002388,O002388,2026-08-09 16:10:11,cash,paid,7581.0,PKR
PAY002389,O002389,2026-08-06 11:35:02,cash,paid,8898.75,PKR
PAY002390,O002390,2026-06-11 00:04:32,bank_transfer,paid,1512.0,PKR
PAY002391,O002391,2026-08-12 18:54:58,cash,paid,2850.75,PKR
PAY002392,O002392,2026-06-21 12:37:10,card,paid,136.5,PKR
PAY002393,O002393,2026-08-29 06:55:42,wallet,paid,2042.25,PKR
PAY002394,O002394,2026-07-10 19:50:52,cash,paid,12560.05,PKR
PAY002395,O002395,2026-06-25 10:33:35,wallet,paid,7360.92,PKR
PAY002396,O002396,2026-08-09 14:31:38,cash,paid,1260.0,PKR
PAY002397,O002397,2026-07-03 00:36:51,wallet,paid,3118.5,PKR
PAY002398,O002398,2026-06-10 12:27:01,card,paid,7077.0,PKR
PAY002399,O002399,2026-06-08 11:52:30,card,paid,1879.5,PKR
PAY002400,O002400,2026-08-23 07:03:14,wallet,paid,2189.25,PKR
PAY002401,O002401,2026-08-17 04:24:46,card,paid,1564.5,PKR
PAY002402,O002402,2026-07-09 19:37:57,cash,paid,942.59,PKR
PAY002403,O002403,2026-06-12 04:50:49,card,paid,451.5,PKR
PAY002404,O002404,2026-06-17 10:08:56,cash,paid,7376.25,PKR
PAY002405,O002405,2026-08-29 19:34:54,card,paid,4257.75,PKR
PAY002406,O002406,2026-08-01 09:48:15,wallet,paid,3588.48,PKR
PAY002407,O002407,2026-08-04 14:26:08,cash,paid,404.25,PKR
PAY002408,O002408,2026-08-04 12:41:16,cash,paid,2289.0,PKR
PAY002409,O002409,2026-08-10 19:19:24,bank_transfer,paid,8341.2,PKR
PAY002410,O002410,2026-06-16 23:11:42,cash,paid,1041.97,PKR
PAY002411,O002411,2026-07-27 13:17:20,card,paid,3339.0,PKR
PAY002412,O002412,2026-07-10 18:46:07,wallet,paid,2341.5,PKR
PAY002413,O002413,2026-06-18 06:30:23,cash,paid,3454.5,PKR
PAY002414,O002414,2026-07-16 10:59:52,bank_transfer,paid,2010.75,PKR
PAY002415,O002415,2026-08-28 17:52:17,card,paid,3407.25,PKR
PAY002416,O002416,2026-06-30 23:22:55,cash,paid,8268.75,PKR
PAY002417,O002417,2026-06-11 15:06:30,wallet,paid,12132.75,PKR
PAY002418,O002418,2026-08-10 22:35:49,wallet,paid,14085.23,PKR
PAY002419,O002419,2026-07-08 14:44:24,wallet,paid,2331.0,PKR
PAY002420,O002420,2026-07-21 02:59:51,bank_transfer,paid,1375.5,PKR
PAY002421,O002421,2026-07-09 11:04:26,card,paid,2131.5,PKR
PAY002422,O002422,2026-06-17 20:43:05,cash,paid,8856.75,PKR
PAY002423,O002423,2026-06-18 14:21:31,wallet,paid,1165.5,PKR
PAY002424,O002424,2026-06-30 00:41:22,cash,paid,1286.25,PKR
PAY002425,O002425,2026-08-26 09:14:42,cash,paid,1895.25,PKR
PAY002426,O002426,2026-07-01 00:48:09,cash,paid,2257.5,PKR
PAY002427,O002427,2026-08-09 01:11:30,cash,paid,1029.0,PKR
PAY002428,O002428,2026-07-27 15:57:21,card,paid,1323.0,PKR
PAY002429,O002429,2026-07-04 18:20:43,cash,refunded,10794.0,PKR
PAY002430,O002430,2026-08-25 16:02:32,cash,paid,3085.43,PKR
PAY002431,O002431,2026-08-01 22:49:26,card,paid,4379.76,PKR
PAY002432,O002432,2026-08-13 12:03:12,card,cancelled,0.0,PKR
PAY002433,O002433,2026-07-21 05:04:38,wallet,paid,7155.75,PKR
PAY002434,O002434,2026-07-27 12:06:04,card,paid,641.81,PKR
PAY002435,O002435,2026-07-27 17:00:55,cash,paid,6258.0,PKR
PAY002436,O002436,2026-06-13 08:47:48,card,paid,2026.5,PKR
PAY002437,O002437,2026-08-09 07:13:12,bank_transfer,paid,7533.75,PKR
PAY002438,O002438,2026-06-28 20:17:26,cash,paid,5885.25,PKR
PAY002439,O002439,2026-07-02 09:36:10,wallet,paid,10027.5,PKR
PAY002440,O002440,2026-07-05 20:04:23,card,paid,231.0,PKR
PAY002441,O002441,2026-07-02 09:29:38,card,paid,740.25,PKR
PAY002442,O002442,2026-08-03 21:00:55,card,paid,5229.0,PKR
PAY002443,O002443,2026-07-11 13:15:04,card,paid,1934.52,PKR
PAY002444,O002444,2026-08-16 15:10:07,card,paid,10295.78,PKR
PAY002445,O002445,2026-06-25 10:45:53,cash,refunded,5853.75,PKR
PAY002446,O002446,2026-08-19 14:06:00,card,paid,3217.72,PKR
PAY002447,O002447,2026-07-25 23:22:32,cash,paid,5617.5,PKR
PAY002448,O002448,2026-07-02 21:15:51,cash,paid,304.5,PKR
PAY002449,O002449,2026-07-27 14:44:37,cash,refunded,3633.0,PKR
PAY002450,O002450,2026-07-03 20:44:38,cash,paid,3060.75,PKR
PAY002451,O002451,2026-06-15 02:14:54,wallet,paid,1044.23,PKR
PAY002452,O002452,2026-06-28 07:51:55,wallet,paid,3066.0,PKR
PAY002453,O002453,2026-07-11 15:31:23,wallet,paid,807.98,PKR
PAY002454,O002454,2026-08-21 16:07:34,card,paid,3790.5,PKR
PAY002455,O002455,2026-07-04 00:11:38,card,paid,1816.5,PKR
PAY002456,O002456,2026-06-22 21:27:44,card,paid,4798.5,PKR
PAY002457,O002457,2026-07-07 04:50:28,bank_transfer,paid,3727.5,PKR
PAY002458,O002458,2026-08-29 14:47:06,bank_transfer,paid,10291.05,PKR
PAY002459,O002459,2026-08-05 17:14:37,card,paid,892.5,PKR
PAY002460,O002460,2026-06-14 17:01:35,card,paid,2011.59,PKR
PAY002461,O002461,2026-08-15 17:40:06,card,paid,4604.25,PKR
PAY002462,O002462,2026-06-15 16:50:58,cash,paid,3759.0,PKR
PAY002463,O002463,2026-06-07 23:46:39,cash,paid,3617.25,PKR
PAY002464,O002464,2026-06-03 15:16:25,card,paid,2656.5,PKR
PAY002465,O002465,2026-08-12 16:05:42,cash,paid,5008.5,PKR
PAY002466,O002466,2026-08-08 08:54:25,card,paid,2913.75,PKR
PAY002467,O002467,2026-08-25 10:32:41,bank_transfer,paid,2819.25,PKR
PAY002468,O002468,2026-08-10 12:06:47,wallet,paid,5202.23,PKR
PAY002469,O002469,2026-08-09 04:53:25,cash,paid,6310.08,PKR
PAY002470,O002470,2026-08-14 03:53:47,card,paid,2614.5,PKR
PAY002471,O002471,2026-08-28 21:42:02,card,paid,609.53,PKR
PAY002472,O002472,2026-07-26 02:44:52,card,paid,4725.0,PKR
PAY002473,O002473,2026-06-12 01:00:13,wallet,cancelled,0.0,PKR
PAY002474,O002474,2026-07-13 18:29:24,wallet,paid,507.94,PKR
PAY002475,O002475,2026-06-22 21:57:47,cash,paid,6132.0,PKR
PAY002476,O002476,2026-07-09 22:37:43,card,paid,1406.48,PKR
PAY002477,O002477,2026-06-28 22:07:12,wallet,paid,2971.5,PKR
PAY002478,O002478,2026-06-13 20:00:48,card,paid,541.96,PKR
PAY002479,O002479,2026-07-14 23:22:00,card,cancelled,0.0,PKR
PAY002480,O002480,2026-06-25 23:35:02,card,paid,6184.5,PKR
PAY002481,O002481,2026-06-02 11:56:02,cash,paid,4919.25,PKR
PAY002482,O002482,2026-06-29 07:28:07,wallet,paid,6552.0,PKR
PAY002483,O002483,2026-06-12 17:15:12,cash,refunded,1212.75,PKR
PAY002484,O002484,2026-06-06 03:08:14,card,refunded,11865.0,PKR
PAY002485,O002485,2026-08-03 17:25:11,wallet,paid,1237.95,PKR
PAY002486,O002486,2026-07-20 07:48:39,card,paid,2751.84,PKR
PAY002487,O002487,2026-07-27 15:10:44,cash,paid,766.5,PKR
PAY002488,O002488,2026-08-31 16:31:35,card,paid,1643.25,PKR
PAY002489,O002489,2026-06-25 11:11:38,bank_transfer,paid,4998.0,PKR
PAY002490,O002490,2026-08-11 15:52:51,cash,paid,2131.5,PKR
PAY002491,O002491,2026-08-08 06:00:45,cash,paid,5139.75,PKR
PAY002492,O002492,2026-06-13 16:44:49,cash,paid,2241.75,PKR
PAY002493,O002493,2026-07-16 19:54:27,wallet,paid,2369.06,PKR
PAY002494,O002494,2026-06-09 17:15:54,cash,paid,7669.2,PKR
PAY002495,O002495,2026-07-21 15:08:00,card,paid,5601.75,PKR
PAY002496,O002496,2026-06-27 05:10:56,bank_transfer,paid,3593.52,PKR
PAY002497,O002497,2026-07-06 23:54:17,bank_transfer,paid,2310.0,PKR
PAY002498,O002498,2026-08-06 18:15:08,wallet,paid,2348.64,PKR
PAY002499,O002499,2026-08-16 09:23:58,wallet,cancelled,0.0,PKR
PAY002500,O002500,2026-07-01 10:52:14,card,paid,1575.0,PKR
PAY002501,O002501,2026-07-20 04:22:12,wallet,cancelled,0.0,PKR
PAY002502,O002502,2026-06-15 07:57:49,card,paid,2037.0,PKR
PAY002503,O002503,2026-07-03 07:50:18,wallet,paid,1128.75,PKR
PAY002504,O002504,2026-06-04 20:45:01,wallet,paid,6336.75,PKR
PAY002505,O002505,2026-07-26 10:27:09,card,paid,478.8,PKR
PAY002506,O002506,2026-06-30 20:29:01,cash,paid,1323.0,PKR
PAY002507,O002507,2026-06-09 07:13:00,cash,paid,1018.5,PKR
PAY002508,O002508,2026-07-24 15:45:02,wallet,cancelled,0.0,PKR
PAY002509,O002509,2026-08-05 01:23:16,card,paid,1320.48,PKR
PAY002510,O002510,2026-07-20 05:55:37,card,paid,9030.0,PKR
PAY002511,O002511,2026-06-13 09:53:41,cash,paid,2488.5,PKR
PAY002512,O002512,2026-07-28 13:35:36,bank_transfer,paid,2751.84,PKR
PAY002513,O002513,2026-08-09 10:51:53,cash,paid,1638.0,PKR
PAY002514,O002514,2026-07-28 13:56:33,cash,paid,3953.25,PKR
PAY002515,O002515,2026-06-28 13:27:22,card,paid,3228.75,PKR
PAY002516,O002516,2026-06-14 08:38:15,cash,paid,3160.5,PKR
PAY002517,O002517,2026-06-18 18:09:26,cash,paid,2568.2,PKR
PAY002518,O002518,2026-08-04 10:30:25,card,paid,2163.0,PKR
PAY002519,O002519,2026-06-11 22:09:10,card,paid,6916.14,PKR
PAY002520,O002520,2026-07-22 07:24:39,cash,paid,673.31,PKR
PAY002521,O002521,2026-08-18 11:55:49,bank_transfer,paid,1455.3,PKR
PAY002522,O002522,2026-07-26 02:15:00,bank_transfer,paid,1548.75,PKR
PAY002523,O002523,2026-07-03 07:17:03,cash,paid,693.0,PKR
PAY002524,O002524,2026-07-06 16:02:55,wallet,paid,2740.5,PKR
PAY002525,O002525,2026-07-11 15:52:38,card,paid,4478.25,PKR
PAY002526,O002526,2026-08-31 17:28:32,wallet,paid,1832.25,PKR
PAY002527,O002527,2026-08-21 18:27:34,cash,paid,4740.75,PKR
PAY002528,O002528,2026-06-26 00:23:14,card,paid,1895.25,PKR
PAY002529,O002529,2026-07-18 22:01:16,wallet,paid,3874.5,PKR
PAY002530,O002530,2026-08-21 13:40:17,card,paid,1548.75,PKR
PAY002531,O002531,2026-07-21 00:35:04,cash,paid,716.62,PKR
PAY002532,O002532,2026-06-01 10:44:55,cash,paid,4194.75,PKR
PAY002533,O002533,2026-08-04 09:57:28,card,paid,2115.75,PKR
PAY002534,O002534,2026-06-16 17:16:50,card,paid,3641.4,PKR
PAY002535,O002535,2026-08-26 09:43:12,bank_transfer,paid,4483.5,PKR
PAY002536,O002536,2026-08-19 16:35:36,wallet,paid,4824.23,PKR
PAY002537,O002537,2026-06-19 19:36:13,card,paid,1764.0,PKR
PAY002538,O002538,2026-06-04 09:47:55,wallet,paid,2688.0,PKR
PAY002539,O002539,2026-08-30 03:21:36,wallet,paid,1674.75,PKR
PAY002540,O002540,2026-06-19 19:09:29,card,paid,6166.6,PKR
PAY002541,O002541,2026-06-14 02:04:08,card,cancelled,0.0,PKR
PAY002542,O002542,2026-08-30 02:26:38,bank_transfer,paid,3150.0,PKR
PAY002543,O002543,2026-07-29 12:08:03,card,paid,4803.75,PKR
PAY002544,O002544,2026-06-18 10:54:33,card,paid,5419.57,PKR
PAY002545,O002545,2026-08-10 06:54:02,card,paid,3945.38,PKR
PAY002546,O002546,2026-07-16 07:37:36,cash,paid,3270.75,PKR
PAY002547,O002547,2026-06-29 17:48:02,cash,refunded,756.0,PKR
PAY002548,O002548,2026-06-03 23:11:03,wallet,paid,2457.0,PKR
PAY002549,O002549,2026-08-10 19:49:27,cash,paid,5302.5,PKR
PAY002550,O002550,2026-08-28 00:48:42,bank_transfer,paid,1937.25,PKR
PAY002551,O002551,2026-08-30 17:44:03,wallet,paid,4110.75,PKR
PAY002552,O002552,2026-08-21 15:19:14,cash,paid,630.0,PKR
PAY002553,O002553,2026-07-27 04:19:38,card,paid,2950.5,PKR
PAY002554,O002554,2026-06-25 18:46:05,card,paid,2819.25,PKR
PAY002555,O002555,2026-07-05 06:02:05,cash,paid,10242.75,PKR
PAY002556,O002556,2026-08-16 02:22:23,card,paid,1155.0,PKR
PAY002557,O002557,2026-06-10 04:47:11,cash,paid,7512.75,PKR
PAY002558,O002558,2026-07-15 18:09:47,wallet,paid,2530.5,PKR
PAY002559,O002559,2026-07-30 23:18:42,bank_transfer,paid,2068.5,PKR
PAY002560,O002560,2026-06-21 22:15:28,wallet,cancelled,0.0,PKR
PAY002561,O002561,2026-06-09 19:39:07,card,paid,834.75,PKR
PAY002562,O002562,2026-06-16 12:49:26,cash,paid,3400.32,PKR
PAY002563,O002563,2026-08-08 13:30:42,card,paid,6350.4,PKR
PAY002564,O002564,2026-06-17 22:07:50,cash,paid,3407.25,PKR
PAY002565,O002565,2026-08-31 15:02:13,bank_transfer,paid,3425.62,PKR
PAY002566,O002566,2026-08-02 16:11:49,card,paid,1328.25,PKR
PAY002567,O002567,2026-07-14 15:21:32,card,paid,5985.0,PKR
PAY002568,O002568,2026-06-21 03:23:07,cash,paid,934.5,PKR
PAY002569,O002569,2026-06-11 09:55:37,card,paid,1785.0,PKR
PAY002570,O002570,2026-07-10 04:27:53,cash,paid,2724.75,PKR
PAY002571,O002571,2026-08-17 12:58:31,wallet,paid,5706.75,PKR
PAY002572,O002572,2026-07-18 13:08:35,bank_transfer,paid,3302.25,PKR
PAY002573,O002573,2026-07-22 03:21:31,card,cancelled,0.0,PKR
PAY002574,O002574,2026-08-17 02:49:58,card,paid,6578.25,PKR
PAY002575,O002575,2026-07-19 02:11:48,card,paid,10130.4,PKR
PAY002576,O002576,2026-06-15 10:48:03,card,paid,9240.0,PKR
PAY002577,O002577,2026-08-16 10:59:22,wallet,paid,5664.75,PKR
PAY002578,O002578,2026-08-13 14:27:18,card,paid,4945.5,PKR
PAY002579,O002579,2026-06-30 08:01:52,cash,paid,2567.25,PKR
PAY002580,O002580,2026-08-18 00:06:53,card,paid,7659.75,PKR
PAY002581,O002581,2026-07-17 22:50:31,card,paid,3160.5,PKR
PAY002582,O002582,2026-07-05 04:08:55,cash,paid,9791.04,PKR
PAY002583,O002583,2026-06-07 05:16:46,wallet,paid,3102.54,PKR
PAY002584,O002584,2026-06-15 14:55:06,wallet,paid,253.89,PKR
PAY002585,O002585,2026-07-02 02:07:32,cash,paid,2283.75,PKR
PAY002586,O002586,2026-07-21 11:17:29,card,paid,1317.75,PKR
PAY002587,O002587,2026-08-24 08:08:59,cash,paid,651.0,PKR
PAY002588,O002588,2026-07-23 12:31:32,card,paid,8499.75,PKR
PAY002589,O002589,2026-06-23 04:51:21,card,paid,1155.0,PKR
PAY002590,O002590,2026-06-23 13:44:52,card,paid,3598.98,PKR
PAY002591,O002591,2026-08-14 00:59:59,bank_transfer,paid,3921.75,PKR
PAY002592,O002592,2026-06-28 08:42:41,card,paid,4269.72,PKR
PAY002593,O002593,2026-07-14 10:35:53,wallet,paid,3465.0,PKR
PAY002594,O002594,2026-06-18 03:42:37,card,paid,2134.86,PKR
PAY002595,O002595,2026-08-07 07:47:58,cash,refunded,5221.44,PKR
PAY002596,O002596,2026-08-06 22:12:12,card,paid,3879.75,PKR
PAY002597,O002597,2026-08-31 02:26:33,card,cancelled,0.0,PKR
PAY002598,O002598,2026-07-18 13:06:35,wallet,paid,1837.5,PKR
PAY002599,O002599,2026-06-22 09:53:28,wallet,paid,4089.75,PKR
PAY002600,O002600,2026-08-19 04:00:51,cash,paid,3486.0,PKR
PAY002601,O002601,2026-08-14 10:23:35,wallet,paid,3885.0,PKR
PAY002602,O002602,2026-06-01 22:34:43,card,paid,3129.0,PKR
PAY002603,O002603,2026-08-14 09:12:54,card,paid,2268.0,PKR
PAY002604,O002604,2026-06-20 12:33:13,card,paid,2131.5,PKR
PAY002605,O002605,2026-06-20 17:32:37,wallet,paid,2446.5,PKR
PAY002606,O002606,2026-07-06 18:16:28,card,paid,1554.0,PKR
PAY002607,O002607,2026-08-28 18:41:01,card,paid,2210.25,PKR
PAY002608,O002608,2026-06-16 08:55:00,bank_transfer,cancelled,0.0,PKR
PAY002609,O002609,2026-08-23 09:41:08,bank_transfer,paid,5103.0,PKR
PAY002610,O002610,2026-07-23 16:35:01,wallet,paid,5444.25,PKR
PAY002611,O002611,2026-08-14 19:40:24,card,paid,5155.5,PKR
PAY002612,O002612,2026-07-17 08:28:25,card,paid,4567.5,PKR
PAY002613,O002613,2026-08-25 20:42:33,wallet,paid,4030.43,PKR
PAY002614,O002614,2026-06-07 09:26:43,cash,paid,1774.5,PKR
PAY002615,O002615,2026-08-08 15:22:17,card,paid,2192.4,PKR
PAY002616,O002616,2026-07-02 08:49:16,cash,paid,6189.75,PKR
PAY002617,O002617,2026-06-14 15:06:37,card,paid,2383.5,PKR
PAY002618,O002618,2026-06-26 04:12:48,card,paid,8043.0,PKR
PAY002619,O002619,2026-06-08 05:52:47,cash,paid,4231.5,PKR
PAY002620,O002620,2026-08-29 16:53:24,bank_transfer,paid,1401.75,PKR
PAY002621,O002621,2026-06-29 18:17:41,wallet,paid,6751.5,PKR
PAY002622,O002622,2026-06-26 08:22:44,bank_transfer,paid,3360.0,PKR
PAY002623,O002623,2026-07-22 15:37:48,bank_transfer,paid,962.64,PKR
PAY002624,O002624,2026-08-11 00:25:56,cash,paid,7847.28,PKR
PAY002625,O002625,2026-07-16 12:33:06,cash,paid,2383.5,PKR
PAY002626,O002626,2026-06-11 12:37:54,cash,paid,1779.75,PKR
PAY002627,O002627,2026-07-28 18:03:26,card,paid,2861.25,PKR
PAY002628,O002628,2026-06-07 16:14:18,cash,paid,3018.75,PKR
PAY002629,O002629,2026-08-19 23:09:22,card,paid,2719.5,PKR
PAY002630,O002630,2026-06-19 10:29:42,cash,paid,3738.0,PKR
PAY002631,O002631,2026-06-10 02:28:15,cash,paid,1359.75,PKR
PAY002632,O002632,2026-07-18 01:17:49,card,paid,4074.0,PKR
PAY002633,O002633,2026-06-07 14:09:48,card,cancelled,0.0,PKR
PAY002634,O002634,2026-06-10 11:47:02,bank_transfer,paid,5727.75,PKR
PAY002635,O002635,2026-06-27 15:23:36,card,cancelled,0.0,PKR
PAY002636,O002636,2026-07-07 05:14:21,card,paid,572.25,PKR
PAY002637,O002637,2026-07-07 13:43:15,wallet,paid,498.75,PKR
PAY002638,O002638,2026-08-09 06:39:37,cash,paid,446.25,PKR
PAY002639,O002639,2026-07-10 16:30:05,cash,paid,1436.4,PKR
PAY002640,O002640,2026-07-26 10:46:35,wallet,cancelled,0.0,PKR
PAY002641,O002641,2026-08-07 01:07:30,cash,paid,4566.24,PKR
PAY002642,O002642,2026-08-19 14:56:16,card,paid,1785.0,PKR
PAY002643,O002643,2026-07-04 08:03:21,card,paid,3052.35,PKR
PAY002644,O002644,2026-07-10 06:01:14,bank_transfer,paid,7413.0,PKR
PAY002645,O002645,2026-08-03 06:52:17,card,paid,3759.0,PKR
PAY002646,O002646,2026-08-10 02:02:05,card,paid,1354.5,PKR
PAY002647,O002647,2026-08-24 10:44:11,bank_transfer,paid,1947.75,PKR
PAY002648,O002648,2026-06-16 15:38:45,cash,paid,629.21,PKR
PAY002649,O002649,2026-06-27 11:23:32,card,cancelled,0.0,PKR
PAY002650,O002650,2026-07-12 21:50:37,card,paid,12138.0,PKR
PAY002651,O002651,2026-06-06 02:53:14,wallet,paid,6168.75,PKR
PAY002652,O002652,2026-07-09 06:14:50,bank_transfer,paid,1574.27,PKR
PAY002653,O002653,2026-07-24 11:46:27,card,paid,2551.5,PKR
PAY002654,O002654,2026-08-09 13:33:48,card,paid,5124.0,PKR
PAY002655,O002655,2026-08-05 11:10:15,wallet,paid,11042.33,PKR
PAY002656,O002656,2026-07-01 22:20:22,card,paid,4965.24,PKR
PAY002657,O002657,2026-07-26 13:07:36,wallet,paid,1821.75,PKR
PAY002658,O002658,2026-08-02 09:53:02,bank_transfer,paid,3931.2,PKR
PAY002659,O002659,2026-06-23 16:56:56,cash,paid,2120.37,PKR
PAY002660,O002660,2026-08-22 18:08:57,wallet,refunded,834.75,PKR
PAY002661,O002661,2026-08-29 04:58:18,wallet,paid,2206.58,PKR
PAY002662,O002662,2026-08-26 18:23:27,cash,paid,1134.0,PKR
PAY002663,O002663,2026-08-18 20:54:45,card,paid,6898.5,PKR
PAY002664,O002664,2026-06-02 00:11:55,cash,paid,477.75,PKR
PAY002665,O002665,2026-08-21 09:14:31,wallet,paid,3129.0,PKR
PAY002666,O002666,2026-06-26 16:39:39,wallet,cancelled,0.0,PKR
PAY002667,O002667,2026-08-05 20:24:46,wallet,paid,962.64,PKR
PAY002668,O002668,2026-08-10 11:24:20,wallet,paid,4847.85,PKR
PAY002669,O002669,2026-06-13 11:01:04,cash,paid,4522.98,PKR
PAY002670,O002670,2026-06-14 20:28:33,cash,paid,7860.83,PKR
PAY002671,O002671,2026-06-08 22:56:47,cash,paid,3423.0,PKR
PAY002672,O002672,2026-08-23 04:14:52,cash,paid,1470.0,PKR
PAY002673,O002673,2026-08-07 10:52:44,wallet,paid,1436.4,PKR
PAY002674,O002674,2026-06-21 16:06:28,wallet,paid,1467.16,PKR
PAY002675,O002675,2026-06-12 04:07:43,cash,paid,1911.0,PKR
PAY002676,O002676,2026-06-25 19:19:38,cash,paid,1674.75,PKR
PAY002677,O002677,2026-06-04 13:29:51,cash,paid,6956.25,PKR
PAY002678,O002678,2026-06-26 22:59:57,card,paid,11082.75,PKR
PAY002679,O002679,2026-08-10 18:22:25,cash,paid,3853.5,PKR
PAY002680,O002680,2026-06-15 10:07:02,cash,paid,1543.5,PKR
PAY002681,O002681,2026-06-20 20:11:44,wallet,paid,6909.0,PKR
PAY002682,O002682,2026-07-15 22:02:07,wallet,paid,9213.75,PKR
PAY002683,O002683,2026-07-29 20:56:22,wallet,paid,892.5,PKR
PAY002684,O002684,2026-06-17 02:41:14,wallet,paid,2801.4,PKR
PAY002685,O002685,2026-08-21 01:13:14,card,refunded,1018.5,PKR
PAY002686,O002686,2026-08-22 10:21:09,cash,paid,5475.75,PKR
PAY002687,O002687,2026-08-16 21:18:09,wallet,paid,1863.75,PKR
PAY002688,O002688,2026-08-28 20:15:40,card,paid,1470.0,PKR
PAY002689,O002689,2026-06-14 09:24:00,card,refunded,2067.24,PKR
PAY002690,O002690,2026-07-06 22:18:37,wallet,paid,273.0,PKR
PAY002691,O002691,2026-08-25 00:30:48,card,paid,3104.33,PKR
PAY002692,O002692,2026-06-24 00:34:23,cash,paid,5801.25,PKR
PAY002693,O002693,2026-08-18 22:35:36,card,paid,6342.0,PKR
PAY002694,O002694,2026-07-21 21:33:24,cash,paid,2220.75,PKR
PAY002695,O002695,2026-06-20 12:05:57,card,paid,7649.25,PKR
PAY002696,O002696,2026-07-01 10:17:28,card,paid,2961.0,PKR
PAY002697,O002697,2026-08-11 23:02:12,card,paid,1008.0,PKR
PAY002698,O002698,2026-06-04 21:42:38,card,paid,1386.0,PKR
PAY002699,O002699,2026-06-09 02:48:13,cash,paid,7103.25,PKR
PAY002700,O002700,2026-06-24 08:34:38,bank_transfer,paid,3428.25,PKR
PAY002701,O002701,2026-07-03 20:54:43,card,paid,1464.75,PKR
PAY002702,O002702,2026-06-12 15:07:03,wallet,paid,5932.24,PKR
PAY002703,O002703,2026-08-12 20:46:45,bank_transfer,paid,1732.5,PKR
PAY002704,O002704,2026-08-08 22:40:04,cash,paid,2010.75,PKR
PAY002705,O002705,2026-08-28 02:34:52,cash,paid,4026.75,PKR
PAY002706,O002706,2026-07-18 07:23:52,card,paid,1317.75,PKR
PAY002707,O002707,2026-07-01 19:20:29,wallet,paid,4499.25,PKR
PAY002708,O002708,2026-07-25 10:34:20,cash,paid,4203.36,PKR
PAY002709,O002709,2026-06-06 18:20:25,wallet,paid,6380.22,PKR
PAY002710,O002710,2026-07-07 07:36:47,wallet,paid,4273.5,PKR
PAY002711,O002711,2026-06-20 15:21:11,wallet,paid,2012.59,PKR
PAY002712,O002712,2026-06-24 06:12:48,card,paid,2682.75,PKR
PAY002713,O002713,2026-08-25 20:19:30,card,paid,1737.75,PKR
PAY002714,O002714,2026-08-02 07:41:26,wallet,paid,624.96,PKR
PAY002715,O002715,2026-08-04 17:20:57,wallet,paid,409.5,PKR
PAY002716,O002716,2026-08-21 06:22:03,wallet,paid,3239.25,PKR
PAY002717,O002717,2026-08-06 02:11:25,cash,paid,5029.92,PKR
PAY002718,O002718,2026-07-24 13:32:40,card,paid,6189.75,PKR
PAY002719,O002719,2026-08-17 07:01:39,cash,paid,6463.8,PKR
PAY002720,O002720,2026-07-06 08:28:58,cash,paid,1050.0,PKR
PAY002721,O002721,2026-08-10 09:33:48,cash,paid,5843.25,PKR
PAY002722,O002722,2026-08-01 16:21:01,wallet,paid,2461.73,PKR
PAY002723,O002723,2026-06-19 18:39:37,card,paid,2148.3,PKR
PAY002724,O002724,2026-06-28 22:44:30,bank_transfer,cancelled,0.0,PKR
PAY002725,O002725,2026-07-03 12:33:55,cash,paid,635.25,PKR
PAY002726,O002726,2026-07-19 22:12:36,card,paid,758.1,PKR
PAY002727,O002727,2026-08-28 15:23:56,wallet,paid,7796.25,PKR
PAY002728,O002728,2026-08-21 07:38:26,card,paid,8121.75,PKR
PAY002729,O002729,2026-06-05 09:27:53,card,paid,462.0,PKR
PAY002730,O002730,2026-07-18 07:15:53,card,paid,4310.25,PKR
PAY002731,O002731,2026-07-08 04:39:12,card,paid,10615.5,PKR
PAY002732,O002732,2026-08-02 07:07:14,cash,paid,3396.75,PKR
PAY002733,O002733,2026-07-11 01:18:19,card,paid,2352.0,PKR
PAY002734,O002734,2026-08-25 22:10:34,card,paid,6147.75,PKR
PAY002735,O002735,2026-06-15 00:19:55,card,paid,1622.88,PKR
PAY002736,O002736,2026-07-11 05:42:50,wallet,paid,2525.25,PKR
PAY002737,O002737,2026-07-18 12:20:19,cash,paid,3127.16,PKR
PAY002738,O002738,2026-06-17 13:21:53,card,paid,556.5,PKR
PAY002739,O002739,2026-08-20 14:52:25,wallet,cancelled,0.0,PKR
PAY002740,O002740,2026-08-20 05:22:23,cash,paid,5260.5,PKR
PAY002741,O002741,2026-08-14 23:00:44,card,paid,1905.75,PKR
PAY002742,O002742,2026-06-08 14:35:51,wallet,paid,6489.0,PKR
PAY002743,O002743,2026-08-22 22:24:12,cash,paid,5596.5,PKR
PAY002744,O002744,2026-06-08 03:50:30,cash,paid,2032.54,PKR
PAY002745,O002745,2026-07-25 08:25:55,card,paid,4662.0,PKR
PAY002746,O002746,2026-07-20 17:13:51,cash,paid,3034.5,PKR
PAY002747,O002747,2026-07-03 17:26:03,card,paid,3043.27,PKR
PAY002748,O002748,2026-06-30 11:42:07,wallet,paid,5748.75,PKR
PAY002749,O002749,2026-06-01 21:42:15,wallet,paid,918.75,PKR
PAY002750,O002750,2026-07-26 00:56:55,card,paid,4662.0,PKR
PAY002751,O002751,2026-07-13 19:16:22,card,paid,3336.64,PKR
PAY002752,O002752,2026-08-31 15:34:07,card,paid,866.25,PKR
PAY002753,O002753,2026-07-23 10:27:24,cash,paid,2556.75,PKR
PAY002754,O002754,2026-06-16 22:43:42,card,paid,7722.75,PKR
PAY002755,O002755,2026-08-26 10:49:26,card,paid,7785.75,PKR
PAY002756,O002756,2026-08-05 13:42:33,card,paid,8757.0,PKR
PAY002757,O002757,2026-07-07 04:51:34,cash,paid,2872.8,PKR
PAY002758,O002758,2026-06-09 23:58:33,card,paid,1559.25,PKR
PAY002759,O002759,2026-07-22 04:03:01,cash,paid,3531.15,PKR
PAY002760,O002760,2026-08-07 13:36:03,cash,paid,567.0,PKR
PAY002761,O002761,2026-06-14 21:02:47,card,paid,1035.09,PKR
PAY002762,O002762,2026-07-18 22:04:20,cash,paid,3564.75,PKR
PAY002763,O002763,2026-06-22 01:00:46,card,paid,3097.5,PKR
PAY002764,O002764,2026-07-23 04:47:34,card,paid,1716.75,PKR
PAY002765,O002765,2026-06-19 11:36:58,card,paid,2572.5,PKR
PAY002766,O002766,2026-08-15 14:55:25,card,paid,1989.75,PKR
PAY002767,O002767,2026-08-21 17:26:15,card,paid,3090.15,PKR
PAY002768,O002768,2026-07-31 16:54:13,card,paid,3840.48,PKR
PAY002769,O002769,2026-07-09 10:29:01,card,paid,3475.5,PKR
PAY002770,O002770,2026-06-29 00:49:08,card,paid,1816.5,PKR
PAY002771,O002771,2026-08-27 05:11:07,card,paid,6069.0,PKR
PAY002772,O002772,2026-06-02 05:39:15,cash,paid,766.5,PKR
PAY002773,O002773,2026-08-12 02:37:46,cash,paid,1926.75,PKR
PAY002774,O002774,2026-08-10 09:05:49,wallet,paid,1108.8,PKR
PAY002775,O002775,2026-07-07 12:30:25,bank_transfer,paid,7066.5,PKR
PAY002776,O002776,2026-06-09 06:33:27,cash,paid,2499.79,PKR
PAY002777,O002777,2026-06-13 23:16:05,cash,paid,3543.75,PKR
PAY002778,O002778,2026-08-09 11:10:06,card,paid,2026.5,PKR
PAY002779,O002779,2026-07-25 21:32:37,cash,paid,1165.5,PKR
PAY002780,O002780,2026-07-21 04:14:15,card,paid,2026.5,PKR
PAY002781,O002781,2026-08-10 15:47:24,cash,paid,2484.72,PKR
PAY002782,O002782,2026-07-22 15:27:16,card,paid,4635.75,PKR
PAY002783,O002783,2026-08-06 23:36:42,card,paid,1842.75,PKR
PAY002784,O002784,2026-08-28 11:04:39,cash,paid,5523.0,PKR
PAY002785,O002785,2026-08-03 02:22:10,cash,paid,472.5,PKR
PAY002786,O002786,2026-07-18 07:49:23,card,paid,1002.75,PKR
PAY002787,O002787,2026-07-15 03:47:04,cash,paid,7271.78,PKR
PAY002788,O002788,2026-07-10 16:05:47,card,paid,5066.25,PKR
PAY002789,O002789,2026-08-19 12:59:05,card,paid,145.69,PKR
PAY002790,O002790,2026-07-11 15:00:07,wallet,paid,3055.5,PKR
PAY002791,O002791,2026-07-05 23:00:32,card,paid,1615.95,PKR
PAY002792,O002792,2026-06-02 17:20:32,wallet,paid,1869.0,PKR
PAY002793,O002793,2026-08-16 20:35:26,card,paid,9161.25,PKR
PAY002794,O002794,2026-07-19 11:35:41,cash,paid,5297.25,PKR
PAY002795,O002795,2026-08-05 23:09:39,bank_transfer,paid,5727.75,PKR
PAY002796,O002796,2026-06-13 18:30:35,card,paid,2042.25,PKR
PAY002797,O002797,2026-07-22 12:59:06,card,paid,6378.75,PKR
PAY002798,O002798,2026-07-18 15:04:52,card,paid,955.5,PKR
PAY002799,O002799,2026-06-06 20:10:25,cash,paid,2546.25,PKR
PAY002800,O002800,2026-08-24 09:45:29,card,paid,1606.5,PKR
PAY002801,O002801,2026-07-09 17:35:04,card,paid,6951.0,PKR
PAY002802,O002802,2026-06-24 02:53:51,wallet,paid,5481.0,PKR
PAY002803,O002803,2026-06-20 15:58:48,wallet,paid,2651.25,PKR
PAY002804,O002804,2026-08-12 08:05:45,card,paid,2551.5,PKR
PAY002805,O002805,2026-06-24 14:48:51,card,paid,1144.5,PKR
PAY002806,O002806,2026-06-16 01:07:22,wallet,paid,375.95,PKR
PAY002807,O002807,2026-08-11 05:17:10,card,paid,1323.0,PKR
PAY002808,O002808,2026-08-07 15:16:37,wallet,paid,10458.0,PKR
PAY002809,O002809,2026-08-19 09:46:59,cash,paid,3822.0,PKR
PAY002810,O002810,2026-07-28 23:40:04,wallet,paid,3591.0,PKR
PAY002811,O002811,2026-07-21 21:57:05,card,paid,6982.5,PKR
PAY002812,O002812,2026-07-07 07:44:27,card,refunded,3822.0,PKR
PAY002813,O002813,2026-08-01 08:32:37,wallet,paid,4142.88,PKR
PAY002814,O002814,2026-07-09 00:07:56,wallet,paid,4324.16,PKR
PAY002815,O002815,2026-06-28 12:49:33,card,paid,4559.52,PKR
PAY002816,O002816,2026-07-23 07:07:49,wallet,paid,834.75,PKR
PAY002817,O002817,2026-06-15 05:02:56,card,paid,3780.05,PKR
PAY002818,O002818,2026-06-28 14:29:22,cash,paid,4131.75,PKR
PAY002819,O002819,2026-06-22 15:40:41,card,cancelled,0.0,PKR
PAY002820,O002820,2026-08-01 15:13:33,bank_transfer,paid,9253.44,PKR
PAY002821,O002821,2026-08-16 19:31:46,card,paid,7591.5,PKR
PAY002822,O002822,2026-08-16 12:09:42,card,paid,1757.7,PKR
PAY002823,O002823,2026-07-03 18:06:30,cash,paid,6273.75,PKR
PAY002824,O002824,2026-06-01 22:06:16,wallet,paid,1018.5,PKR
PAY002825,O002825,2026-08-16 20:15:48,card,paid,11084.85,PKR
PAY002826,O002826,2026-07-11 23:39:14,cash,paid,1785.0,PKR
PAY002827,O002827,2026-08-25 02:15:29,card,paid,3764.25,PKR
PAY002828,O002828,2026-08-11 09:28:19,cash,paid,1953.0,PKR
PAY002829,O002829,2026-06-02 13:14:56,card,paid,8715.0,PKR
PAY002830,O002830,2026-08-20 23:14:51,card,paid,6100.5,PKR
PAY002831,O002831,2026-07-21 20:11:04,card,paid,2147.25,PKR
PAY002832,O002832,2026-08-10 23:07:05,cash,paid,4179.0,PKR
PAY002833,O002833,2026-06-16 00:57:27,card,paid,1076.25,PKR
PAY002834,O002834,2026-06-02 07:02:06,cash,paid,3060.75,PKR
PAY002835,O002835,2026-07-02 11:10:02,card,paid,6071.31,PKR
PAY002836,O002836,2026-07-23 21:57:16,card,paid,6861.75,PKR
PAY002837,O002837,2026-08-14 23:44:27,wallet,paid,4583.25,PKR
PAY002838,O002838,2026-08-22 22:00:15,cash,paid,4866.75,PKR
PAY002839,O002839,2026-08-13 17:10:34,cash,paid,1580.25,PKR
PAY002840,O002840,2026-06-15 04:45:55,wallet,paid,2583.0,PKR
PAY002841,O002841,2026-07-22 04:54:10,card,paid,194.25,PKR
PAY002842,O002842,2026-06-03 10:32:01,wallet,paid,3004.42,PKR
PAY002843,O002843,2026-06-09 09:47:07,card,paid,3564.75,PKR
PAY002844,O002844,2026-06-24 05:01:09,wallet,paid,4599.0,PKR
PAY002845,O002845,2026-08-02 00:26:38,cash,paid,2993.76,PKR
PAY002846,O002846,2026-06-22 01:15:47,card,paid,1874.25,PKR
PAY002847,O002847,2026-06-24 15:55:48,wallet,paid,3228.75,PKR
PAY002848,O002848,2026-08-17 14:06:52,wallet,paid,1165.5,PKR
PAY002849,O002849,2026-07-13 09:44:14,card,paid,3029.25,PKR
PAY002850,O002850,2026-08-11 14:38:49,bank_transfer,paid,4326.0,PKR
PAY002851,O002851,2026-07-23 12:13:59,wallet,paid,4756.5,PKR
PAY002852,O002852,2026-06-23 04:55:45,card,refunded,3869.25,PKR
PAY002853,O002853,2026-07-14 15:37:02,wallet,paid,630.0,PKR
PAY002854,O002854,2026-08-15 09:02:09,cash,paid,1202.25,PKR
PAY002855,O002855,2026-06-20 17:05:51,card,paid,1543.5,PKR
PAY002856,O002856,2026-08-23 11:32:50,cash,paid,2026.5,PKR
PAY002857,O002857,2026-06-25 17:13:40,card,paid,1777.44,PKR
PAY002858,O002858,2026-07-30 15:49:06,card,paid,1569.75,PKR
PAY002859,O002859,2026-06-27 22:07:37,bank_transfer,paid,2315.25,PKR
PAY002860,O002860,2026-08-28 01:29:41,card,paid,2052.75,PKR
PAY002861,O002861,2026-08-23 10:18:23,card,paid,3439.8,PKR
PAY002862,O002862,2026-07-24 04:46:04,card,paid,2646.0,PKR
PAY002863,O002863,2026-08-15 22:50:06,wallet,cancelled,0.0,PKR
PAY002864,O002864,2026-07-13 02:00:08,card,paid,3858.75,PKR
PAY002865,O002865,2026-06-06 03:47:33,wallet,paid,3386.25,PKR
PAY002866,O002866,2026-06-13 19:36:56,card,paid,236.25,PKR
PAY002867,O002867,2026-07-25 00:49:30,card,paid,4746.0,PKR
PAY002868,O002868,2026-08-25 06:06:14,cash,cancelled,0.0,PKR
PAY002869,O002869,2026-08-12 09:07:43,card,paid,3973.73,PKR
PAY002870,O002870,2026-06-04 09:34:02,card,paid,4179.0,PKR
PAY002871,O002871,2026-06-24 07:16:34,cash,paid,1517.25,PKR
PAY002872,O002872,2026-08-14 06:03:30,card,paid,1885.28,PKR
PAY002873,O002873,2026-07-24 23:49:53,bank_transfer,paid,4158.0,PKR
PAY002874,O002874,2026-06-30 06:42:53,cash,paid,9465.75,PKR
PAY002875,O002875,2026-06-15 07:47:51,card,paid,9156.0,PKR
PAY002876,O002876,2026-07-19 06:20:20,card,paid,5412.75,PKR
PAY002877,O002877,2026-06-02 11:50:30,cash,paid,2387.54,PKR
PAY002878,O002878,2026-08-27 11:43:32,card,paid,2121.0,PKR
PAY002879,O002879,2026-07-14 07:22:38,card,paid,1606.5,PKR
PAY002880,O002880,2026-08-22 08:35:18,cash,paid,1323.0,PKR
PAY002881,O002881,2026-06-04 02:42:43,wallet,paid,8127.0,PKR
PAY002882,O002882,2026-08-01 16:35:12,card,paid,572.25,PKR
PAY002883,O002883,2026-07-14 05:22:25,card,paid,6594.0,PKR
PAY002884,O002884,2026-06-11 10:07:43,bank_transfer,paid,950.25,PKR
PAY002885,O002885,2026-07-22 01:53:20,cash,cancelled,0.0,PKR
PAY002886,O002886,2026-07-10 02:56:49,wallet,paid,1365.0,PKR
PAY002887,O002887,2026-06-21 05:30:45,wallet,paid,2793.0,PKR
PAY002888,O002888,2026-06-29 11:24:18,cash,refunded,897.75,PKR
PAY002889,O002889,2026-08-09 23:32:59,card,paid,3412.5,PKR
PAY002890,O002890,2026-06-19 19:47:07,card,paid,1618.05,PKR
PAY002891,O002891,2026-07-05 15:21:48,wallet,paid,5496.75,PKR
PAY002892,O002892,2026-06-10 20:57:37,cash,paid,1522.5,PKR
PAY002893,O002893,2026-07-07 12:25:43,bank_transfer,paid,750.12,PKR
PAY002894,O002894,2026-07-11 06:52:01,wallet,paid,9717.75,PKR
PAY002895,O002895,2026-06-21 04:07:45,card,paid,1165.5,PKR
PAY002896,O002896,2026-07-21 05:55:13,wallet,paid,1711.5,PKR
PAY002897,O002897,2026-06-30 23:59:22,card,paid,4971.75,PKR
PAY002898,O002898,2026-08-02 15:45:34,card,paid,8011.5,PKR
PAY002899,O002899,2026-07-31 15:27:52,cash,paid,5265.75,PKR
PAY002900,O002900,2026-06-17 03:39:22,cash,paid,2186.73,PKR
PAY002901,O002901,2026-06-21 19:30:02,cash,paid,913.03,PKR
PAY002902,O002902,2026-08-12 06:45:55,wallet,paid,3974.25,PKR
PAY002903,O002903,2026-08-31 10:25:35,card,paid,5822.25,PKR
PAY002904,O002904,2026-07-29 03:09:46,cash,paid,4092.48,PKR
PAY002905,O002905,2026-06-30 11:59:33,wallet,paid,9229.5,PKR
PAY002906,O002906,2026-07-21 19:08:12,card,paid,1407.0,PKR
PAY002907,O002907,2026-07-26 20:38:48,card,paid,5365.5,PKR
PAY002908,O002908,2026-08-07 21:37:40,cash,paid,2116.8,PKR
PAY002909,O002909,2026-07-25 01:04:01,wallet,paid,1880.29,PKR
PAY002910,O002910,2026-06-28 17:10:47,wallet,paid,7465.5,PKR
PAY002911,O002911,2026-06-19 05:17:42,card,cancelled,0.0,PKR
PAY002912,O002912,2026-07-06 20:16:25,cash,paid,4362.75,PKR
PAY002913,O002913,2026-08-25 13:11:26,cash,paid,203.18,PKR
PAY002914,O002914,2026-07-12 00:06:02,wallet,paid,1202.25,PKR
PAY002915,O002915,2026-07-07 00:50:58,card,paid,4221.0,PKR
PAY002916,O002916,2026-06-06 22:23:06,card,paid,11614.68,PKR
PAY002917,O002917,2026-08-27 14:33:19,cash,paid,8594.78,PKR
PAY002918,O002918,2026-07-15 04:03:44,cash,paid,1564.5,PKR
PAY002919,O002919,2026-06-24 04:59:35,wallet,paid,1496.25,PKR
PAY002920,O002920,2026-08-13 12:50:23,wallet,paid,2121.0,PKR
PAY002921,O002921,2026-06-28 23:26:19,card,paid,2672.25,PKR
PAY002922,O002922,2026-08-31 21:22:15,card,paid,4058.25,PKR
PAY002923,O002923,2026-07-11 14:56:42,cash,paid,4116.0,PKR
PAY002924,O002924,2026-07-22 21:17:43,cash,paid,2567.25,PKR
PAY002925,O002925,2026-08-05 07:34:42,wallet,paid,887.25,PKR
PAY002926,O002926,2026-06-07 15:46:14,wallet,paid,624.75,PKR
PAY002927,O002927,2026-08-27 14:54:53,card,paid,4989.6,PKR
PAY002928,O002928,2026-06-26 22:20:50,wallet,paid,1895.25,PKR
PAY002929,O002929,2026-06-08 23:50:36,wallet,paid,3616.52,PKR
PAY002930,O002930,2026-07-05 08:35:17,card,paid,1464.75,PKR
PAY002931,O002931,2026-06-30 11:02:31,cash,paid,4457.25,PKR
PAY002932,O002932,2026-08-26 13:38:39,cash,refunded,6809.25,PKR
PAY002933,O002933,2026-06-04 07:46:21,bank_transfer,paid,2058.0,PKR
PAY002934,O002934,2026-08-21 05:55:52,card,paid,4515.0,PKR
PAY002935,O002935,2026-07-10 13:00:11,bank_transfer,paid,1029.0,PKR
PAY002936,O002936,2026-08-08 04:56:30,cash,paid,8996.4,PKR
PAY002937,O002937,2026-06-28 14:09:52,wallet,paid,1758.75,PKR
PAY002938,O002938,2026-07-02 04:10:17,cash,paid,6100.5,PKR
PAY002939,O002939,2026-06-21 23:15:56,wallet,paid,6310.5,PKR
PAY002940,O002940,2026-06-11 18:23:10,bank_transfer,paid,3076.5,PKR
PAY002941,O002941,2026-08-12 01:04:23,card,paid,5334.0,PKR
PAY002942,O002942,2026-08-20 19:18:16,cash,paid,2656.5,PKR
PAY002943,O002943,2026-06-23 19:15:22,wallet,paid,4053.0,PKR
PAY002944,O002944,2026-08-01 16:37:03,card,paid,9544.5,PKR
PAY002945,O002945,2026-08-02 18:43:26,cash,paid,1963.5,PKR
PAY002946,O002946,2026-08-02 10:25:42,cash,paid,4810.05,PKR
PAY002947,O002947,2026-06-12 01:44:10,card,paid,8321.25,PKR
PAY002948,O002948,2026-08-19 09:46:27,cash,paid,1071.0,PKR
PAY002949,O002949,2026-08-21 22:32:06,card,cancelled,0.0,PKR
PAY002950,O002950,2026-08-30 05:34:13,bank_transfer,paid,3302.25,PKR
PAY002951,O002951,2026-08-28 00:59:41,wallet,paid,5050.5,PKR
PAY002952,O002952,2026-06-16 18:47:03,card,paid,4478.25,PKR
PAY002953,O002953,2026-08-04 06:02:58,card,paid,12519.36,PKR
PAY002954,O002954,2026-08-06 01:32:38,card,paid,821.52,PKR
PAY002955,O002955,2026-07-17 10:18:20,cash,paid,9397.5,PKR
PAY002956,O002956,2026-08-24 02:04:45,card,paid,4257.75,PKR
PAY002957,O002957,2026-08-21 05:31:10,card,paid,4378.5,PKR
PAY002958,O002958,2026-08-26 09:48:01,card,paid,3265.5,PKR
PAY002959,O002959,2026-07-14 14:35:00,cash,paid,3727.5,PKR
PAY002960,O002960,2026-06-24 04:56:13,card,refunded,1890.0,PKR
PAY002961,O002961,2026-07-27 17:15:50,cash,paid,2546.25,PKR
PAY002962,O002962,2026-06-25 12:56:03,bank_transfer,paid,5108.25,PKR
PAY002963,O002963,2026-08-27 01:13:57,bank_transfer,paid,1470.0,PKR
PAY002964,O002964,2026-07-23 20:46:45,wallet,paid,630.0,PKR
PAY002965,O002965,2026-07-04 18:32:11,cash,paid,855.75,PKR
PAY002966,O002966,2026-07-22 16:43:45,card,paid,5181.75,PKR
PAY002967,O002967,2026-07-27 03:52:01,wallet,paid,1937.25,PKR
PAY002968,O002968,2026-08-11 05:00:03,card,paid,3979.5,PKR
PAY002969,O002969,2026-08-05 03:50:18,wallet,paid,1737.75,PKR
PAY002970,O002970,2026-07-03 01:44:25,card,paid,3999.24,PKR
PAY002971,O002971,2026-06-18 04:35:34,card,paid,2299.5,PKR
PAY002972,O002972,2026-06-16 11:37:15,card,paid,6321.0,PKR
PAY002973,O002973,2026-06-18 06:28:28,card,paid,3759.0,PKR
PAY002974,O002974,2026-07-08 15:30:09,card,paid,2026.5,PKR
PAY002975,O002975,2026-06-25 11:48:18,cash,paid,4572.75,PKR
PAY002976,O002976,2026-08-16 09:48:27,cash,paid,2031.75,PKR
PAY002977,O002977,2026-06-08 07:46:17,cash,paid,10741.5,PKR
PAY002978,O002978,2026-07-07 15:52:54,cash,paid,6168.75,PKR
PAY002979,O002979,2026-07-02 20:00:21,card,paid,1674.75,PKR
PAY002980,O002980,2026-06-20 05:39:51,card,paid,2929.5,PKR
PAY002981,O002981,2026-08-11 06:11:12,card,paid,4452.0,PKR
PAY002982,O002982,2026-06-01 19:48:02,wallet,paid,9565.5,PKR
PAY002983,O002983,2026-06-11 18:32:59,card,paid,1417.5,PKR
PAY002984,O002984,2026-06-17 09:21:43,cash,cancelled,0.0,PKR
PAY002985,O002985,2026-06-25 04:50:38,card,cancelled,0.0,PKR
PAY002986,O002986,2026-08-14 20:15:18,bank_transfer,refunded,2798.25,PKR
PAY002987,O002987,2026-06-19 04:55:01,cash,paid,3664.5,PKR
PAY002988,O002988,2026-06-13 01:05:40,wallet,paid,1638.0,PKR
PAY002989,O002989,2026-06-02 03:04:03,cash,paid,1286.25,PKR
PAY002990,O002990,2026-06-07 05:23:22,card,cancelled,0.0,PKR
PAY002991,O002991,2026-07-02 20:17:13,card,paid,3680.25,PKR
PAY002992,O002992,2026-06-25 12:52:31,cash,paid,3664.5,PKR
PAY002993,O002993,2026-07-03 05:02:39,wallet,cancelled,0.0,PKR
PAY002994,O002994,2026-07-13 18:52:41,bank_transfer,paid,4777.5,PKR
PAY002995,O002995,2026-08-15 09:29:33,card,paid,4504.5,PKR
PAY002996,O002996,2026-08-11 13:57:42,card,paid,1134.0,PKR
PAY002997,O002997,2026-08-08 04:34:55,card,paid,1785.0,PKR
PAY002998,O002998,2026-06-05 13:46:28,card,paid,1716.75,PKR
PAY002999,O002999,2026-06-07 21:18:53,bank_transfer,paid,429.19,PKR
PAY003000,O003000,2026-06-11 02:33:24,card,paid,10429.02,PKR
PAY003001,O003001,2026-08-11 03:06:18,wallet,paid,4452.0,PKR
PAY003002,O003002,2026-07-04 15:35:22,wallet,paid,2244.38,PKR
PAY003003,O003003,2026-08-30 23:44:09,card,paid,2373.0,PKR
PAY003004,O003004,2026-06-11 18:08:24,card,paid,5449.5,PKR
PAY003005,O003005,2026-06-20 04:57:25,card,paid,2567.25,PKR
PAY003006,O003006,2026-06-05 16:47:41,cash,paid,4378.5,PKR
PAY003007,O003007,2026-07-09 17:54:51,bank_transfer,paid,843.89,PKR
PAY003008,O003008,2026-08-19 05:52:07,wallet,paid,5901.53,PKR
PAY003009,O003009,2026-06-06 14:12:33,wallet,paid,1249.5,PKR
PAY003010,O003010,2026-08-19 08:39:11,card,paid,2310.53,PKR
PAY003011,O003011,2026-07-07 09:28:00,wallet,paid,1260.0,PKR
PAY003012,O003012,2026-08-01 07:47:40,cash,paid,4578.53,PKR
PAY003013,O003013,2026-08-11 22:41:05,wallet,paid,11576.25,PKR
PAY003014,O003014,2026-08-01 21:40:21,card,paid,7978.32,PKR
PAY003015,O003015,2026-06-09 05:53:48,wallet,paid,4273.5,PKR
PAY003016,O003016,2026-07-31 02:55:50,card,refunded,3837.75,PKR
PAY003017,O003017,2026-07-06 00:28:51,card,paid,1244.25,PKR
PAY003018,O003018,2026-07-16 01:59:24,card,paid,6200.25,PKR
PAY003019,O003019,2026-08-28 18:29:29,cash,paid,2021.25,PKR
PAY003020,O003020,2026-08-17 19:48:29,card,paid,680.4,PKR
PAY003021,O003021,2026-08-24 02:57:55,bank_transfer,paid,2992.5,PKR
PAY003022,O003022,2026-08-14 13:30:11,wallet,paid,6195.0,PKR
PAY003023,O003023,2026-07-17 19:41:47,card,paid,2982.0,PKR
PAY003024,O003024,2026-07-18 11:00:28,wallet,paid,4583.25,PKR
PAY003025,O003025,2026-07-05 20:21:21,cash,paid,3785.51,PKR
PAY003026,O003026,2026-07-30 19:35:33,wallet,paid,1265.25,PKR
PAY003027,O003027,2026-06-11 06:09:57,cash,paid,4770.2,PKR
PAY003028,O003028,2026-08-27 18:15:45,card,paid,3160.5,PKR
PAY003029,O003029,2026-08-13 15:10:15,card,refunded,6510.0,PKR
PAY003030,O003030,2026-06-03 02:42:45,wallet,paid,3213.0,PKR
PAY003031,O003031,2026-08-11 08:38:35,card,paid,3213.0,PKR
PAY003032,O003032,2026-08-14 13:50:10,cash,paid,987.0,PKR
PAY003033,O003033,2026-06-20 03:26:17,cash,paid,5465.25,PKR
PAY003034,O003034,2026-08-20 18:35:49,cash,paid,9602.25,PKR
PAY003035,O003035,2026-07-25 21:02:15,cash,paid,1675.8,PKR
PAY003036,O003036,2026-07-14 17:57:43,bank_transfer,paid,2257.5,PKR
PAY003037,O003037,2026-06-26 02:48:53,card,paid,1648.5,PKR
PAY003038,O003038,2026-07-12 22:21:59,card,paid,2247.0,PKR
PAY003039,O003039,2026-08-20 20:39:56,card,cancelled,0.0,PKR
PAY003040,O003040,2026-08-20 01:17:13,cash,paid,572.25,PKR
PAY003041,O003041,2026-08-18 04:00:31,cash,paid,246.75,PKR
PAY003042,O003042,2026-08-18 05:13:52,cash,paid,1233.23,PKR
PAY003043,O003043,2026-06-27 04:41:23,bank_transfer,paid,4803.75,PKR
PAY003044,O003044,2026-06-18 15:12:58,wallet,paid,3265.5,PKR
PAY003045,O003045,2026-08-07 18:57:26,bank_transfer,paid,2441.25,PKR
PAY003046,O003046,2026-06-09 01:35:27,cash,paid,3260.25,PKR
PAY003047,O003047,2026-08-22 01:16:41,cash,refunded,7182.0,PKR
PAY003048,O003048,2026-06-28 15:55:55,cash,paid,6195.0,PKR
PAY003049,O003049,2026-07-23 03:12:00,card,paid,2352.0,PKR
PAY003050,O003050,2026-07-04 21:31:51,cash,paid,5113.5,PKR
PAY003051,O003051,2026-08-18 20:36:12,card,paid,1895.25,PKR
PAY003052,O003052,2026-07-02 22:48:53,card,paid,5234.25,PKR
PAY003053,O003053,2026-07-05 04:21:35,card,paid,5182.59,PKR
PAY003054,O003054,2026-07-22 11:30:38,cash,paid,2252.88,PKR
PAY003055,O003055,2026-08-29 14:46:14,wallet,paid,3150.0,PKR
PAY003056,O003056,2026-07-10 17:13:20,cash,paid,6247.5,PKR
PAY003057,O003057,2026-08-24 18:07:27,cash,cancelled,0.0,PKR
PAY003058,O003058,2026-08-22 06:28:49,card,paid,5675.25,PKR
PAY003059,O003059,2026-06-29 04:25:46,card,paid,750.75,PKR
PAY003060,O003060,2026-06-09 10:45:51,wallet,paid,2299.66,PKR
PAY003061,O003061,2026-08-26 19:13:36,bank_transfer,paid,1018.5,PKR
PAY003062,O003062,2026-08-04 17:33:43,card,paid,5120.64,PKR
PAY003063,O003063,2026-08-15 08:00:03,card,paid,2394.0,PKR
PAY003064,O003064,2026-07-15 19:55:13,cash,refunded,12090.75,PKR
PAY003065,O003065,2026-06-04 10:59:56,wallet,paid,3055.5,PKR
PAY003066,O003066,2026-06-06 00:26:01,cash,paid,9755.24,PKR
PAY003067,O003067,2026-07-06 12:32:32,cash,paid,5260.71,PKR
PAY003068,O003068,2026-06-03 03:12:21,cash,paid,6541.5,PKR
PAY003069,O003069,2026-06-06 03:40:21,cash,paid,5481.0,PKR
PAY003070,O003070,2026-06-14 07:00:03,card,paid,2310.0,PKR
PAY003071,O003071,2026-07-17 09:33:44,wallet,paid,2163.0,PKR
PAY003072,O003072,2026-08-16 19:29:34,wallet,paid,4252.5,PKR
PAY003073,O003073,2026-07-14 10:41:06,wallet,paid,7625.89,PKR
PAY003074,O003074,2026-08-17 21:11:41,card,cancelled,0.0,PKR
PAY003075,O003075,2026-08-24 19:28:31,cash,paid,4134.38,PKR
PAY003076,O003076,2026-07-07 23:01:40,card,paid,1323.0,PKR
PAY003077,O003077,2026-08-11 17:10:46,cash,paid,1785.0,PKR
PAY003078,O003078,2026-06-05 09:30:33,card,paid,8599.5,PKR
PAY003079,O003079,2026-07-24 07:12:26,card,paid,567.0,PKR
PAY003080,O003080,2026-07-25 15:30:13,card,paid,2499.0,PKR
PAY003081,O003081,2026-07-19 17:28:43,cash,paid,236.25,PKR
PAY003082,O003082,2026-08-20 15:33:14,card,paid,2394.0,PKR
PAY003083,O003083,2026-07-21 20:13:06,wallet,paid,1590.75,PKR
PAY003084,O003084,2026-07-26 20:09:13,cash,paid,4782.75,PKR
PAY003085,O003085,2026-06-19 02:59:47,bank_transfer,paid,5491.5,PKR
PAY003086,O003086,2026-08-06 19:45:12,card,paid,776.16,PKR
PAY003087,O003087,2026-06-10 03:21:41,card,paid,4273.5,PKR
PAY003088,O003088,2026-07-08 07:29:53,cash,paid,4147.5,PKR
PAY003089,O003089,2026-08-05 12:34:23,card,paid,4441.5,PKR
PAY003090,O003090,2026-08-28 16:22:28,card,paid,1900.5,PKR
PAY003091,O003091,2026-06-17 08:53:02,cash,paid,3328.5,PKR
PAY003092,O003092,2026-07-12 22:32:46,cash,paid,2220.75,PKR
PAY003093,O003093,2026-08-31 10:27:23,card,paid,7360.5,PKR
PAY003094,O003094,2026-08-24 18:23:42,wallet,paid,3647.7,PKR
PAY003095,O003095,2026-06-20 03:54:51,wallet,paid,404.25,PKR
PAY003096,O003096,2026-08-25 03:27:17,wallet,paid,1470.0,PKR
PAY003097,O003097,2026-07-04 03:09:41,card,paid,3082.28,PKR
PAY003098,O003098,2026-07-27 03:49:13,bank_transfer,cancelled,0.0,PKR
PAY003099,O003099,2026-06-03 18:51:33,card,paid,1579.3,PKR
PAY003100,O003100,2026-08-16 12:00:28,card,paid,4658.85,PKR
PAY003101,O003101,2026-07-20 04:02:50,cash,paid,2787.75,PKR
PAY003102,O003102,2026-07-13 23:46:07,card,paid,9360.75,PKR
PAY003103,O003103,2026-06-12 08:58:31,bank_transfer,paid,830.03,PKR
PAY003104,O003104,2026-06-30 23:13:52,cash,paid,756.0,PKR
PAY003105,O003105,2026-06-25 01:34:33,wallet,paid,1444.17,PKR
PAY003106,O003106,2026-06-01 11:36:53,card,paid,2567.25,PKR
PAY003107,O003107,2026-08-12 09:02:38,cash,paid,3638.25,PKR
PAY003108,O003108,2026-08-25 04:30:12,cash,paid,207.9,PKR
PAY003109,O003109,2026-07-02 12:29:38,cash,paid,7302.75,PKR
PAY003110,O003110,2026-07-24 20:11:58,cash,refunded,2420.25,PKR
PAY003111,O003111,2026-08-26 15:26:39,cash,paid,2562.0,PKR
PAY003112,O003112,2026-07-14 04:23:32,wallet,cancelled,0.0,PKR
PAY003113,O003113,2026-06-29 15:44:07,card,paid,1128.75,PKR
PAY003114,O003114,2026-08-29 17:16:44,card,paid,1475.25,PKR
PAY003115,O003115,2026-06-30 04:05:07,cash,paid,5565.0,PKR
PAY003116,O003116,2026-06-16 14:12:49,wallet,paid,4233.29,PKR
PAY003117,O003117,2026-07-07 20:30:09,cash,paid,2668.31,PKR
PAY003118,O003118,2026-07-22 08:54:26,card,paid,4578.0,PKR
PAY003119,O003119,2026-07-01 23:34:05,wallet,paid,215.25,PKR
PAY003120,O003120,2026-07-16 03:44:26,cash,cancelled,0.0,PKR
PAY003121,O003121,2026-07-19 08:31:16,card,paid,5596.5,PKR
PAY003122,O003122,2026-06-24 15:49:21,card,paid,2551.5,PKR
PAY003123,O003123,2026-07-23 09:52:13,card,paid,556.5,PKR
PAY003124,O003124,2026-08-10 08:26:24,cash,paid,10704.75,PKR
PAY003125,O003125,2026-08-10 09:35:08,wallet,paid,1128.75,PKR
PAY003126,O003126,2026-08-04 16:51:41,cash,paid,273.0,PKR
PAY003127,O003127,2026-06-15 14:40:13,card,paid,2262.75,PKR
PAY003128,O003128,2026-07-04 05:25:04,card,paid,3196.15,PKR
PAY003129,O003129,2026-08-17 05:40:30,wallet,paid,1753.5,PKR
PAY003130,O003130,2026-07-25 21:52:24,bank_transfer,paid,554.4,PKR
PAY003131,O003131,2026-06-04 14:35:07,card,paid,7350.0,PKR
PAY003132,O003132,2026-07-10 00:21:02,card,refunded,7523.25,PKR
PAY003133,O003133,2026-08-31 00:23:56,wallet,paid,2026.5,PKR
PAY003134,O003134,2026-07-23 23:58:05,card,paid,3029.25,PKR
PAY003135,O003135,2026-08-07 22:36:31,card,paid,2320.5,PKR
PAY003136,O003136,2026-06-27 15:18:44,cash,paid,4389.0,PKR
PAY003137,O003137,2026-08-05 03:57:28,cash,paid,2903.04,PKR
PAY003138,O003138,2026-07-26 14:11:31,bank_transfer,paid,7720.65,PKR
PAY003139,O003139,2026-07-08 11:06:46,card,paid,7092.75,PKR
PAY003140,O003140,2026-08-10 12:37:36,wallet,paid,4137.84,PKR
PAY003141,O003141,2026-07-15 23:52:07,cash,paid,2026.5,PKR
PAY003142,O003142,2026-08-24 23:18:53,cash,paid,8347.5,PKR
PAY003143,O003143,2026-07-11 02:09:15,card,paid,404.25,PKR
PAY003144,O003144,2026-07-25 15:40:09,card,paid,1795.5,PKR
PAY003145,O003145,2026-07-23 22:49:55,wallet,paid,8499.75,PKR
PAY003146,O003146,2026-07-24 06:17:31,bank_transfer,paid,6531.84,PKR
PAY003147,O003147,2026-06-26 21:45:18,card,paid,2635.5,PKR
PAY003148,O003148,2026-08-24 18:08:34,cash,cancelled,0.0,PKR
PAY003149,O003149,2026-07-04 06:02:05,cash,paid,1780.54,PKR
PAY003150,O003150,2026-08-19 14:13:35,cash,paid,1280.48,PKR
PAY003151,O003151,2026-07-18 14:22:35,cash,paid,2514.75,PKR
PAY003152,O003152,2026-07-18 13:56:36,wallet,paid,468.56,PKR
PAY003153,O003153,2026-07-06 12:06:23,cash,paid,3696.0,PKR
PAY003154,O003154,2026-06-17 09:38:06,wallet,paid,7161.0,PKR
PAY003155,O003155,2026-07-10 03:05:18,card,paid,1669.5,PKR
PAY003156,O003156,2026-07-17 15:44:02,bank_transfer,paid,5867.72,PKR
PAY003157,O003157,2026-06-23 03:07:02,bank_transfer,paid,3455.76,PKR
PAY003158,O003158,2026-06-30 08:01:53,wallet,paid,7308.0,PKR
PAY003159,O003159,2026-07-18 21:53:01,bank_transfer,refunded,5715.68,PKR
PAY003160,O003160,2026-07-27 19:39:17,card,cancelled,0.0,PKR
PAY003161,O003161,2026-08-19 02:37:32,cash,paid,1771.88,PKR
PAY003162,O003162,2026-08-03 07:51:52,card,paid,3339.0,PKR
PAY003163,O003163,2026-08-09 03:45:04,cash,paid,5302.5,PKR
PAY003164,O003164,2026-08-20 23:08:33,card,paid,824.25,PKR
PAY003165,O003165,2026-07-09 15:15:04,cash,paid,1617.0,PKR
PAY003166,O003166,2026-08-10 11:44:32,cash,paid,4616.64,PKR
PAY003167,O003167,2026-06-15 16:02:44,wallet,paid,1265.25,PKR
PAY003168,O003168,2026-06-06 04:56:58,card,paid,3528.0,PKR
PAY003169,O003169,2026-06-13 11:04:11,card,paid,1769.25,PKR
PAY003170,O003170,2026-06-29 02:31:07,wallet,paid,1611.75,PKR
PAY003171,O003171,2026-08-31 17:08:32,cash,paid,2844.45,PKR
PAY003172,O003172,2026-06-03 02:44:09,cash,paid,2073.75,PKR
PAY003173,O003173,2026-07-12 08:16:44,cash,paid,7701.75,PKR
PAY003174,O003174,2026-06-01 17:46:46,cash,paid,3022.27,PKR
PAY003175,O003175,2026-06-14 23:22:48,cash,paid,4587.66,PKR
PAY003176,O003176,2026-06-03 02:09:04,cash,paid,3276.0,PKR
PAY003177,O003177,2026-08-20 00:12:13,cash,paid,208.69,PKR
PAY003178,O003178,2026-08-02 15:58:43,cash,paid,808.5,PKR
PAY003179,O003179,2026-06-22 19:53:40,cash,paid,1774.5,PKR
PAY003180,O003180,2026-07-23 04:34:36,cash,paid,582.75,PKR
PAY003181,O003181,2026-07-10 20:45:05,bank_transfer,paid,4347.0,PKR
PAY003182,O003182,2026-06-12 08:04:00,cash,paid,1074.15,PKR
PAY003183,O003183,2026-07-20 01:21:04,card,paid,5439.0,PKR
PAY003184,O003184,2026-07-04 18:39:38,card,paid,1122.71,PKR
PAY003185,O003185,2026-06-03 20:46:53,card,paid,1916.25,PKR
PAY003186,O003186,2026-08-07 17:49:29,bank_transfer,paid,4420.08,PKR
PAY003187,O003187,2026-06-28 18:06:45,card,paid,404.25,PKR
PAY003188,O003188,2026-07-17 03:39:38,wallet,cancelled,0.0,PKR
PAY003189,O003189,2026-08-15 10:56:50,cash,paid,1483.65,PKR
PAY003190,O003190,2026-08-10 05:42:28,wallet,paid,4053.0,PKR
PAY003191,O003191,2026-06-25 17:31:17,wallet,paid,5685.75,PKR
PAY003192,O003192,2026-08-02 01:36:01,cash,paid,4021.5,PKR
PAY003193,O003193,2026-07-14 02:06:48,cash,paid,6972.0,PKR
PAY003194,O003194,2026-08-23 00:56:13,card,paid,5292.0,PKR
PAY003195,O003195,2026-08-28 01:26:42,cash,paid,976.5,PKR
PAY003196,O003196,2026-08-23 22:41:27,card,refunded,4347.0,PKR
PAY003197,O003197,2026-07-08 08:22:58,cash,paid,425.25,PKR
PAY003198,O003198,2026-07-01 18:58:14,card,paid,3123.75,PKR
PAY003199,O003199,2026-07-30 08:07:50,cash,paid,404.25,PKR
PAY003200,O003200,2026-06-03 07:27:37,card,paid,4593.75,PKR
PAY003201,O003201,2026-08-12 17:52:17,cash,paid,2378.25,PKR
PAY003202,O003202,2026-08-15 07:43:09,cash,paid,4278.75,PKR
PAY003203,O003203,2026-06-30 23:10:16,cash,paid,5019.0,PKR
PAY003204,O003204,2026-07-12 00:36:20,cash,paid,2924.25,PKR
PAY003205,O003205,2026-08-17 08:35:08,wallet,paid,945.0,PKR
PAY003206,O003206,2026-07-21 12:24:35,card,paid,393.75,PKR
PAY003207,O003207,2026-07-24 05:18:13,cash,cancelled,0.0,PKR
PAY003208,O003208,2026-08-18 09:49:26,card,paid,1638.0,PKR
PAY003209,O003209,2026-06-03 17:23:43,wallet,paid,3780.0,PKR
PAY003210,O003210,2026-08-02 02:00:46,card,paid,4441.5,PKR
PAY003211,O003211,2026-07-10 01:54:29,cash,paid,574.88,PKR
PAY003212,O003212,2026-06-16 20:16:31,cash,paid,189.0,PKR
PAY003213,O003213,2026-08-20 23:12:41,cash,paid,4861.5,PKR
PAY003214,O003214,2026-07-11 13:44:57,card,paid,2210.25,PKR
PAY003215,O003215,2026-07-28 17:14:44,wallet,paid,3738.0,PKR
PAY003216,O003216,2026-07-09 01:38:36,card,cancelled,0.0,PKR
PAY003217,O003217,2026-08-18 11:03:09,wallet,cancelled,0.0,PKR
PAY003218,O003218,2026-07-11 08:22:22,wallet,paid,1128.75,PKR
PAY003219,O003219,2026-08-08 05:29:34,cash,paid,2323.44,PKR
PAY003220,O003220,2026-08-20 23:16:26,cash,paid,792.75,PKR
PAY003221,O003221,2026-07-24 23:01:55,bank_transfer,paid,2016.0,PKR
PAY003222,O003222,2026-07-30 07:05:35,cash,paid,4373.25,PKR
PAY003223,O003223,2026-08-30 17:50:04,cash,paid,5024.25,PKR
PAY003224,O003224,2026-06-28 11:39:11,card,paid,341.25,PKR
PAY003225,O003225,2026-07-06 08:13:16,bank_transfer,paid,3024.0,PKR
PAY003226,O003226,2026-08-25 14:49:08,cash,paid,1643.25,PKR
PAY003227,O003227,2026-07-29 15:10:06,cash,paid,2546.25,PKR
PAY003228,O003228,2026-06-12 19:43:04,card,cancelled,0.0,PKR
PAY003229,O003229,2026-06-03 10:21:10,card,paid,7182.0,PKR
PAY003230,O003230,2026-06-26 11:13:49,bank_transfer,paid,198.03,PKR
PAY003231,O003231,2026-08-26 15:44:12,wallet,paid,2656.5,PKR
PAY003232,O003232,2026-07-19 06:18:37,wallet,paid,4389.84,PKR
PAY003233,O003233,2026-06-09 23:38:20,cash,paid,8184.75,PKR
PAY003234,O003234,2026-06-24 13:17:12,cash,paid,4467.75,PKR
PAY003235,O003235,2026-08-08 23:33:13,wallet,paid,1496.25,PKR
PAY003236,O003236,2026-06-16 00:56:50,card,paid,2094.75,PKR
PAY003237,O003237,2026-08-08 06:16:47,card,paid,3139.5,PKR
PAY003238,O003238,2026-08-29 07:28:52,card,paid,241.5,PKR
PAY003239,O003239,2026-06-20 03:47:13,card,paid,4588.5,PKR
PAY003240,O003240,2026-08-06 11:02:13,wallet,cancelled,0.0,PKR
PAY003241,O003241,2026-06-03 13:56:28,card,paid,2730.0,PKR
PAY003242,O003242,2026-07-18 17:39:59,card,paid,1774.5,PKR
PAY003243,O003243,2026-07-25 01:17:07,cash,paid,9185.4,PKR
PAY003244,O003244,2026-06-04 10:42:24,card,paid,3249.75,PKR
PAY003245,O003245,2026-08-01 21:49:37,card,paid,236.25,PKR
PAY003246,O003246,2026-08-20 22:12:12,cash,cancelled,0.0,PKR
PAY003247,O003247,2026-07-23 11:32:49,cash,paid,6830.25,PKR
PAY003248,O003248,2026-07-28 00:56:11,card,paid,2488.5,PKR
PAY003249,O003249,2026-08-03 15:39:04,card,paid,2913.12,PKR
PAY003250,O003250,2026-06-11 08:54:59,cash,paid,4347.0,PKR
PAY003251,O003251,2026-07-15 21:27:10,card,paid,12815.25,PKR
PAY003252,O003252,2026-06-23 18:19:06,bank_transfer,paid,4436.25,PKR
PAY003253,O003253,2026-07-24 05:26:41,card,paid,897.75,PKR
PAY003254,O003254,2026-07-21 21:34:18,card,paid,8652.0,PKR
PAY003255,O003255,2026-06-27 20:48:51,card,paid,7124.25,PKR
PAY003256,O003256,2026-06-21 09:34:14,card,paid,3289.23,PKR
PAY003257,O003257,2026-06-02 11:12:36,wallet,paid,3386.25,PKR
PAY003258,O003258,2026-06-06 22:59:43,card,paid,2682.75,PKR
PAY003259,O003259,2026-08-23 11:00:43,cash,paid,1244.25,PKR
PAY003260,O003260,2026-06-20 21:01:18,cash,paid,1344.0,PKR
PAY003261,O003261,2026-08-28 07:07:06,cash,paid,10442.25,PKR
PAY003262,O003262,2026-08-01 00:23:46,card,paid,2201.85,PKR
PAY003263,O003263,2026-08-14 17:12:47,wallet,paid,1285.2,PKR
PAY003264,O003264,2026-06-24 17:20:02,card,paid,5853.75,PKR
PAY003265,O003265,2026-06-02 18:00:22,wallet,paid,5190.1,PKR
PAY003266,O003266,2026-06-08 09:17:42,cash,paid,1649.34,PKR
PAY003267,O003267,2026-06-25 06:26:50,card,paid,3270.75,PKR
PAY003268,O003268,2026-06-12 03:57:00,cash,paid,2716.56,PKR
PAY003269,O003269,2026-07-04 05:55:47,cash,paid,7221.9,PKR
PAY003270,O003270,2026-06-26 06:14:49,wallet,paid,2308.74,PKR
PAY003271,O003271,2026-06-27 02:32:15,bank_transfer,paid,189.0,PKR
PAY003272,O003272,2026-07-11 19:55:17,card,paid,819.0,PKR
PAY003273,O003273,2026-06-06 02:09:10,bank_transfer,paid,4126.5,PKR
PAY003274,O003274,2026-06-01 22:48:27,bank_transfer,paid,1680.0,PKR
PAY003275,O003275,2026-08-21 05:21:41,bank_transfer,paid,10069.5,PKR
PAY003276,O003276,2026-07-13 15:10:11,cash,paid,1386.0,PKR
PAY003277,O003277,2026-06-14 23:39:22,card,paid,1700.16,PKR
PAY003278,O003278,2026-06-18 21:41:11,card,paid,3885.0,PKR
PAY003279,O003279,2026-08-01 02:59:44,cash,paid,1884.96,PKR
PAY003280,O003280,2026-06-09 12:41:35,wallet,refunded,8127.0,PKR
PAY003281,O003281,2026-07-06 14:45:56,cash,paid,4525.5,PKR
PAY003282,O003282,2026-07-24 17:10:59,cash,paid,6200.25,PKR
PAY003283,O003283,2026-08-31 03:15:32,wallet,paid,2005.5,PKR
PAY003284,O003284,2026-07-03 19:11:04,cash,paid,8751.75,PKR
PAY003285,O003285,2026-06-26 11:08:57,cash,paid,1842.75,PKR
PAY003286,O003286,2026-06-16 21:36:35,wallet,paid,3932.25,PKR
PAY003287,O003287,2026-07-29 19:26:05,card,paid,2441.25,PKR
PAY003288,O003288,2026-06-05 00:43:35,wallet,paid,3018.43,PKR
PAY003289,O003289,2026-08-06 21:22:59,wallet,paid,4818.24,PKR
PAY003290,O003290,2026-07-11 17:51:31,wallet,paid,12295.5,PKR
PAY003291,O003291,2026-08-21 11:18:03,cash,paid,433.12,PKR
PAY003292,O003292,2026-06-06 22:22:44,wallet,paid,3915.56,PKR
PAY003293,O003293,2026-08-23 08:39:21,bank_transfer,paid,212.62,PKR
PAY003294,O003294,2026-08-18 16:55:40,bank_transfer,paid,2513.7,PKR
PAY003295,O003295,2026-06-16 11:00:12,wallet,paid,2556.75,PKR
PAY003296,O003296,2026-06-10 14:54:22,card,paid,362.25,PKR
PAY003297,O003297,2026-08-01 16:35:56,wallet,paid,11140.5,PKR
PAY003298,O003298,2026-08-20 20:19:04,card,paid,1800.75,PKR
PAY003299,O003299,2026-07-03 06:02:41,wallet,paid,1034.25,PKR
PAY003300,O003300,2026-07-05 19:58:31,card,cancelled,0.0,PKR
PAY003301,O003301,2026-08-02 14:30:32,wallet,paid,2000.88,PKR
PAY003302,O003302,2026-08-06 17:48:31,wallet,paid,9875.25,PKR
PAY003303,O003303,2026-08-09 02:01:07,wallet,paid,1632.75,PKR
PAY003304,O003304,2026-08-16 05:27:01,card,paid,7497.0,PKR
PAY003305,O003305,2026-06-08 22:28:10,card,paid,1992.06,PKR
PAY003306,O003306,2026-07-20 09:18:12,bank_transfer,paid,1632.75,PKR
PAY003307,O003307,2026-07-12 09:03:08,card,paid,2719.18,PKR
PAY003308,O003308,2026-08-04 01:35:50,card,paid,2961.0,PKR
PAY003309,O003309,2026-06-10 14:31:27,cash,paid,4782.75,PKR
PAY003310,O003310,2026-06-06 08:09:42,cash,refunded,3895.5,PKR
PAY003311,O003311,2026-08-25 10:09:18,card,paid,1144.5,PKR
PAY003312,O003312,2026-07-13 01:37:26,cash,paid,2908.5,PKR
PAY003313,O003313,2026-07-23 15:13:53,card,paid,3571.05,PKR
PAY003314,O003314,2026-07-01 05:31:49,cash,paid,2714.25,PKR
PAY003315,O003315,2026-08-15 15:08:30,wallet,paid,1344.0,PKR
PAY003316,O003316,2026-08-13 07:46:06,cash,paid,3045.0,PKR
PAY003317,O003317,2026-06-16 20:48:04,card,paid,892.5,PKR
PAY003318,O003318,2026-08-04 00:26:17,card,paid,3029.25,PKR
PAY003319,O003319,2026-06-09 11:00:43,card,paid,3727.5,PKR
PAY003320,O003320,2026-06-14 19:01:17,cash,refunded,1391.25,PKR
PAY003321,O003321,2026-08-06 00:19:05,cash,paid,4213.44,PKR
PAY003322,O003322,2026-08-20 23:49:58,cash,paid,5916.75,PKR
PAY003323,O003323,2026-06-13 19:50:49,card,paid,3026.1,PKR
PAY003324,O003324,2026-07-16 08:25:41,wallet,paid,1569.75,PKR
PAY003325,O003325,2026-07-01 10:58:15,cash,paid,3759.0,PKR
PAY003326,O003326,2026-08-08 20:19:11,cash,paid,2588.25,PKR
PAY003327,O003327,2026-07-18 20:11:47,card,paid,4037.25,PKR
PAY003328,O003328,2026-08-18 09:47:06,card,paid,7528.5,PKR
PAY003329,O003329,2026-08-21 08:39:32,wallet,paid,2299.5,PKR
PAY003330,O003330,2026-06-07 17:49:19,card,paid,1989.75,PKR
PAY003331,O003331,2026-08-13 12:18:54,wallet,paid,6830.25,PKR
PAY003332,O003332,2026-08-10 10:16:19,card,paid,1953.0,PKR
PAY003333,O003333,2026-08-28 16:44:50,cash,paid,3759.0,PKR
PAY003334,O003334,2026-07-25 07:28:42,wallet,paid,6042.75,PKR
PAY003335,O003335,2026-08-09 18:51:48,bank_transfer,paid,609.0,PKR
PAY003336,O003336,2026-07-17 14:18:05,card,paid,3512.25,PKR
PAY003337,O003337,2026-08-05 07:30:47,card,paid,11581.92,PKR
PAY003338,O003338,2026-06-04 05:57:29,cash,paid,1879.5,PKR
PAY003339,O003339,2026-07-31 02:39:13,card,paid,2609.25,PKR
PAY003340,O003340,2026-07-29 15:36:38,wallet,paid,5780.25,PKR
PAY003341,O003341,2026-07-12 06:02:18,bank_transfer,paid,2013.48,PKR
PAY003342,O003342,2026-08-11 00:14:20,cash,paid,1542.24,PKR
PAY003343,O003343,2026-07-26 11:59:25,card,paid,5633.25,PKR
PAY003344,O003344,2026-06-07 17:46:14,card,paid,4840.5,PKR
PAY003345,O003345,2026-08-22 23:30:22,cash,paid,1620.68,PKR
PAY003346,O003346,2026-07-06 04:18:05,cash,paid,4845.75,PKR
PAY003347,O003347,2026-06-02 12:35:46,bank_transfer,paid,787.5,PKR
PAY003348,O003348,2026-07-01 23:55:32,card,paid,5076.75,PKR
PAY003349,O003349,2026-08-31 04:46:50,card,paid,3328.5,PKR
PAY003350,O003350,2026-06-14 04:52:23,card,paid,404.25,PKR
PAY003351,O003351,2026-06-20 11:57:50,cash,paid,8505.0,PKR
PAY003352,O003352,2026-06-03 03:04:37,wallet,paid,3921.75,PKR
PAY003353,O003353,2026-06-07 03:49:06,wallet,paid,2357.25,PKR
PAY003354,O003354,2026-06-03 12:20:18,cash,paid,5922.0,PKR
PAY003355,O003355,2026-08-13 22:08:37,wallet,paid,3738.0,PKR
PAY003356,O003356,2026-06-01 21:25:52,bank_transfer,paid,5381.25,PKR
PAY003357,O003357,2026-06-13 18:57:47,card,refunded,3942.75,PKR
PAY003358,O003358,2026-07-02 19:31:40,cash,paid,404.25,PKR
PAY003359,O003359,2026-07-06 18:05:39,bank_transfer,paid,7250.25,PKR
PAY003360,O003360,2026-06-19 07:28:26,cash,paid,2499.0,PKR
PAY003361,O003361,2026-07-02 19:17:30,wallet,paid,1685.25,PKR
PAY003362,O003362,2026-06-03 07:25:51,wallet,paid,1889.53,PKR
PAY003363,O003363,2026-06-14 12:39:55,card,paid,4116.0,PKR
PAY003364,O003364,2026-07-21 19:59:25,wallet,paid,6641.25,PKR
PAY003365,O003365,2026-07-17 04:16:44,card,paid,934.5,PKR
PAY003366,O003366,2026-08-30 06:26:58,cash,cancelled,0.0,PKR
PAY003367,O003367,2026-06-06 00:13:59,card,cancelled,0.0,PKR
PAY003368,O003368,2026-08-14 05:10:09,bank_transfer,paid,2494.8,PKR
PAY003369,O003369,2026-06-30 11:58:18,cash,paid,1029.0,PKR
PAY003370,O003370,2026-08-04 10:29:33,cash,paid,4944.24,PKR
PAY003371,O003371,2026-08-24 23:58:40,card,paid,1195.43,PKR
PAY003372,O003372,2026-06-20 15:10:58,wallet,paid,7421.4,PKR
PAY003373,O003373,2026-07-16 12:59:06,card,paid,6856.5,PKR
PAY003374,O003374,2026-07-14 17:49:34,card,paid,2934.75,PKR
PAY003375,O003375,2026-08-15 23:56:30,bank_transfer,paid,4342.28,PKR
PAY003376,O003376,2026-08-07 13:55:16,card,paid,3591.0,PKR
PAY003377,O003377,2026-06-17 02:58:28,wallet,paid,1593.9,PKR
PAY003378,O003378,2026-08-07 14:34:31,bank_transfer,paid,1552.32,PKR
PAY003379,O003379,2026-07-22 16:29:49,bank_transfer,paid,6468.0,PKR
PAY003380,O003380,2026-08-20 01:41:46,card,paid,1785.0,PKR
PAY003381,O003381,2026-07-12 20:34:03,cash,paid,4121.25,PKR
PAY003382,O003382,2026-07-16 18:08:02,cash,paid,9392.25,PKR
PAY003383,O003383,2026-06-15 02:39:26,wallet,paid,1632.75,PKR
PAY003384,O003384,2026-07-15 17:02:37,cash,paid,2803.5,PKR
PAY003385,O003385,2026-08-03 08:41:35,cash,paid,3491.25,PKR
PAY003386,O003386,2026-07-09 23:22:33,cash,paid,3005.42,PKR
PAY003387,O003387,2026-06-14 16:15:28,card,paid,1302.0,PKR
PAY003388,O003388,2026-08-14 05:14:20,wallet,paid,6489.0,PKR
PAY003389,O003389,2026-08-01 02:00:24,card,paid,6483.75,PKR
PAY003390,O003390,2026-06-05 17:59:16,wallet,paid,5134.5,PKR
PAY003391,O003391,2026-08-01 18:09:06,cash,paid,7775.25,PKR
PAY003392,O003392,2026-08-27 05:33:22,cash,paid,2467.5,PKR
PAY003393,O003393,2026-06-26 01:58:15,wallet,paid,572.25,PKR
PAY003394,O003394,2026-06-13 06:29:00,card,paid,2514.75,PKR
PAY003395,O003395,2026-08-22 00:03:58,cash,paid,3146.85,PKR
PAY003396,O003396,2026-06-16 11:12:01,cash,paid,4752.72,PKR
PAY003397,O003397,2026-08-05 10:47:45,bank_transfer,paid,468.72,PKR
PAY003398,O003398,2026-06-12 16:47:25,wallet,paid,1127.28,PKR
PAY003399,O003399,2026-08-11 22:54:18,wallet,paid,3018.75,PKR
PAY003400,O003400,2026-08-13 22:09:20,card,paid,874.12,PKR
PAY003401,O003401,2026-06-03 08:27:55,wallet,paid,3900.75,PKR
PAY003402,O003402,2026-08-19 18:50:59,card,paid,6019.65,PKR
PAY003403,O003403,2026-06-05 03:26:29,card,paid,8142.75,PKR
PAY003404,O003404,2026-08-29 19:44:52,card,paid,2329.43,PKR
PAY003405,O003405,2026-07-29 06:40:01,wallet,paid,2073.75,PKR
PAY003406,O003406,2026-07-17 13:29:06,bank_transfer,paid,2992.5,PKR
PAY003407,O003407,2026-08-08 11:39:51,cash,paid,1323.0,PKR
PAY003408,O003408,2026-07-18 08:05:51,bank_transfer,paid,1071.0,PKR
PAY003409,O003409,2026-06-12 08:21:52,card,paid,2023.19,PKR
PAY003410,O003410,2026-07-10 21:03:22,wallet,paid,4546.5,PKR
PAY003411,O003411,2026-06-13 17:18:40,cash,refunded,2887.5,PKR
PAY003412,O003412,2026-07-27 10:18:43,card,paid,766.08,PKR
PAY003413,O003413,2026-08-22 05:52:24,card,paid,3751.65,PKR
PAY003414,O003414,2026-06-02 11:10:40,cash,paid,1113.21,PKR
PAY003415,O003415,2026-08-16 07:13:32,card,paid,11240.25,PKR
PAY003416,O003416,2026-06-25 18:59:08,bank_transfer,paid,5843.25,PKR
PAY003417,O003417,2026-08-09 12:45:17,cash,paid,4032.0,PKR
PAY003418,O003418,2026-06-21 21:47:49,bank_transfer,paid,5449.5,PKR
PAY003419,O003419,2026-08-11 19:59:45,cash,paid,8316.0,PKR
PAY003420,O003420,2026-07-19 04:58:02,card,paid,677.25,PKR
PAY003421,O003421,2026-06-20 18:05:00,cash,paid,6027.53,PKR
PAY003422,O003422,2026-07-12 21:23:05,wallet,paid,506.42,PKR
PAY003423,O003423,2026-07-19 13:28:52,card,paid,5187.0,PKR
PAY003424,O003424,2026-06-17 16:03:43,cash,paid,6654.85,PKR
PAY003425,O003425,2026-06-13 22:15:57,wallet,refunded,2667.0,PKR
PAY003426,O003426,2026-08-07 06:45:45,cash,paid,3286.08,PKR
PAY003427,O003427,2026-07-24 18:01:15,card,cancelled,0.0,PKR
PAY003428,O003428,2026-07-10 10:01:27,cash,paid,1842.75,PKR
PAY003429,O003429,2026-06-14 01:06:16,cash,paid,5664.12,PKR
PAY003430,O003430,2026-08-17 17:44:31,cash,paid,225.75,PKR
PAY003431,O003431,2026-06-06 11:58:47,card,paid,1298.22,PKR
PAY003432,O003432,2026-08-06 21:59:47,card,paid,3512.25,PKR
PAY003433,O003433,2026-08-30 15:07:19,card,paid,207.9,PKR
PAY003434,O003434,2026-07-08 17:00:11,bank_transfer,paid,11760.0,PKR
PAY003435,O003435,2026-08-19 09:26:32,card,paid,8394.75,PKR
PAY003436,O003436,2026-08-18 07:49:45,cash,paid,8862.0,PKR
PAY003437,O003437,2026-06-05 15:19:25,cash,paid,1249.5,PKR
PAY003438,O003438,2026-07-08 07:32:37,cash,paid,3775.28,PKR
PAY003439,O003439,2026-08-13 23:32:11,wallet,paid,6378.75,PKR
PAY003440,O003440,2026-06-11 22:53:17,card,paid,1989.96,PKR
PAY003441,O003441,2026-07-21 09:15:37,card,paid,982.54,PKR
PAY003442,O003442,2026-06-17 18:12:56,wallet,paid,1937.25,PKR
PAY003443,O003443,2026-08-18 15:57:33,cash,paid,2136.75,PKR
PAY003444,O003444,2026-06-18 23:53:45,card,paid,3937.5,PKR
PAY003445,O003445,2026-08-04 19:16:08,bank_transfer,paid,1461.6,PKR
PAY003446,O003446,2026-08-04 03:49:32,cash,paid,2850.75,PKR
PAY003447,O003447,2026-08-15 16:37:27,wallet,paid,4474.58,PKR
PAY003448,O003448,2026-07-29 13:19:11,cash,paid,2399.25,PKR
PAY003449,O003449,2026-06-28 08:14:45,card,paid,2630.25,PKR
PAY003450,O003450,2026-08-12 10:10:26,card,paid,9345.0,PKR
PAY003451,O003451,2026-07-14 08:53:43,cash,paid,3888.78,PKR
PAY003452,O003452,2026-08-28 10:02:30,cash,paid,855.75,PKR
PAY003453,O003453,2026-07-11 04:31:41,card,cancelled,0.0,PKR
PAY003454,O003454,2026-06-20 12:21:13,wallet,paid,2541.84,PKR
PAY003455,O003455,2026-07-26 18:13:19,bank_transfer,paid,4772.25,PKR
PAY003456,O003456,2026-06-10 11:25:32,wallet,paid,3386.25,PKR
PAY003457,O003457,2026-06-30 07:59:18,card,paid,6200.25,PKR
PAY003458,O003458,2026-06-28 09:52:44,card,paid,1548.75,PKR
PAY003459,O003459,2026-08-03 02:32:47,card,paid,8893.5,PKR
PAY003460,O003460,2026-07-13 21:25:27,card,paid,1401.75,PKR
PAY003461,O003461,2026-07-27 12:59:23,cash,paid,2745.75,PKR
PAY003462,O003462,2026-08-17 16:13:54,card,paid,8820.0,PKR
PAY003463,O003463,2026-06-06 05:00:41,wallet,paid,3948.0,PKR
PAY003464,O003464,2026-08-08 00:13:37,wallet,paid,2703.75,PKR
PAY003465,O003465,2026-08-15 12:55:19,wallet,paid,641.81,PKR
PAY003466,O003466,2026-06-14 04:13:59,card,paid,8486.31,PKR
PAY003467,O003467,2026-08-04 13:30:36,cash,paid,4567.5,PKR
PAY003468,O003468,2026-06-25 03:07:56,wallet,cancelled,0.0,PKR
PAY003469,O003469,2026-07-16 03:37:19,card,paid,6149.01,PKR
PAY003470,O003470,2026-07-24 23:21:48,card,paid,3155.04,PKR
PAY003471,O003471,2026-06-17 01:18:41,wallet,paid,321.3,PKR
PAY003472,O003472,2026-06-08 22:13:57,cash,paid,4851.0,PKR
PAY003473,O003473,2026-08-10 11:19:30,card,paid,4173.75,PKR
PAY003474,O003474,2026-06-22 23:36:08,cash,cancelled,0.0,PKR
PAY003475,O003475,2026-06-22 17:33:15,cash,paid,7260.75,PKR
PAY003476,O003476,2026-06-21 15:13:36,cash,paid,4158.0,PKR
PAY003477,O003477,2026-06-10 17:54:26,bank_transfer,paid,4819.5,PKR
PAY003478,O003478,2026-08-13 17:04:03,card,paid,748.12,PKR
PAY003479,O003479,2026-08-29 20:51:11,card,paid,4373.25,PKR
PAY003480,O003480,2026-07-16 21:29:31,cash,paid,5040.0,PKR
PAY003481,O003481,2026-07-21 01:18:28,cash,paid,7229.25,PKR
PAY003482,O003482,2026-07-15 17:22:05,card,paid,7544.25,PKR
PAY003483,O003483,2026-07-01 02:28:45,cash,paid,3921.75,PKR
PAY003484,O003484,2026-07-25 14:53:21,cash,paid,1475.25,PKR
PAY003485,O003485,2026-06-29 03:08:27,wallet,paid,6583.29,PKR
PAY003486,O003486,2026-08-11 18:29:43,wallet,paid,1407.0,PKR
PAY003487,O003487,2026-06-06 08:49:59,card,paid,2040.89,PKR
PAY003488,O003488,2026-07-12 04:46:21,card,paid,2483.25,PKR
PAY003489,O003489,2026-07-17 05:37:17,card,paid,4922.66,PKR
PAY003490,O003490,2026-06-22 18:30:37,cash,paid,5696.25,PKR
PAY003491,O003491,2026-08-17 09:05:28,cash,paid,8494.5,PKR
PAY003492,O003492,2026-07-28 15:29:58,cash,paid,2656.5,PKR
PAY003493,O003493,2026-08-23 14:13:13,card,paid,1470.0,PKR
PAY003494,O003494,2026-08-07 10:53:29,wallet,paid,1711.5,PKR
PAY003495,O003495,2026-08-11 11:35:43,cash,paid,8846.25,PKR
PAY003496,O003496,2026-06-21 09:31:51,card,refunded,2304.75,PKR
PAY003497,O003497,2026-06-27 17:52:45,bank_transfer,paid,2506.77,PKR
PAY003498,O003498,2026-06-03 13:10:35,wallet,paid,7665.0,PKR
PAY003499,O003499,2026-07-19 15:00:50,card,paid,1323.0,PKR
PAY003500,O003500,2026-06-22 19:55:28,wallet,paid,4735.5,PKR
PAY003501,O003501,2026-07-27 16:46:11,card,paid,5832.75,PKR
PAY003502,O003502,2026-06-27 10:11:32,card,paid,10258.92,PKR
PAY003503,O003503,2026-07-01 19:57:34,cash,paid,2714.25,PKR
PAY003504,O003504,2026-06-10 17:42:37,card,paid,1081.5,PKR
PAY003505,O003505,2026-08-17 14:49:27,wallet,paid,1842.75,PKR
PAY003506,O003506,2026-08-20 14:57:25,card,paid,614.25,PKR
PAY003507,O003507,2026-08-26 09:00:01,wallet,paid,1696.28,PKR
PAY003508,O003508,2026-06-17 05:05:11,card,cancelled,0.0,PKR
PAY003509,O003509,2026-08-02 07:32:00,wallet,paid,6483.75,PKR
PAY003510,O003510,2026-08-04 12:58:14,cash,paid,1795.5,PKR
PAY003511,O003511,2026-06-28 19:29:12,bank_transfer,paid,2483.25,PKR
PAY003512,O003512,2026-06-29 03:22:44,card,paid,1228.5,PKR
PAY003513,O003513,2026-07-17 22:43:37,wallet,paid,1223.25,PKR
PAY003514,O003514,2026-07-03 14:22:38,cash,paid,577.5,PKR
PAY003515,O003515,2026-08-12 13:34:23,bank_transfer,paid,435.75,PKR
PAY003516,O003516,2026-07-21 08:53:18,wallet,paid,3286.5,PKR
PAY003517,O003517,2026-06-15 10:49:10,cash,paid,2827.44,PKR
PAY003518,O003518,2026-07-18 19:54:17,bank_transfer,paid,4247.25,PKR
PAY003519,O003519,2026-07-06 22:29:37,cash,paid,5922.0,PKR
PAY003520,O003520,2026-08-28 00:47:24,card,paid,1260.0,PKR
PAY003521,O003521,2026-06-22 16:16:15,card,paid,1685.67,PKR
PAY003522,O003522,2026-08-29 20:39:18,wallet,paid,792.75,PKR
PAY003523,O003523,2026-07-07 02:55:43,wallet,paid,2877.1,PKR
PAY003524,O003524,2026-08-01 02:28:18,card,paid,11261.25,PKR
PAY003525,O003525,2026-06-28 19:29:59,bank_transfer,paid,2840.25,PKR
PAY003526,O003526,2026-06-28 00:51:12,card,paid,7077.0,PKR
PAY003527,O003527,2026-06-28 13:12:21,wallet,paid,1764.0,PKR
PAY003528,O003528,2026-07-08 09:37:48,card,paid,9035.25,PKR
PAY003529,O003529,2026-08-04 04:51:51,cash,paid,2236.5,PKR
PAY003530,O003530,2026-06-17 20:24:34,card,paid,9103.5,PKR
PAY003531,O003531,2026-07-04 07:44:20,bank_transfer,paid,1461.34,PKR
PAY003532,O003532,2026-08-16 19:25:37,wallet,paid,6494.25,PKR
PAY003533,O003533,2026-06-18 20:25:20,wallet,paid,5252.94,PKR
PAY003534,O003534,2026-07-16 17:55:57,wallet,paid,4452.0,PKR
PAY003535,O003535,2026-08-30 16:27:19,cash,paid,8137.5,PKR
PAY003536,O003536,2026-07-02 20:59:30,card,paid,7974.75,PKR
PAY003537,O003537,2026-07-27 18:06:11,card,paid,3714.48,PKR
PAY003538,O003538,2026-07-05 18:21:10,cash,paid,3806.25,PKR
PAY003539,O003539,2026-06-06 05:15:13,bank_transfer,paid,472.5,PKR
PAY003540,O003540,2026-06-27 22:15:57,wallet,cancelled,0.0,PKR
PAY003541,O003541,2026-07-30 03:51:59,cash,paid,1795.5,PKR
PAY003542,O003542,2026-07-06 20:43:49,wallet,paid,1705.73,PKR
PAY003543,O003543,2026-07-02 11:47:58,cash,paid,231.0,PKR
PAY003544,O003544,2026-07-24 10:17:36,card,paid,388.08,PKR
PAY003545,O003545,2026-08-25 03:30:23,wallet,paid,2835.0,PKR
PAY003546,O003546,2026-08-28 18:08:54,card,paid,2296.35,PKR
PAY003547,O003547,2026-06-28 21:17:01,cash,paid,5402.25,PKR
PAY003548,O003548,2026-07-14 01:05:07,card,paid,1905.75,PKR
PAY003549,O003549,2026-06-04 18:03:25,cash,paid,682.5,PKR
PAY003550,O003550,2026-08-05 02:17:43,wallet,paid,498.75,PKR
PAY003551,O003551,2026-06-18 11:17:39,cash,paid,2651.25,PKR
PAY003552,O003552,2026-07-25 06:16:15,card,paid,6016.5,PKR
PAY003553,O003553,2026-08-15 16:57:57,wallet,paid,1863.75,PKR
PAY003554,O003554,2026-08-30 19:51:04,card,cancelled,0.0,PKR
PAY003555,O003555,2026-07-25 11:54:11,card,paid,10778.25,PKR
PAY003556,O003556,2026-07-05 02:45:12,card,paid,2259.34,PKR
PAY003557,O003557,2026-08-28 11:38:04,cash,cancelled,0.0,PKR
PAY003558,O003558,2026-07-18 13:53:45,cash,paid,850.5,PKR
PAY003559,O003559,2026-08-24 10:56:21,cash,paid,9213.75,PKR
PAY003560,O003560,2026-08-02 10:57:04,card,paid,2635.92,PKR
PAY003561,O003561,2026-08-05 09:40:10,cash,cancelled,0.0,PKR
PAY003562,O003562,2026-07-10 04:07:32,cash,paid,3344.25,PKR
PAY003563,O003563,2026-08-25 17:50:45,card,paid,4079.25,PKR
PAY003564,O003564,2026-08-08 22:55:54,wallet,paid,604.8,PKR
PAY003565,O003565,2026-06-29 12:23:04,cash,cancelled,0.0,PKR
PAY003566,O003566,2026-06-19 09:08:58,bank_transfer,paid,4830.0,PKR
PAY003567,O003567,2026-07-08 11:07:33,wallet,refunded,4844.39,PKR
PAY003568,O003568,2026-07-12 19:48:08,card,paid,929.25,PKR
PAY003569,O003569,2026-08-23 14:08:43,card,paid,1927.8,PKR
PAY003570,O003570,2026-06-21 01:53:24,card,paid,8436.75,PKR
PAY003571,O003571,2026-07-11 14:10:50,cash,paid,3229.59,PKR
PAY003572,O003572,2026-08-06 04:04:37,wallet,paid,4777.5,PKR
PAY003573,O003573,2026-08-26 00:41:08,card,paid,937.12,PKR
PAY003574,O003574,2026-08-01 19:18:22,wallet,paid,4243.68,PKR
PAY003575,O003575,2026-08-07 05:00:11,wallet,paid,8264.03,PKR
PAY003576,O003576,2026-06-26 02:06:52,cash,paid,2477.79,PKR
PAY003577,O003577,2026-06-11 12:30:26,cash,paid,1543.5,PKR
PAY003578,O003578,2026-08-18 23:46:43,cash,paid,2861.25,PKR
PAY003579,O003579,2026-08-27 16:07:23,cash,paid,577.5,PKR
PAY003580,O003580,2026-06-05 15:04:14,bank_transfer,paid,7591.5,PKR
PAY003581,O003581,2026-08-17 23:05:30,cash,paid,1769.25,PKR
PAY003582,O003582,2026-08-29 16:01:20,cash,paid,3050.25,PKR
PAY003583,O003583,2026-08-04 12:36:26,wallet,paid,1128.75,PKR
PAY003584,O003584,2026-06-03 17:46:11,cash,paid,9618.0,PKR
PAY003585,O003585,2026-08-23 19:14:12,wallet,paid,1871.1,PKR
PAY003586,O003586,2026-06-29 04:44:45,card,paid,2352.0,PKR
PAY003587,O003587,2026-07-22 18:18:12,card,paid,787.5,PKR
PAY003588,O003588,2026-08-13 09:53:52,card,paid,283.5,PKR
PAY003589,O003589,2026-07-20 18:19:11,card,paid,1669.5,PKR
PAY003590,O003590,2026-08-01 08:35:29,card,paid,665.28,PKR
PAY003591,O003591,2026-07-22 05:13:35,cash,paid,6945.75,PKR
PAY003592,O003592,2026-08-06 15:53:35,cash,paid,2056.32,PKR
PAY003593,O003593,2026-07-30 13:50:46,wallet,cancelled,0.0,PKR
PAY003594,O003594,2026-07-24 03:36:04,wallet,paid,1785.0,PKR
PAY003595,O003595,2026-08-12 19:50:29,wallet,paid,215.25,PKR
PAY003596,O003596,2026-08-20 17:56:28,wallet,paid,4268.25,PKR
PAY003597,O003597,2026-08-25 12:33:40,bank_transfer,refunded,3927.0,PKR
PAY003598,O003598,2026-06-25 02:18:45,wallet,paid,6473.25,PKR
PAY003599,O003599,2026-07-03 23:26:28,wallet,paid,3052.82,PKR
PAY003600,O003600,2026-08-31 15:35:48,cash,paid,2655.45,PKR
PAY003601,O003601,2026-08-11 13:46:13,card,cancelled,0.0,PKR
PAY003602,O003602,2026-07-24 17:50:52,wallet,paid,4205.25,PKR
PAY003603,O003603,2026-07-07 04:40:26,wallet,paid,2423.93,PKR
PAY003604,O003604,2026-06-18 11:31:13,bank_transfer,paid,834.49,PKR
PAY003605,O003605,2026-06-30 23:53:02,card,paid,8515.5,PKR
PAY003606,O003606,2026-07-24 02:33:53,cash,paid,399.0,PKR
PAY003607,O003607,2026-08-25 07:53:52,card,paid,5726.7,PKR
PAY003608,O003608,2026-06-15 11:52:52,card,paid,3764.25,PKR
PAY003609,O003609,2026-07-06 18:06:50,card,paid,3849.3,PKR
PAY003610,O003610,2026-08-31 16:40:40,card,paid,278.25,PKR
PAY003611,O003611,2026-08-23 15:58:48,card,paid,8494.5,PKR
PAY003612,O003612,2026-08-30 18:45:03,card,paid,1144.5,PKR
PAY003613,O003613,2026-07-18 05:52:10,cash,paid,472.5,PKR
PAY003614,O003614,2026-08-11 06:04:07,card,paid,624.75,PKR
PAY003615,O003615,2026-06-09 17:05:29,bank_transfer,paid,480.38,PKR
PAY003616,O003616,2026-08-31 12:23:17,cash,paid,1852.2,PKR
PAY003617,O003617,2026-07-19 17:14:04,wallet,paid,861.0,PKR
PAY003618,O003618,2026-06-07 05:48:26,cash,paid,2304.75,PKR
PAY003619,O003619,2026-07-26 23:55:51,cash,paid,3118.5,PKR
PAY003620,O003620,2026-07-26 22:51:49,card,paid,3853.5,PKR
PAY003621,O003621,2026-07-12 16:28:16,card,paid,2149.61,PKR
PAY003622,O003622,2026-07-17 01:36:13,cash,paid,8415.75,PKR
PAY003623,O003623,2026-08-11 11:12:52,card,paid,4000.5,PKR
PAY003624,O003624,2026-07-26 11:34:10,wallet,paid,5418.0,PKR
PAY003625,O003625,2026-06-16 13:52:30,cash,paid,1853.25,PKR
PAY003626,O003626,2026-06-06 06:41:34,card,paid,2241.75,PKR
PAY003627,O003627,2026-08-23 21:36:44,cash,paid,1816.5,PKR
PAY003628,O003628,2026-06-12 13:30:17,card,paid,2084.25,PKR
PAY003629,O003629,2026-08-18 18:54:20,card,paid,3789.45,PKR
PAY003630,O003630,2026-07-21 17:51:27,card,paid,598.5,PKR
PAY003631,O003631,2026-08-30 17:11:43,card,paid,1254.75,PKR
PAY003632,O003632,2026-08-06 00:57:29,wallet,paid,1632.75,PKR
PAY003633,O003633,2026-06-20 02:45:07,cash,paid,787.5,PKR
PAY003634,O003634,2026-06-11 22:37:44,cash,paid,4525.71,PKR
PAY003635,O003635,2026-06-22 04:46:19,card,paid,2368.01,PKR
PAY003636,O003636,2026-08-18 16:47:18,card,paid,6961.5,PKR
PAY003637,O003637,2026-08-16 19:15:43,cash,paid,9486.75,PKR
PAY003638,O003638,2026-07-05 23:01:45,cash,paid,1776.6,PKR
PAY003639,O003639,2026-07-02 03:51:19,card,paid,2912.49,PKR
PAY003640,O003640,2026-07-28 18:46:21,card,paid,3076.5,PKR
PAY003641,O003641,2026-06-04 12:35:07,bank_transfer,paid,6851.25,PKR
PAY003642,O003642,2026-06-20 03:48:42,wallet,cancelled,0.0,PKR
PAY003643,O003643,2026-06-04 22:50:15,wallet,paid,2555.86,PKR
PAY003644,O003644,2026-06-08 14:21:28,bank_transfer,paid,10248.0,PKR
PAY003645,O003645,2026-06-09 12:11:28,card,paid,162.75,PKR
PAY003646,O003646,2026-06-12 20:53:31,wallet,paid,2975.28,PKR
PAY003647,O003647,2026-08-18 22:38:10,cash,paid,3643.5,PKR
PAY003648,O003648,2026-08-23 02:12:42,card,cancelled,0.0,PKR
PAY003649,O003649,2026-06-21 19:58:15,bank_transfer,paid,1945.65,PKR
PAY003650,O003650,2026-06-23 10:53:47,cash,paid,3114.83,PKR
PAY003651,O003651,2026-06-11 11:19:57,wallet,paid,1842.75,PKR
PAY003652,O003652,2026-07-29 23:04:19,bank_transfer,paid,1071.0,PKR
PAY003653,O003653,2026-06-24 05:12:31,card,paid,2184.0,PKR
PAY003654,O003654,2026-08-26 19:44:37,cash,paid,12227.25,PKR
PAY003655,O003655,2026-07-01 18:54:25,card,paid,7539.0,PKR
PAY003656,O003656,2026-07-19 18:57:36,card,paid,2714.25,PKR
PAY003657,O003657,2026-06-06 13:23:46,card,paid,632.94,PKR
PAY003658,O003658,2026-08-06 06:40:08,wallet,paid,2409.12,PKR
PAY003659,O003659,2026-08-05 08:34:14,card,paid,1804.32,PKR
PAY003660,O003660,2026-07-08 02:31:57,cash,paid,1900.5,PKR
PAY003661,O003661,2026-08-22 02:31:58,card,paid,7224.0,PKR
PAY003662,O003662,2026-07-04 16:15:31,card,paid,4110.33,PKR
PAY003663,O003663,2026-07-17 12:11:56,bank_transfer,paid,3696.0,PKR
PAY003664,O003664,2026-06-21 01:44:58,card,paid,1711.5,PKR
PAY003665,O003665,2026-08-28 15:06:31,wallet,paid,1785.0,PKR
PAY003666,O003666,2026-06-05 20:11:28,cash,paid,2042.25,PKR
PAY003667,O003667,2026-07-01 06:51:14,wallet,paid,16117.5,PKR
PAY003668,O003668,2026-07-01 07:26:37,cash,paid,3680.25,PKR
PAY003669,O003669,2026-06-26 13:34:01,bank_transfer,paid,2210.25,PKR
PAY003670,O003670,2026-07-28 04:48:43,wallet,paid,7623.0,PKR
PAY003671,O003671,2026-08-15 18:33:18,wallet,paid,3554.25,PKR
PAY003672,O003672,2026-06-21 02:43:32,card,paid,7854.47,PKR
PAY003673,O003673,2026-07-09 19:36:52,cash,refunded,2352.0,PKR
PAY003674,O003674,2026-06-26 19:55:26,wallet,paid,3837.75,PKR
PAY003675,O003675,2026-06-04 03:11:12,card,paid,4228.61,PKR
PAY003676,O003676,2026-06-21 09:15:34,card,cancelled,0.0,PKR
PAY003677,O003677,2026-06-29 19:59:42,card,paid,4142.25,PKR
PAY003678,O003678,2026-08-14 06:37:25,wallet,paid,2945.25,PKR
PAY003679,O003679,2026-08-05 23:05:29,cash,paid,834.75,PKR
PAY003680,O003680,2026-07-05 03:06:32,wallet,paid,2016.0,PKR
PAY003681,O003681,2026-08-27 22:37:44,wallet,cancelled,0.0,PKR
PAY003682,O003682,2026-06-17 12:05:37,card,paid,892.5,PKR
PAY003683,O003683,2026-07-06 13:03:12,bank_transfer,paid,977.55,PKR
PAY003684,O003684,2026-06-04 10:37:28,wallet,paid,5512.5,PKR
PAY003685,O003685,2026-07-09 17:51:24,card,paid,5832.75,PKR
PAY003686,O003686,2026-06-12 19:37:08,bank_transfer,paid,2163.0,PKR
PAY003687,O003687,2026-07-25 06:42:57,card,paid,2963.52,PKR
PAY003688,O003688,2026-06-28 07:00:41,cash,paid,3265.5,PKR
PAY003689,O003689,2026-07-20 00:53:25,wallet,paid,2031.12,PKR
PAY003690,O003690,2026-08-28 00:18:42,card,paid,2577.75,PKR
PAY003691,O003691,2026-07-04 07:01:33,wallet,paid,2961.0,PKR
PAY003692,O003692,2026-08-21 12:07:15,cash,paid,11308.5,PKR
PAY003693,O003693,2026-07-20 00:29:50,cash,paid,4068.75,PKR
PAY003694,O003694,2026-08-10 15:52:19,wallet,paid,8875.44,PKR
PAY003695,O003695,2026-07-10 19:28:31,wallet,paid,3874.5,PKR
PAY003696,O003696,2026-08-28 04:29:48,cash,paid,6940.5,PKR
PAY003697,O003697,2026-07-04 11:14:25,bank_transfer,paid,3344.25,PKR
PAY003698,O003698,2026-08-05 16:38:37,card,paid,8628.48,PKR
PAY003699,O003699,2026-06-02 14:50:39,bank_transfer,paid,5197.5,PKR
PAY003700,O003700,2026-07-21 18:17:32,cash,paid,9639.0,PKR
PAY003701,O003701,2026-07-21 07:54:48,card,cancelled,0.0,PKR
PAY003702,O003702,2026-08-18 11:45:26,cash,paid,9056.25,PKR
PAY003703,O003703,2026-08-11 05:38:46,bank_transfer,paid,2667.0,PKR
PAY003704,O003704,2026-07-19 12:19:23,card,paid,7176.75,PKR
PAY003705,O003705,2026-07-01 15:49:06,cash,cancelled,0.0,PKR
PAY003706,O003706,2026-08-29 05:19:03,bank_transfer,refunded,756.0,PKR
PAY003707,O003707,2026-08-26 19:44:26,wallet,paid,4215.75,PKR
PAY003708,O003708,2026-06-03 12:13:01,card,paid,9213.75,PKR
PAY003709,O003709,2026-06-14 21:10:17,cash,paid,3370.5,PKR
PAY003710,O003710,2026-07-21 14:23:19,card,paid,2262.75,PKR
PAY003711,O003711,2026-06-29 09:30:03,cash,paid,4126.5,PKR
PAY003712,O003712,2026-06-16 04:56:37,card,paid,2955.75,PKR
PAY003713,O003713,2026-06-16 20:01:33,bank_transfer,paid,2257.5,PKR
PAY003714,O003714,2026-07-24 02:04:59,card,paid,3906.0,PKR
PAY003715,O003715,2026-06-14 02:51:15,cash,paid,9110.75,PKR
PAY003716,O003716,2026-08-21 21:07:37,wallet,paid,1638.0,PKR
PAY003717,O003717,2026-08-11 06:46:38,cash,cancelled,0.0,PKR
PAY003718,O003718,2026-06-03 02:16:05,card,paid,7309.1,PKR
PAY003719,O003719,2026-08-09 13:31:50,cash,paid,6486.48,PKR
PAY003720,O003720,2026-07-31 21:17:42,card,paid,6252.75,PKR
PAY003721,O003721,2026-07-28 12:02:30,card,paid,3559.5,PKR
PAY003722,O003722,2026-07-08 12:58:57,wallet,paid,1575.0,PKR
PAY003723,O003723,2026-07-26 19:39:07,bank_transfer,paid,5496.75,PKR
PAY003724,O003724,2026-06-23 04:00:40,bank_transfer,paid,2630.25,PKR
PAY003725,O003725,2026-08-29 00:10:44,wallet,paid,4651.5,PKR
PAY003726,O003726,2026-06-15 02:58:12,cash,paid,3241.98,PKR
PAY003727,O003727,2026-07-12 04:48:00,cash,paid,2026.5,PKR
PAY003728,O003728,2026-06-23 18:43:05,wallet,paid,2131.5,PKR
PAY003729,O003729,2026-07-05 02:37:15,card,paid,1466.33,PKR
PAY003730,O003730,2026-07-01 04:38:04,cash,paid,283.5,PKR
PAY003731,O003731,2026-07-23 00:12:48,card,cancelled,0.0,PKR
PAY003732,O003732,2026-07-17 09:21:55,card,paid,3029.25,PKR
PAY003733,O003733,2026-07-22 11:10:55,cash,paid,1149.75,PKR
PAY003734,O003734,2026-07-28 08:50:20,wallet,paid,1338.75,PKR
PAY003735,O003735,2026-08-19 22:44:04,cash,paid,5685.75,PKR
PAY003736,O003736,2026-07-30 02:41:52,cash,paid,6027.0,PKR
PAY003737,O003737,2026-08-06 06:32:02,cash,paid,4620.0,PKR
PAY003738,O003738,2026-07-28 14:48:39,card,paid,8673.0,PKR
PAY003739,O003739,2026-06-11 09:21:30,card,cancelled,0.0,PKR
PAY003740,O003740,2026-06-17 20:33:45,cash,refunded,1879.5,PKR
PAY003741,O003741,2026-08-25 21:35:59,wallet,paid,3533.25,PKR
PAY003742,O003742,2026-07-23 23:50:40,card,cancelled,0.0,PKR
PAY003743,O003743,2026-08-13 18:36:00,card,paid,1816.5,PKR
PAY003744,O003744,2026-06-09 19:43:00,wallet,paid,2037.0,PKR
PAY003745,O003745,2026-08-11 23:21:38,card,cancelled,0.0,PKR
PAY003746,O003746,2026-08-27 14:34:56,cash,paid,2924.78,PKR
PAY003747,O003747,2026-07-12 15:52:21,cash,paid,1323.0,PKR
PAY003748,O003748,2026-07-12 20:22:03,card,paid,6237.0,PKR
PAY003749,O003749,2026-08-28 12:43:28,card,paid,3438.75,PKR
PAY003750,O003750,2026-07-30 05:53:14,card,paid,4614.75,PKR
PAY003751,O003751,2026-07-30 09:59:27,cash,paid,3024.0,PKR
PAY003752,O003752,2026-08-21 04:35:19,wallet,paid,3694.95,PKR
PAY003753,O003753,2026-06-01 14:44:31,cash,paid,393.75,PKR
PAY003754,O003754,2026-06-29 22:21:01,card,paid,2688.0,PKR
PAY003755,O003755,2026-06-04 06:42:40,wallet,paid,892.5,PKR
PAY003756,O003756,2026-06-09 12:23:01,card,paid,3076.5,PKR
PAY003757,O003757,2026-08-21 05:15:05,cash,paid,2981.47,PKR
PAY003758,O003758,2026-08-13 01:52:30,bank_transfer,paid,4767.0,PKR
PAY003759,O003759,2026-06-02 18:54:17,card,paid,1984.5,PKR
PAY003760,O003760,2026-06-18 18:27:06,bank_transfer,paid,3459.75,PKR
PAY003761,O003761,2026-07-02 04:00:51,cash,paid,2262.75,PKR
PAY003762,O003762,2026-08-16 23:36:40,cash,paid,6893.78,PKR
PAY003763,O003763,2026-07-01 11:36:06,cash,paid,3087.0,PKR
PAY003764,O003764,2026-08-22 03:51:37,card,paid,1517.25,PKR
PAY003765,O003765,2026-08-27 18:52:30,cash,paid,5580.75,PKR
PAY003766,O003766,2026-06-12 17:26:14,card,refunded,14442.75,PKR
PAY003767,O003767,2026-07-28 14:20:15,cash,paid,1659.0,PKR
PAY003768,O003768,2026-06-12 08:40:39,wallet,paid,2667.0,PKR
PAY003769,O003769,2026-07-26 02:12:45,card,paid,3790.5,PKR
PAY003770,O003770,2026-08-20 06:23:28,cash,paid,1065.75,PKR
PAY003771,O003771,2026-06-06 15:53:08,wallet,paid,1953.0,PKR
PAY003772,O003772,2026-08-23 12:31:40,card,paid,10615.5,PKR
PAY003773,O003773,2026-07-05 18:53:34,card,paid,10347.75,PKR
PAY003774,O003774,2026-06-13 03:12:13,card,paid,7549.5,PKR
PAY003775,O003775,2026-08-07 09:37:26,cash,paid,136.5,PKR
PAY003776,O003776,2026-08-29 23:38:47,wallet,refunded,3144.75,PKR
PAY003777,O003777,2026-07-27 19:58:02,cash,paid,3144.75,PKR
PAY003778,O003778,2026-08-14 15:16:03,wallet,paid,3087.0,PKR
PAY003779,O003779,2026-07-25 11:33:31,cash,cancelled,0.0,PKR
PAY003780,O003780,2026-07-17 19:31:20,card,paid,1692.71,PKR
PAY003781,O003781,2026-07-11 23:04:38,card,paid,1117.94,PKR
PAY003782,O003782,2026-07-23 15:27:07,cash,paid,3181.5,PKR
PAY003783,O003783,2026-07-01 17:49:43,card,paid,4511.22,PKR
PAY003784,O003784,2026-08-04 12:22:00,wallet,paid,413.28,PKR
PAY003785,O003785,2026-08-05 17:32:21,wallet,paid,1979.25,PKR
PAY003786,O003786,2026-08-23 23:29:18,card,paid,7394.62,PKR
PAY003787,O003787,2026-06-05 14:53:04,cash,paid,4373.25,PKR
PAY003788,O003788,2026-07-12 16:00:02,wallet,paid,1233.75,PKR
PAY003789,O003789,2026-07-11 00:52:55,bank_transfer,paid,1785.0,PKR
PAY003790,O003790,2026-08-07 09:04:30,card,paid,3467.52,PKR
PAY003791,O003791,2026-08-26 01:26:38,card,paid,5365.5,PKR
PAY003792,O003792,2026-08-02 13:21:38,card,paid,4819.5,PKR
PAY003793,O003793,2026-06-02 15:18:20,cash,paid,4593.75,PKR
PAY003794,O003794,2026-08-03 08:39:40,cash,paid,1804.32,PKR
PAY003795,O003795,2026-07-12 14:19:09,wallet,paid,2079.0,PKR
PAY003796,O003796,2026-07-10 20:40:45,cash,refunded,4016.25,PKR
PAY003797,O003797,2026-08-13 21:55:55,cash,paid,3817.8,PKR
PAY003798,O003798,2026-06-08 22:30:13,cash,paid,2406.34,PKR
PAY003799,O003799,2026-08-02 13:48:51,cash,paid,1921.5,PKR
PAY003800,O003800,2026-07-30 00:31:21,cash,paid,766.08,PKR
PAY003801,O003801,2026-08-18 06:06:11,card,paid,3627.75,PKR
PAY003802,O003802,2026-06-27 10:34:01,cash,paid,9544.5,PKR
PAY003803,O003803,2026-08-07 11:15:51,card,cancelled,0.0,PKR
PAY003804,O003804,2026-06-12 16:50:03,wallet,paid,1974.0,PKR
PAY003805,O003805,2026-07-05 13:00:28,wallet,paid,2094.75,PKR
PAY003806,O003806,2026-06-29 00:49:43,cash,paid,1228.5,PKR
PAY003807,O003807,2026-07-15 12:38:47,cash,paid,1685.25,PKR
PAY003808,O003808,2026-07-05 06:01:43,wallet,paid,2278.5,PKR
PAY003809,O003809,2026-06-28 21:05:57,wallet,paid,3008.25,PKR
PAY003810,O003810,2026-07-31 18:17:54,cash,paid,462.0,PKR
PAY003811,O003811,2026-08-16 10:40:11,card,paid,510.3,PKR
PAY003812,O003812,2026-07-30 05:01:05,cash,paid,4462.5,PKR
PAY003813,O003813,2026-06-21 01:38:37,cash,paid,3785.25,PKR
PAY003814,O003814,2026-07-26 15:08:37,cash,paid,1848.0,PKR
PAY003815,O003815,2026-08-02 22:15:31,wallet,paid,6483.75,PKR
PAY003816,O003816,2026-06-13 01:42:07,cash,paid,3520.28,PKR
PAY003817,O003817,2026-06-28 16:27:52,wallet,paid,1801.59,PKR
PAY003818,O003818,2026-07-20 19:28:26,card,paid,15498.0,PKR
PAY003819,O003819,2026-07-16 07:02:37,cash,paid,1292.97,PKR
PAY003820,O003820,2026-08-12 15:13:25,wallet,paid,2178.75,PKR
PAY003821,O003821,2026-08-29 17:03:34,wallet,paid,2697.97,PKR
PAY003822,O003822,2026-07-26 01:52:51,card,paid,7098.0,PKR
PAY003823,O003823,2026-08-20 11:54:09,wallet,paid,2399.25,PKR
PAY003824,O003824,2026-08-25 06:01:00,wallet,paid,888.3,PKR
PAY003825,O003825,2026-07-03 01:28:48,cash,paid,304.5,PKR
PAY003826,O003826,2026-07-21 22:44:29,card,paid,3475.5,PKR
PAY003827,O003827,2026-06-22 06:31:30,card,paid,7387.22,PKR
PAY003828,O003828,2026-06-24 21:12:37,cash,paid,3400.32,PKR
PAY003829,O003829,2026-06-02 15:05:18,wallet,paid,2525.25,PKR
PAY003830,O003830,2026-08-17 16:18:59,wallet,paid,1578.15,PKR
PAY003831,O003831,2026-08-13 21:27:07,cash,paid,1337.18,PKR
PAY003832,O003832,2026-08-27 16:06:44,bank_transfer,paid,9812.25,PKR
PAY003833,O003833,2026-06-19 15:43:21,bank_transfer,paid,4341.75,PKR
PAY003834,O003834,2026-07-03 09:20:27,cash,paid,955.5,PKR
PAY003835,O003835,2026-06-22 06:44:38,card,paid,2509.5,PKR
PAY003836,O003836,2026-07-02 18:51:34,card,paid,756.0,PKR
PAY003837,O003837,2026-06-30 09:26:19,cash,paid,8665.02,PKR
PAY003838,O003838,2026-08-23 15:45:10,card,paid,1885.28,PKR
PAY003839,O003839,2026-06-14 02:45:54,card,paid,1291.5,PKR
PAY003840,O003840,2026-06-25 15:18:36,wallet,paid,2257.5,PKR
PAY003841,O003841,2026-06-06 20:47:10,card,cancelled,0.0,PKR
PAY003842,O003842,2026-06-16 04:40:23,cash,paid,2516.43,PKR
PAY003843,O003843,2026-06-12 17:45:57,cash,paid,231.0,PKR
PAY003844,O003844,2026-07-16 06:50:57,card,paid,6153.0,PKR
PAY003845,O003845,2026-06-14 15:57:28,cash,cancelled,0.0,PKR
PAY003846,O003846,2026-07-26 16:40:12,card,paid,4009.95,PKR
PAY003847,O003847,2026-06-13 16:17:39,card,paid,3297.0,PKR
PAY003848,O003848,2026-08-22 01:16:56,wallet,paid,3465.0,PKR
PAY003849,O003849,2026-07-24 23:09:33,card,paid,1412.25,PKR
PAY003850,O003850,2026-06-01 13:57:46,cash,paid,1323.0,PKR
PAY003851,O003851,2026-06-08 17:28:22,wallet,paid,1139.25,PKR
PAY003852,O003852,2026-07-18 13:43:28,wallet,paid,404.25,PKR
PAY003853,O003853,2026-06-14 17:35:57,wallet,paid,2864.19,PKR
PAY003854,O003854,2026-07-10 23:29:03,cash,paid,5717.25,PKR
PAY003855,O003855,2026-08-10 09:34:59,card,paid,1134.0,PKR
PAY003856,O003856,2026-08-30 00:17:13,cash,paid,6074.25,PKR
PAY003857,O003857,2026-07-08 10:11:21,bank_transfer,paid,2220.75,PKR
PAY003858,O003858,2026-08-17 11:57:33,cash,paid,7486.5,PKR
PAY003859,O003859,2026-07-25 03:23:24,wallet,paid,1800.49,PKR
PAY003860,O003860,2026-08-25 20:58:03,card,cancelled,0.0,PKR
PAY003861,O003861,2026-07-16 20:23:30,card,paid,13608.0,PKR
PAY003862,O003862,2026-08-19 00:39:06,bank_transfer,paid,2394.0,PKR
PAY003863,O003863,2026-06-20 23:38:06,card,paid,4578.0,PKR
PAY003864,O003864,2026-07-11 19:48:36,wallet,paid,1895.25,PKR
PAY003865,O003865,2026-08-21 23:43:52,cash,paid,10710.0,PKR
PAY003866,O003866,2026-07-15 20:45:25,cash,paid,1265.25,PKR
PAY003867,O003867,2026-06-10 07:43:39,card,paid,4656.75,PKR
PAY003868,O003868,2026-07-01 15:32:30,card,paid,5034.75,PKR
PAY003869,O003869,2026-08-06 14:50:27,cash,paid,572.25,PKR
PAY003870,O003870,2026-06-13 22:48:17,cash,paid,1588.65,PKR
PAY003871,O003871,2026-06-02 18:45:11,wallet,paid,6357.75,PKR
PAY003872,O003872,2026-07-17 07:04:01,card,paid,4940.25,PKR
PAY003873,O003873,2026-08-12 16:52:45,wallet,paid,4683.0,PKR
PAY003874,O003874,2026-07-30 19:55:33,cash,paid,3734.64,PKR
PAY003875,O003875,2026-07-10 05:40:07,card,paid,8274.0,PKR
PAY003876,O003876,2026-06-17 06:11:16,cash,paid,300.3,PKR
PAY003877,O003877,2026-06-19 08:01:42,wallet,paid,6138.93,PKR
PAY003878,O003878,2026-08-06 22:58:09,card,paid,8762.25,PKR
PAY003879,O003879,2026-06-13 21:21:26,cash,paid,472.5,PKR
PAY003880,O003880,2026-06-23 07:50:13,card,paid,1422.75,PKR
PAY003881,O003881,2026-06-21 20:08:29,wallet,paid,2985.73,PKR
PAY003882,O003882,2026-08-30 08:44:28,card,paid,5717.25,PKR
PAY003883,O003883,2026-06-10 08:17:07,card,paid,1674.75,PKR
PAY003884,O003884,2026-08-17 21:43:41,card,paid,9318.75,PKR
PAY003885,O003885,2026-07-09 03:31:14,card,paid,231.0,PKR
PAY003886,O003886,2026-07-17 07:50:29,bank_transfer,paid,1470.0,PKR
PAY003887,O003887,2026-07-02 18:11:10,cash,paid,1317.75,PKR
PAY003888,O003888,2026-06-10 12:08:51,card,paid,2304.75,PKR
PAY003889,O003889,2026-06-07 07:09:17,card,paid,2352.0,PKR
PAY003890,O003890,2026-06-23 22:24:34,cash,paid,8483.21,PKR
PAY003891,O003891,2026-08-17 15:36:34,wallet,paid,2664.9,PKR
PAY003892,O003892,2026-07-24 00:18:22,card,paid,483.0,PKR
PAY003893,O003893,2026-08-10 22:54:22,card,paid,1682.1,PKR
PAY003894,O003894,2026-08-08 02:04:58,cash,paid,1475.25,PKR
PAY003895,O003895,2026-07-22 05:59:16,cash,paid,5927.04,PKR
PAY003896,O003896,2026-08-11 23:30:24,cash,paid,540.75,PKR
PAY003897,O003897,2026-06-22 11:44:20,wallet,paid,2399.25,PKR
PAY003898,O003898,2026-08-02 01:16:17,card,refunded,2142.0,PKR
PAY003899,O003899,2026-08-18 02:47:45,cash,paid,982.8,PKR
PAY003900,O003900,2026-08-06 15:13:50,card,paid,1990.8,PKR
PAY003901,O003901,2026-07-28 18:02:58,card,paid,5796.0,PKR
PAY003902,O003902,2026-08-22 01:17:40,wallet,paid,3850.88,PKR
PAY003903,O003903,2026-06-14 12:37:23,card,paid,787.5,PKR
PAY003904,O003904,2026-08-12 18:49:13,card,paid,1895.25,PKR
PAY003905,O003905,2026-08-04 01:46:26,wallet,paid,2686.32,PKR
PAY003906,O003906,2026-08-17 23:07:40,wallet,paid,1512.0,PKR
PAY003907,O003907,2026-07-06 21:26:36,wallet,paid,3113.25,PKR
PAY003908,O003908,2026-08-07 08:20:26,cash,paid,2429.28,PKR
PAY003909,O003909,2026-07-29 00:41:22,card,paid,3071.25,PKR
PAY003910,O003910,2026-08-27 23:43:41,card,paid,8447.25,PKR
PAY003911,O003911,2026-06-19 13:20:42,card,paid,6552.0,PKR
PAY003912,O003912,2026-08-21 18:37:15,card,paid,2278.5,PKR
PAY003913,O003913,2026-08-16 07:52:04,card,paid,4289.25,PKR
PAY003914,O003914,2026-06-18 15:10:33,card,paid,1128.75,PKR
PAY003915,O003915,2026-07-12 05:39:49,cash,paid,3176.25,PKR
PAY003916,O003916,2026-08-26 01:29:04,card,paid,866.25,PKR
PAY003917,O003917,2026-06-20 09:40:51,card,paid,1054.62,PKR
PAY003918,O003918,2026-07-26 16:19:20,cash,paid,4971.75,PKR
PAY003919,O003919,2026-07-27 14:05:11,bank_transfer,paid,8048.25,PKR
PAY003920,O003920,2026-08-15 11:21:27,card,paid,4999.05,PKR
PAY003921,O003921,2026-06-07 14:59:20,cash,cancelled,0.0,PKR
PAY003922,O003922,2026-07-14 17:53:37,card,paid,7334.25,PKR
PAY003923,O003923,2026-08-12 13:29:28,card,paid,651.0,PKR
PAY003924,O003924,2026-07-22 10:29:53,card,refunded,1640.89,PKR
PAY003925,O003925,2026-07-03 14:43:39,bank_transfer,paid,3223.5,PKR
PAY003926,O003926,2026-06-04 06:29:14,card,paid,2173.5,PKR
PAY003927,O003927,2026-08-02 10:17:33,card,paid,5251.68,PKR
PAY003928,O003928,2026-06-20 13:42:33,card,paid,6762.26,PKR
PAY003929,O003929,2026-08-15 01:02:20,card,paid,1911.0,PKR
PAY003930,O003930,2026-06-08 04:15:07,card,paid,7911.75,PKR
PAY003931,O003931,2026-06-09 15:54:43,cash,refunded,4641.0,PKR
PAY003932,O003932,2026-06-11 09:18:23,card,refunded,1240.15,PKR
PAY003933,O003933,2026-06-20 05:16:06,wallet,paid,2835.0,PKR
PAY003934,O003934,2026-08-28 22:11:42,cash,paid,5523.0,PKR
PAY003935,O003935,2026-08-04 05:27:37,card,cancelled,0.0,PKR
PAY003936,O003936,2026-07-24 21:24:48,cash,paid,3433.5,PKR
PAY003937,O003937,2026-08-06 11:29:05,card,paid,399.0,PKR
PAY003938,O003938,2026-06-02 13:52:31,card,paid,5050.5,PKR
PAY003939,O003939,2026-08-09 07:31:12,cash,paid,483.0,PKR
PAY003940,O003940,2026-07-20 00:00:22,cash,paid,9051.0,PKR
PAY003941,O003941,2026-08-11 00:02:51,card,paid,4186.35,PKR
PAY003942,O003942,2026-07-09 12:27:01,wallet,paid,3102.75,PKR
PAY003943,O003943,2026-06-19 08:00:54,cash,paid,3349.5,PKR
PAY003944,O003944,2026-07-15 04:37:41,wallet,paid,1275.75,PKR
PAY003945,O003945,2026-06-19 06:06:08,card,paid,3129.68,PKR
PAY003946,O003946,2026-06-25 06:48:37,card,paid,7953.75,PKR
PAY003947,O003947,2026-08-21 11:03:59,wallet,paid,1989.75,PKR
PAY003948,O003948,2026-07-06 02:57:43,wallet,paid,1766.73,PKR
PAY003949,O003949,2026-06-03 12:59:33,wallet,paid,2798.25,PKR
PAY003950,O003950,2026-08-05 17:25:33,wallet,paid,6345.36,PKR
PAY003951,O003951,2026-08-28 20:53:50,cash,paid,2419.2,PKR
PAY003952,O003952,2026-08-31 09:36:08,cash,cancelled,0.0,PKR
PAY003953,O003953,2026-06-13 11:51:21,cash,refunded,3378.69,PKR
PAY003954,O003954,2026-06-10 21:49:59,wallet,paid,1076.25,PKR
PAY003955,O003955,2026-08-02 16:26:09,card,paid,3245.76,PKR
PAY003956,O003956,2026-07-03 04:39:43,wallet,paid,7460.25,PKR
PAY003957,O003957,2026-08-20 14:56:59,wallet,paid,6877.5,PKR
PAY003958,O003958,2026-07-23 22:05:13,cash,refunded,4097.52,PKR
PAY003959,O003959,2026-07-15 10:39:14,card,paid,2976.75,PKR
PAY003960,O003960,2026-07-11 01:18:51,cash,paid,1842.75,PKR
PAY003961,O003961,2026-07-29 01:39:12,card,paid,443.52,PKR
PAY003962,O003962,2026-07-15 01:37:13,cash,paid,1454.25,PKR
PAY003963,O003963,2026-06-14 12:40:31,wallet,cancelled,0.0,PKR
PAY003964,O003964,2026-08-07 20:05:37,wallet,paid,1190.7,PKR
PAY003965,O003965,2026-08-06 13:01:24,card,paid,9198.0,PKR
PAY003966,O003966,2026-07-26 07:17:32,bank_transfer,paid,278.25,PKR
PAY003967,O003967,2026-07-02 02:34:51,cash,paid,4557.0,PKR
PAY003968,O003968,2026-06-08 22:43:18,wallet,cancelled,0.0,PKR
PAY003969,O003969,2026-07-08 02:37:13,wallet,paid,8158.5,PKR
PAY003970,O003970,2026-06-22 03:09:55,card,paid,5733.0,PKR
PAY003971,O003971,2026-07-18 22:03:11,card,paid,1659.0,PKR
PAY003972,O003972,2026-06-08 08:07:20,wallet,paid,9675.75,PKR
PAY003973,O003973,2026-07-16 19:02:49,card,paid,2509.5,PKR
PAY003974,O003974,2026-08-27 04:15:59,wallet,paid,4163.25,PKR
PAY003975,O003975,2026-07-30 18:52:56,wallet,paid,619.5,PKR
PAY003976,O003976,2026-06-17 21:38:00,card,paid,1963.5,PKR
PAY003977,O003977,2026-08-15 21:06:52,wallet,paid,939.75,PKR
PAY003978,O003978,2026-07-17 08:14:57,card,paid,4079.78,PKR
PAY003979,O003979,2026-08-06 08:17:21,cash,paid,3906.0,PKR
PAY003980,O003980,2026-08-07 06:06:02,cash,paid,897.12,PKR
PAY003981,O003981,2026-06-20 18:47:53,cash,paid,1538.46,PKR
PAY003982,O003982,2026-06-02 04:19:15,cash,paid,488.25,PKR
PAY003983,O003983,2026-07-17 14:15:56,cash,paid,2324.39,PKR
PAY003984,O003984,2026-07-19 18:28:11,cash,paid,5554.5,PKR
PAY003985,O003985,2026-08-03 13:41:39,card,cancelled,0.0,PKR
PAY003986,O003986,2026-07-09 11:02:36,bank_transfer,cancelled,0.0,PKR
PAY003987,O003987,2026-07-18 21:24:00,card,paid,6273.75,PKR
PAY003988,O003988,2026-07-18 14:03:03,wallet,paid,2919.0,PKR
PAY003989,O003989,2026-08-29 07:05:04,card,paid,3097.5,PKR
PAY003990,O003990,2026-08-31 13:44:36,wallet,paid,1312.5,PKR
PAY003991,O003991,2026-06-17 12:47:09,card,paid,1317.75,PKR
PAY003992,O003992,2026-06-30 23:03:25,cash,paid,2619.75,PKR
PAY003993,O003993,2026-08-16 15:10:19,cash,paid,3092.25,PKR
PAY003994,O003994,2026-07-06 23:25:27,wallet,paid,6751.5,PKR
PAY003995,O003995,2026-06-06 10:49:35,card,paid,1009.26,PKR
PAY003996,O003996,2026-07-17 14:29:58,cash,paid,2822.82,PKR
PAY003997,O003997,2026-07-31 02:19:25,cash,paid,498.75,PKR
PAY003998,O003998,2026-08-14 13:46:32,card,paid,5034.75,PKR
PAY003999,O003999,2026-07-19 01:34:05,card,paid,7371.0,PKR
PAY004000,O004000,2026-07-30 16:36:44,cash,paid,2541.0,PKR
